sheet,column,missing,missing_pct,pandas_inferred_dtype,python_types,n_unique,numeric_min,numeric_max,numeric_median,non_numeric_non_null,top_values
Dataset (up to Q1 2016),id,0,0.0,int64,int:49491,49486,1.0,59392.0,34652.0,0.0,
Dataset (up to Q1 2016),period,0,0.0,object,str:49491,17,,,,,2016_1Q (3410); 2015_4Q (3397); 2014_1Q (2983); 2014_2Q (2951); 2013_2Q (2948); 2013_3Q (2941); 2013_1Q (2924); 2012_3Q (2907)
Dataset (up to Q1 2016),source_code,0,0.0,object,str:49491,35,,,,,USA (6960); GBR (6405); AUS (3998)
Dataset (up to Q1 2016),source_name,0,0.0,object,str:49491,35,,,,,United States (6960); United Kingdom (6405); Australia (3998)
Dataset (up to Q1 2016),source_region,0,0.0,object,str:49491,4,,,,,.. (45452); Sub-Saharan Africa (2374); East Asia & Pacific (896); Latin America & Caribbean (769)
Dataset (up to Q1 2016),source_income,0,0.0,object,str:49491,5,,,,,High income: OECD (38722); High income: nonOECD (6454); Upper middle income (3224); Low income (978); Lower middle income (113)
Dataset (up to Q1 2016),source_lending,0,0.0,object,str:49491,3,,,,,.. (42712); IBRD (5688); IDA (1091)
Dataset (up to Q1 2016),source_G8G20,0,0.0,object,str:49491,3,,,,,G8/G20 (28373); .. (13748); G20 (7370)
Dataset (up to Q1 2016),destination_code,0,0.0,object,str:49491,105,,,,,PHL (5145); IND (3735); CHN (2824)
Dataset (up to Q1 2016),destination_name,0,0.0,object,str:49491,105,,,,,Philippines (5145); India (3735); China (2824)
Dataset (up to Q1 2016),destination_region,0,0.0,object,str:49491,7,,,,,East Asia & Pacific (14008); Sub-Saharan Africa (8699); Latin America & Caribbean (7970); South Asia (7497); Europe & Central Asia (6170); Middle East & North Africa (3491); .. (1656)
Dataset (up to Q1 2016),destination_income,0,0.0,object,str:49491,6,,,,,Lower middle income (24274); Upper middle income (16571); Low income (6990); High income: nonOECD (819); High income: OECD (716); .. (121)
Dataset (up to Q1 2016),destination_lending,0,0.0,object,str:49491,4,,,,,IBRD (29875); IDA (12050); Blend (6782); .. (784)
Dataset (up to Q1 2016),destination_G8G20,0,0.0,object,str:49491,2,,,,,.. (39216); G20 (10275)
Dataset (up to Q1 2016),firm,0,0.0,object,str:49491,637,,,,,Western Union (7051); MoneyGram (5644); Ria (1964)
Dataset (up to Q1 2016),firm_type,0,0.0,object,str:49491,10,,,,,Money Transfer Operator (34208); Bank (13242); Money Transfer Operator / Post office (723); Post office (701); Bank / Money Transfer Operator (381); Non-Bank FI (115); Bank/Post office (41); Mobile Operator (40)
Dataset (up to Q1 2016),product,0,0.0,object,str:49491,37,,,,,Cash to cash (19514); Account to account (9441); Online service (7671)
Dataset (up to Q1 2016),sending location,0,0.0,object,str:49491,9,,,,,"at Branch (17401); Not available (16559); On-line (7249); at Branch,Call Center (5941); at Branch,Call Center,On-line (1368); at Branch,On-line (526); Call Center,On-line (239); Call Center (182)"
Dataset (up to Q1 2016),speed actual,0,0.0,object,str:49491,7,,,,,Less than one hour (20181); 3-5 days (10799); Next day (6274); Same day (5847); 2 days (3760); 6 days or more (2620); N/A (10)
Dataset (up to Q1 2016),cc1 lcu amount,103,0.21,float64,"float:49388, missing:103",35,65.0,324500.0,200.0,0.0,
Dataset (up to Q1 2016),cc1 denomination amount,80,0.16,float64,"float:49411, missing:80",4,6.0,202.0,200.0,0.0,
Dataset (up to Q1 2016),cc1 lcu code,1,0.0,object,"str:49490, missing:1",28,,,,,EUR (13239); USD (7194); GBP (6405); AUD (3998); NZD (2526); JPY (1946); CAD (1853); RUB (1801)
Dataset (up to Q1 2016),cc1 lcu fee,6,0.01,float64,"float:49485, missing:6",979,0.0,146025.0,10.0,0.0,
Dataset (up to Q1 2016),cc1 lcu fx rate,0,0.0,float64,float:49491,17462,0.0003,28662.686,3.48,0.0,
Dataset (up to Q1 2016),cc1 fx margin,1,0.0,float64,"float:49490, missing:1",1615,-16.58,36.05,1.2,0.0,
Dataset (up to Q1 2016),cc1 total cost %,0,0.0,float64,float:49491,2940,-8.97,75.0,6.68,0.0,
Dataset (up to Q1 2016),cc2 lcu amount,1,0.0,float64,"float:49490, missing:1",39,0.0,811000.0,500.0,0.0,
Dataset (up to Q1 2016),cc2 denomination amount,78,0.16,float64,"float:49413, missing:78",3,500.0,502.0,500.0,0.0,
Dataset (up to Q1 2016),cc2 lcu code,4,0.01,object,"str:49487, missing:4",29,,,,,EUR (13239); USD (7227); GBP (6402); AUD (3958); NZD (2526); JPY (1945); CAD (1853); RUB (1802)
Dataset (up to Q1 2016),cc2 lcu fee,208,0.42,float64,"float:49283, missing:208",1058,0.0,145980.0,14.0,0.0,
Dataset (up to Q1 2016),cc2 lcu fx rate,294,0.59,float64,"float:49197, missing:294",17408,0.0003,28662.686,3.41,0.0,
Dataset (up to Q1 2016),cc2 fx margin,186,0.38,float64,"float:49305, missing:186",1620,-16.58,36.05,1.2,0.0,
Dataset (up to Q1 2016),cc2 total cost %,187,0.38,float64,"float:49304, missing:187",2022,-13.42,42.65,4.29,0.0,
Dataset (up to Q1 2016),inter lcu bank fx,0,0.0,float64,float:49491,3879,0.00031,29667.1,3.55,0.0,
Dataset (up to Q1 2016),transparent,0,0.0,object,str:49491,2,,,,,yes (45434); no (4057)
Dataset (up to Q1 2016),note1,31495,63.64,object,"missing:31495, str:17996",117,,,,,"This RSP is not transparent: the exchange rate applied to the transaction was not disclosed. The 0% in the exchange rate margin does NOT necessarily mean that there is no exchange rate cost, but rather that this cost is not disclosed to the sender at the time of sending. (3427); LCU service (1575); USD service (1512)"
Dataset (up to Q1 2016),note2,43768,88.44,object,"missing:43768, str:5723",142,,,,,"In this corridor RSPs send and pay out in RUB. At the point of collection, the money may be converted to the local currency. Remittance recipients may incur an additional cost (not shown here) if and when converting the RUB to the local currency. The 0% in the exchange rate margin does NOT necessarily mean that there is no exchange rate cost, but rather that this cost is not known by the sender at the time of sending. (1011); In this corridor all RSPs send and payout in EUR. The CFA is officially pegged to the EUR. At the point of collection, the money may need to be converted into the local currency. Remittance recipients may incur an additional cost (not shown here) if and when converting the EUR to the local currency. (677); In this corridor all RSPs send KRW and pay out USD. Remittance recipients may incur an additional cost (not shown here) if and when converting USD to the local currency. (486)"
Dataset (up to Q1 2016),coverage,18,0.04,object,"str:49473, missing:18",6,,,,,Nationwide (46632); Major cities (1094); Main city (850); Urban only (616); Rural only (279); N/A (2)
Dataset (up to Q1 2016),pick-up method,9388,18.97,object,"str:40103, missing:9388",31,,,,,Cash (21964); Bank Account (12193); Own/partner Bank Account (1349)
Dataset (up to Q1 2016),date,0,0.0,object,str:49491,125,,,,,14/May/2013 (1317); 19/Feb/2016 (1129); 07/Feb/2012 (1092)
Dataset (up to Q1 2016),corridor,0,0.0,object,str:49491,310,,,,,AUSPHL (865); USAPHL (600); SGPPHL (590)
Dataset (from Q2 2016),id,0,0.0,object,"int:191181, str:13288",204469,3240001.0,1220195176.0,625191644.0,0.0,
Dataset (from Q2 2016),period,0,0.0,object,str:204469,37,,,,,2022_4Q (7608); 2023_4Q (7588); 2023_1Q (7582)
Dataset (from Q2 2016),source_code,0,0.0,object,str:204469,49,,,,,USA (29542); GBR (23857); ITA (15334)
Dataset (from Q2 2016),source_name,0,0.0,object,str:204469,51,,,,,United States (29542); United Kingdom (23857); Italy (15334)
Dataset (from Q2 2016),source_region,0,0.0,object,str:204469,8,,,,,".. (178796); Sub-Saharan Africa (11183); East Asia & Pacific (9774); South Asia (1476); Latin America & Caribbean (1456); Middle East & North Africa (1324); Europe & Central Asia (426); Middle East, North Africa, Afghanistan & Pakistan (34)"
Dataset (from Q2 2016),source_income,0,0.0,object,str:204469,5,,,,,High income (177359); Upper middle income (20484); Lower middle income (5101); Low income (1507); Lower income (18)
Dataset (from Q2 2016),source_lending,0,0.0,object,str:204469,4,,,,,.. (175978); IBRD (23877); Blend (2792); IDA (1822)
Dataset (from Q2 2016),source_G8G20,0,0.0,object,str:204469,3,,,,,G8/G20 (106770); .. (71450); G20 (26249)
Dataset (from Q2 2016),destination_code,0,0.0,object,str:204469,105,,,,,IND (15757); PHL (14613); VNM (8936)
Dataset (from Q2 2016),destination_name,0,0.0,object,str:204469,108,,,,,India (15757); Philippines (14613); Vietnam (8936)
Dataset (from Q2 2016),destination_region,0,0.0,object,str:204469,8,,,,,"East Asia & Pacific (51771); Sub-Saharan Africa (41536); South Asia (39898); Latin America & Caribbean (25581); Europe & Central Asia (23196); Middle East & North Africa (17831); .. (3872); Middle East, North Africa, Afghanistan & Pakistan (784)"
Dataset (from Q2 2016),destination_income,0,0.0,object,str:204469,5,,,,,Lower middle income (113072); Upper middle income (59862); Low income (22470); High income (7593); Lower income (1472)
Dataset (from Q2 2016),destination_lending,0,0.0,object,str:204469,4,,,,,IBRD (125743); IDA (53347); Blend (22243); .. (3136)
Dataset (from Q2 2016),destination_G8G20,0,0.0,object,str:204469,2,,,,,.. (164393); G20 (40076)
Dataset (from Q2 2016),firm,0,0.0,object,str:204469,713,,,,,Western Union (34711); MoneyGram (27042); Ria (12607)
Dataset (from Q2 2016),firm_type,0,0.0,object,str:204469,11,,,,,Money Transfer Operator (165547); Bank (32475); Money Transfer Operator / Post office (1893); Post office (1698); Bank / Money Transfer Operator (1383); Mobile Operator (1037); Non-Bank FI (182); Money Transfer Operator / Post Office (103)
Dataset (from Q2 2016),payment instrument,0,0.0,object,str:204469,26,,,,,"Cash (65699); Bank account transfer (58764); Debit card (23922); Credit Card (16421); Debit/credit card (10566); Bank account transfer,Debit/credit card (10288); Credit Card,Debit card (4005); Cash,Debit/credit card (3841)"
Dataset (from Q2 2016),access point,0,0.0,object,str:204469,22,,,,,"Internet (99969); Agent (69702); Bank branch (13385); Bank branch,Call Center (6183); Call Center (3020); Agent,Internet (2628); Agent,Call Center (2108); Post Office branch (1752)"
Dataset (from Q2 2016),speed actual,0,0.0,object,str:204469,9,,,,,Less than one hour (101908); Same day (28073); 2 days (26634); Next day (23467); 3-5 days (22168); 6 days or more (2214); less than one hour (3); 1-3 days (1)
Dataset (from Q2 2016),cc1 lcu amount,0,0.0,object,"int:191178, str:13291",65,65.0,324500.0,200.0,0.0,
Dataset (from Q2 2016),cc1 denomination amount,0,0.0,object,"int:191178, str:13291",2,200.0,200.0,200.0,0.0,
Dataset (from Q2 2016),cc1 lcu code,0,0.0,object,str:204469,43,,,,,EUR (56352); USD (29744); GBP (23857)
Dataset (from Q2 2016),cc1 lcu fee,22,0.01,object,"int:105890, float:85272, str:13285, missing:22",3962,0.0,246420.0,6.24,0.0,
Dataset (from Q2 2016),cc1 lcu fx rate,22,0.01,object,"float:160756, int:30407, str:13284, missing:22",80135,0.0004,121020.22,12.71,0.0,
Dataset (from Q2 2016),cc1 fx margin,18,0.01,object,"float:161503, int:29664, str:13284, missing:18",2948,-67.48,59.98,1.47,0.0,
Dataset (from Q2 2016),cc1 total cost %,18,0.01,object,"float:181592, str:13284, int:9575, missing:18",4673,-58.92,307.2,5.04,0.0,
Dataset (from Q2 2016),cc2 lcu amount,0,0.0,object,"int:191178, str:13291",72,150.0,811000.0,500.0,0.0,
Dataset (from Q2 2016),cc2 denomination amount,0,0.0,object,"int:191178, str:13291",2,500.0,500.0,500.0,0.0,
Dataset (from Q2 2016),cc2 lcu code,0,0.0,object,str:204469,43,,,,,EUR (56352); USD (29744); GBP (23857)
Dataset (from Q2 2016),cc2 lcu fee,1072,0.52,object,"int:108785, float:81400, str:13212, missing:1072",4572,0.0,344537.0,8.0,0.0,
Dataset (from Q2 2016),cc2 lcu fx rate,1072,0.52,object,"float:159929, int:30255, str:13213, missing:1072",79790,0.0004,121020.22,12.5542,0.0,
Dataset (from Q2 2016),cc2 fx margin,1071,0.52,object,"float:160681, int:29504, str:13213, missing:1071",2935,-68.09,59.98,1.46,0.0,
Dataset (from Q2 2016),cc2 total cost %,1072,0.52,object,"float:182927, str:13212, int:7258, missing:1072",3490,-60.81,125.91,3.4,0.0,
Dataset (from Q2 2016),inter lcu bank fx,0,0.0,object,"float:165922, int:25260, str:13287",52576,0.0,121418.109799999,13.077200903,0.0,
Dataset (from Q2 2016),transparent,0,0.0,object,str:204469,3,,,,,yes (187991); Yes (13117); no (3361)
Dataset (from Q2 2016),Standard Note,155892,76.24,object,"missing:155892, str:48577",184,,,,,"Account required for detailed price info (6142); This RSP is not transparent: the exchange rate applied to the transaction was not disclosed. The 0% in the exchange rate margin does NOT necessarily mean that there is no exchange rate cost, but rather that this cost is not disclosed to the sender at the time of sending. (3000); This RSP sends and pays out in EUR in this corridor.  At the point of collection, the money may be converted to the local currency or paid out in EUR. Remittance recipients may incur an additional cost (not shown here) if and when converting the EUR to the local currency. (2685)"
Dataset (from Q2 2016),note2,204181,99.86,object,"missing:204181, str:288",37,,,,,"Transferwise has changed its name to 'Wise' (84); In this corridor all RSPs send and pay out in USD.  At the point of collection, the money may be converted to the local currency  or paid out in USD. Remittance recipients may incur an additional cost (not shown here) if and when converting the USD to the local currency. (20); In this corridor all RSPs send TZS and pay out USD. Remittance recipients may incur an additional cost (not shown here) if and when converting USD to the local currency. (18)"
Dataset (from Q2 2016),receiving network coverage,0,0.0,object,str:204469,4,,,,,High (146982); Medium (45385); Low (12090); low (12)
Dataset (from Q2 2016),pickup location,115614,56.54,object,"missing:115614, str:88855",16,,,,,"Agent (84958); Bank branch (2105); Home delivery (1173); ATM network (386); Agent, Home delivery (145); ATM Network (27); Home Delivery (25); ATM network, Bank account (13)"
Dataset (from Q2 2016),pickup method,0,0.0,object,str:204469,10,,,,,Cash (118745); Bank account (72594); Mobile wallet (9207); Own/partner bank account (2302); Bank account (same/partner bank) (1210); Own/partner Bank account (204); Debit card (131); ATM Network (62)
Dataset (from Q2 2016),date,0,0.0,object,"str:191352, datetime:13117",878,,,,,23/Aug/2024 (3278); 30/Nov/2022 (3267); 2025-08-20 00:00:00 (3104)
Dataset (from Q2 2016),corridor,0,0.0,object,str:204469,372,,,,,USAPHL (1911); GBRPHL (1482); JPNPHL (1396)
Dataset (from Q2 2016),Unnamed: 42,197999,96.84,float64,"missing:197999, float:6470",1,,,,,2025.0 (6470)
Dataset (from Q2 2016),Unnamed: 43,197999,96.84,object,"missing:197999, str:6470",46,,,,,USA2025 (1010); GBR2025 (791); DEU2025 (491)
Dataset (from Q2 2016),Unnamed: 44,197999,96.84,object,"missing:197999, str:6470",97,,,,,IND2025 (472); PHL2025 (439); VNM2025 (276)
Dataset (from Q2 2016),Unnamed: 45,197999,96.84,object,"missing:197999, str:6470",46,,,,,USA2026 (1010); GBR2026 (791); DEU2026 (491)
Dataset (from Q2 2016),Unnamed: 46,197999,96.84,object,"missing:197999, str:6470",97,,,,,IND2026 (472); PHL2026 (439); VNM2026 (276)
