column_letter,header,cells_in_xml,cells_with_value,formula_cells,formula_cells_with_cached_value,formulas_referencing_external_workbook,formula_examples
A,id,204470,204469,0,0,0,
B,period,204470,204469,0,0,0,
C,source_code,204470,204469,0,0,0,
D,source_name,204470,204469,0,0,0,
E,source_region,204470,204469,0,0,0,
F,source_income,204470,204469,0,0,0,
G,source_lending,204470,204469,0,0,0,
H,source_G8G20,204470,204469,0,0,0,
I,destination_code,204470,204469,0,0,0,
J,destination_name,204470,204469,37,37,37,"J133066: =VLOOKUP(I133066,[1]Countries!A$3:F$217,2,FALSE) | J133143: =VLOOKUP(I133143,[1]Countries!A$3:F$217,2,FALSE) | J133144: =VLOOKUP(I133144,[1]Countries!A$3:F$217,2,FALSE)"
K,destination_region,204470,204469,2,2,2,"K137290: =VLOOKUP(I137290,[1]Countries!A$3:F$217,3,FALSE) | K137291: =VLOOKUP(I137291,[1]Countries!A$3:F$217,3,FALSE)"
L,destination_income,204470,204469,0,0,0,
M,destination_lending,204470,204469,0,0,0,
N,destination_G8G20,204470,204469,0,0,0,
O,firm,204470,204469,0,0,0,
P,firm_type,204470,204469,0,0,0,
Q,payment instrument,204470,204469,0,0,0,
R,access point,204470,204469,0,0,0,
S,speed actual,204470,204469,0,0,0,
T,cc1 lcu amount,204470,204469,0,0,0,
U,cc1 denomination amount,204470,204469,0,0,0,
V,cc1 lcu code,204470,204469,0,0,0,
W,cc1 lcu fee,204468,204467,0,0,0,
X,cc1 lcu fx rate,204468,204467,0,0,0,
Y,cc1 fx margin,204467,204466,0,0,0,
Z,cc1 total cost %,204467,204466,0,0,0,
AA,cc2 lcu amount,204470,204469,0,0,0,
AB,cc2 denomination amount,204470,204469,0,0,0,
AC,cc2 lcu code,204470,204469,0,0,0,
AD,cc2 lcu fee,204324,204323,0,0,0,
AE,cc2 lcu fx rate,204324,204323,0,0,0,
AF,cc2 fx margin,204324,204323,0,0,0,
AG,cc2 total cost %,204359,204324,0,0,0,
AH,inter lcu bank fx,204470,204469,0,0,0,
AI,transparent,204470,204469,0,0,0,
AJ,Standard Note,191180,191179,0,0,0,
AK,note2,42854,42105,0,0,0,
AL,receiving network coverage,204470,204469,0,0,0,
AM,pickup location,198845,198844,0,0,0,
AN,pickup method,204470,204469,0,0,0,
AO,date,204470,204469,0,0,0,
AP,corridor,204470,204469,6651,6651,0,AP184699: =C184699&I184699 | AP184763: =C184763&I184763 | AP184827: =C184827&I184827
AQ,,6470,6470,0,0,0,
AR,,6470,6470,0,0,0,
AS,,6470,6470,0,0,0,
AT,,6470,6470,0,0,0,
AU,,6470,6470,0,0,0,
BM,,1,0,0,0,0,
BR,,1,0,0,0,0,
BS,,1,0,0,0,0,
BT,,1,0,0,0,0,
BU,,1,0,0,0,0,
BV,,1,0,0,0,0,
