period,pre,post
2011_1Q,2603.0,
2011_3Q,2668.0,
2012_1Q,2638.0,
2012_3Q,2907.0,
2013_1Q,2924.0,
2013_2Q,2948.0,
2013_3Q,2941.0,
2013_4Q,2904.0,
2014_1Q,2983.0,
2014_2Q,2951.0,
2014_3Q,2890.0,
2014_4Q,2881.0,
2015_1Q,2821.0,
2015_2Q,2794.0,
2015_3Q,2831.0,
2015_4Q,3397.0,
2016_1Q,3410.0,
2016_2Q,,3905.0
2016_3Q,,3958.0
2016_4Q,,3932.0
2017_1Q,,3954.0
2017_2Q,,4093.0
2017_3Q,,4174.0
2017_4Q,,4185.0
2018_1Q,,4217.0
2018_2Q,,4270.0
2018_3Q,,4423.0
2018_4Q,,4637.0
2019_1Q,,4757.0
2019_2Q,,4952.0
2019_3Q,,5123.0
2019_4Q,,5176.0
2020_1Q,,5197.0
2020_2Q,,4878.0
2020_3Q,,4912.0
2020_4Q,,4897.0
2021_1Q,,4871.0
2021_2Q,,5507.0
2021_3Q,,5746.0
2021_4Q,,5986.0
2022_1Q,,6034.0
2022_2Q,,5892.0
2022_3Q,,5704.0
2022_4Q,,7608.0
2023_1Q,,7582.0
2023_2Q,,7581.0
2023_3Q,,7537.0
2023_4Q,,7588.0
2024_1Q,,7467.0
2024_2Q,,7318.0
2024_3Q,,6636.0
2024_4Q,,6655.0
2025_1Q,,6647.0
2025_3Q,,6470.0
