corridor_key,source_code,destination_code,destination_region,quotes,median_total,share_cash,share_wallet,share_bank,wise_surveyed,source_has_wise
AGONAM,AGO,NAM,Sub-Saharan Africa,7,12.88,100.0,0.0,0.0,False,False
AREBGD,ARE,BGD,South Asia,34,6.375,82.35294117647058,0.0,17.647058823529413,True,True
AREEGY,ARE,EGY,Middle East & North Africa,61,3.06,37.704918032786885,0.0,62.295081967213115,True,True
AREIDN,ARE,IDN,East Asia & Pacific,30,4.915,80.0,0.0,20.0,True,True
AREIND,ARE,IND,South Asia,91,3.06,35.16483516483517,0.0,64.83516483516483,False,True
AREJOR,ARE,JOR,Middle East & North Africa,24,5.29,100.0,0.0,0.0,False,True
ARELKA,ARE,LKA,South Asia,70,2.5,45.714285714285715,0.0,54.285714285714285,True,True
ARENPL,ARE,NPL,South Asia,66,2.965,36.36363636363637,0.0,63.63636363636363,True,True
AREPAK,ARE,PAK,South Asia,66,0.175,60.60606060606061,0.0,39.39393939393939,True,True
AREPHL,ARE,PHL,East Asia & Pacific,82,3.43,39.02439024390244,0.0,60.97560975609756,True,True
ARESDN,ARE,SDN,Sub-Saharan Africa,16,14.705,100.0,0.0,0.0,False,True
ARESSD,ARE,SSD,Sub-Saharan Africa,12,2.97,100.0,0.0,0.0,False,True
AREYEM,ARE,YEM,Middle East & North Africa,24,4.91,100.0,0.0,0.0,False,True
AUSCHN,AUS,CHN,East Asia & Pacific,64,3.1899999999999995,25.0,12.5,62.5,True,True
AUSFJI,AUS,FJI,East Asia & Pacific,95,4.22,28.421052631578945,36.84210526315789,34.73684210526316,False,True
AUSIDN,AUS,IDN,East Asia & Pacific,79,3.21,35.44303797468354,0.0,64.55696202531645,True,True
AUSIND,AUS,IND,South Asia,141,3.26,18.439716312056735,2.8368794326241136,78.72340425531915,True,True
AUSLBN,AUS,LBN,Middle East & North Africa,123,8.05,21.951219512195124,0.0,70.73170731707317,False,True
AUSLKA,AUS,LKA,South Asia,95,3.64,49.473684210526315,4.2105263157894735,46.31578947368421,True,True
AUSMYS,AUS,MYS,East Asia & Pacific,89,3.55,37.07865168539326,0.0,62.92134831460674,True,True
AUSPAK,AUS,PAK,South Asia,106,1.79,58.490566037735846,15.09433962264151,26.41509433962264,True,True
AUSPHL,AUS,PHL,East Asia & Pacific,130,3.34,53.07692307692308,11.538461538461538,35.38461538461539,True,True
AUSSOM,AUS,SOM,Sub-Saharan Africa,41,3.86,58.536585365853654,19.51219512195122,21.951219512195124,False,True
AUSTHA,AUS,THA,East Asia & Pacific,79,4.16,44.303797468354425,0.0,55.69620253164557,True,True
AUSTON,AUS,TON,East Asia & Pacific,70,6.48,60.0,11.428571428571429,28.57142857142857,False,True
AUSVNM,AUS,VNM,East Asia & Pacific,78,3.96,48.717948717948715,5.128205128205128,46.15384615384615,True,True
AUSVUT,AUS,VUT,East Asia & Pacific,53,8.31,35.84905660377358,0.0,64.15094339622641,False,True
AUSWSM,AUS,WSM,East Asia & Pacific,66,6.845,57.57575757575758,12.121212121212121,30.303030303030305,False,True
AUSZWE,AUS,ZWE,Sub-Saharan Africa,83,5.44,51.80722891566265,19.27710843373494,28.915662650602407,False,True
AUTBIH,AUT,BIH,Europe & Central Asia,59,6.09,49.152542372881356,0.0,50.847457627118644,False,True
AUTHRV,AUT,HRV,..,83,2.85,36.144578313253014,9.63855421686747,54.21686746987952,True,True
AUTHUN,AUT,HUN,Europe & Central Asia,70,3.97,37.142857142857146,0.0,62.857142857142854,True,True
AUTKSV,AUT,KSV,Europe & Central Asia,77,4.45,50.649350649350644,0.0,33.76623376623377,True,True
AUTSRB,AUT,SRB,Europe & Central Asia,65,4.7,60.0,0.0,40.0,False,True
AUTTUR,AUT,TUR,Europe & Central Asia,121,3.92,45.45454545454545,0.0,54.54545454545454,True,True
BELCOD,BEL,COD,Sub-Saharan Africa,72,5.555,63.888888888888886,36.11111111111111,0.0,False,True
BELDZA,BEL,DZA,Middle East & North Africa,15,2.44,0.0,0.0,100.0,False,True
BELMAR,BEL,MAR,Middle East & North Africa,118,3.975,60.16949152542372,0.0,39.83050847457627,True,True
BELTUR,BEL,TUR,Europe & Central Asia,100,4.279999999999999,84.0,0.0,16.0,True,True
BHRBGD,BHR,BGD,South Asia,53,5.39,69.81132075471697,0.0,30.18867924528302,False,False
BHREGY,BHR,EGY,Middle East & North Africa,24,3.39,100.0,0.0,0.0,False,False
BHRIND,BHR,IND,South Asia,44,2.635,56.81818181818182,0.0,43.18181818181818,False,False
BHRPAK,BHR,PAK,South Asia,34,0.08499999999999999,76.47058823529412,0.0,23.52941176470588,False,False
BRABOL,BRA,BOL,Latin America & Caribbean,20,9.545,65.0,0.0,35.0,False,False
BRAPER,BRA,PER,Latin America & Caribbean,22,6.755,63.63636363636363,0.0,31.818181818181817,False,False
BRAPRY,BRA,PRY,Latin America & Caribbean,28,7.1850000000000005,67.85714285714286,0.0,32.142857142857146,False,False
CANCHN,CAN,CHN,East Asia & Pacific,62,6.25,54.83870967741935,0.0,45.16129032258064,False,True
CANGHA,CAN,GHA,Sub-Saharan Africa,89,6.17,50.56179775280899,34.831460674157306,14.606741573033707,True,True
CANGUY,CAN,GUY,Latin America & Caribbean,49,9.09,100.0,0.0,0.0,False,True
CANHTI,CAN,HTI,Latin America & Caribbean,61,5.53,86.88524590163934,0.0,13.114754098360656,False,True
CANIND,CAN,IND,South Asia,137,3.61,44.52554744525548,0.0,55.47445255474452,False,True
CANJAM,CAN,JAM,Latin America & Caribbean,63,5.26,93.65079365079364,0.0,6.349206349206349,False,True
CANKEN,CAN,KEN,Sub-Saharan Africa,102,7.175000000000001,50.98039215686274,33.33333333333333,15.686274509803921,True,True
CANLBN,CAN,LBN,Middle East & North Africa,38,6.965,78.94736842105263,0.0,21.052631578947366,False,True
CANLKA,CAN,LKA,South Asia,45,5.64,91.11111111111111,0.0,8.88888888888889,True,True
CANNGA,CAN,NGA,Sub-Saharan Africa,52,3.59,71.15384615384616,0.0,28.846153846153843,False,True
CANPAK,CAN,PAK,South Asia,88,4.36,77.27272727272727,13.636363636363635,9.090909090909092,True,True
CANPHL,CAN,PHL,East Asia & Pacific,168,4.045,66.66666666666666,7.142857142857142,26.190476190476193,True,True
CANRWA,CAN,RWA,Sub-Saharan Africa,67,6.29,70.1492537313433,29.850746268656714,0.0,False,True
CANVNM,CAN,VNM,East Asia & Pacific,82,5.465,68.29268292682927,0.0,31.70731707317073,True,True
CANZWE,CAN,ZWE,Sub-Saharan Africa,74,6.055,56.75675675675676,27.027027027027028,16.216216216216218,False,True
CHEALB,CHE,ALB,Europe & Central Asia,37,8.25,81.08108108108108,0.0,18.91891891891892,False,True
CHEHUN,CHE,HUN,Europe & Central Asia,58,3.9749999999999996,46.55172413793103,0.0,53.44827586206896,True,True
CHEKSV,CHE,KSV,Europe & Central Asia,38,8.44,71.05263157894737,0.0,28.947368421052634,False,True
CHELKA,CHE,LKA,South Asia,72,4.92,37.5,0.0,62.5,True,True
CHESRB,CHE,SRB,Europe & Central Asia,44,6.199999999999999,86.36363636363636,0.0,13.636363636363635,False,True
CHLPER,CHL,PER,Latin America & Caribbean,28,5.0,100.0,0.0,0.0,False,False
CIVMLI,CIV,MLI,Sub-Saharan Africa,34,2.58,64.70588235294117,23.52941176470588,11.76470588235294,False,False
CMRNGA,CMR,NGA,Sub-Saharan Africa,8,4.574999999999999,100.0,0.0,0.0,False,False
CRINIC,CRI,NIC,Latin America & Caribbean,36,2.75,44.44444444444444,0.0,55.55555555555556,False,False
CZEUKR,CZE,UKR,Europe & Central Asia,63,3.85,30.158730158730158,0.0,69.84126984126983,True,True
CZEVNM,CZE,VNM,East Asia & Pacific,70,5.395,41.42857142857143,0.0,58.57142857142858,True,True
DEUAFG,DEU,AFG,South Asia,23,7.829999999999999,100.0,0.0,0.0,False,True
DEUALB,DEU,ALB,Europe & Central Asia,27,4.42,100.0,0.0,0.0,False,True
DEUBGR,DEU,BGR,Europe & Central Asia,94,3.56,51.06382978723404,0.0,48.93617021276596,True,True
DEUBIH,DEU,BIH,Europe & Central Asia,52,4.35,69.23076923076923,0.0,25.0,False,True
DEUCHN,DEU,CHN,East Asia & Pacific,64,8.16,37.5,0.0,62.5,False,True
DEUGHA,DEU,GHA,Sub-Saharan Africa,134,4.18,50.0,32.08955223880597,17.91044776119403,False,True
DEUHRV,DEU,HRV,..,77,3.56,38.961038961038966,0.0,61.038961038961034,False,True
DEUHUN,DEU,HUN,Europe & Central Asia,66,6.41,40.909090909090914,0.0,59.09090909090909,True,True
DEUIND,DEU,IND,South Asia,98,2.87,44.89795918367347,0.0,55.10204081632652,False,True
DEUKGZ,DEU,KGZ,Europe & Central Asia,29,7.140000000000001,79.3103448275862,0.0,20.689655172413794,False,True
DEUKSV,DEU,KSV,Europe & Central Asia,36,4.275,83.33333333333334,0.0,16.666666666666664,True,True
DEULBN,DEU,LBN,Middle East & North Africa,23,5.56,100.0,0.0,0.0,False,True
DEUMAR,DEU,MAR,Middle East & North Africa,123,4.27,52.03252032520326,12.195121951219512,35.77235772357724,True,True
DEUMDA,DEU,MDA,Europe & Central Asia,49,3.56,83.6734693877551,0.0,16.3265306122449,False,True
DEUMKD,DEU,MKD,Europe & Central Asia,28,3.56,100.0,0.0,0.0,False,True
DEUNGA,DEU,NGA,Sub-Saharan Africa,100,2.51,53.0,1.0,46.0,False,True
DEUROU,DEU,ROU,Europe & Central Asia,159,2.76,44.0251572327044,0.0,55.9748427672956,False,True
DEUSRB,DEU,SRB,Europe & Central Asia,71,3.56,60.56338028169014,0.0,39.436619718309856,False,True
DEUTGO,DEU,TGO,Sub-Saharan Africa,57,4.26,80.7017543859649,14.035087719298245,5.263157894736842,False,True
DEUTHA,DEU,THA,East Asia & Pacific,79,4.45,48.10126582278481,0.0,51.89873417721519,False,True
DEUTJK,DEU,TJK,Europe & Central Asia,25,2.9499999999999997,0.0,0.0,32.0,False,True
DEUTUR,DEU,TUR,Europe & Central Asia,107,3.17,79.43925233644859,0.0,20.5607476635514,True,True
DEUUKR,DEU,UKR,Europe & Central Asia,64,2.81,68.75,0.0,31.25,True,True
DEUVNM,DEU,VNM,East Asia & Pacific,122,2.68,44.26229508196721,27.049180327868854,28.688524590163933,False,True
DOMHTI,DOM,HTI,Latin America & Caribbean,12,7.62,100.0,0.0,0.0,False,False
ESPBGR,ESP,BGR,Europe & Central Asia,59,4.390000000000001,57.6271186440678,0.0,42.3728813559322,True,True
ESPBOL,ESP,BOL,Latin America & Caribbean,52,4.199999999999999,86.53846153846155,0.0,13.461538461538462,False,True
ESPBRA,ESP,BRA,Latin America & Caribbean,75,4.26,33.33333333333333,0.0,66.66666666666666,True,True
ESPCHN,ESP,CHN,East Asia & Pacific,51,5.41,21.568627450980394,0.0,78.43137254901961,True,True
ESPCOL,ESP,COL,Latin America & Caribbean,92,4.505,70.65217391304348,13.043478260869565,16.304347826086957,False,True
ESPDOM,ESP,DOM,Latin America & Caribbean,57,4.65,94.73684210526315,0.0,5.263157894736842,False,True
ESPECU,ESP,ECU,Latin America & Caribbean,67,4.21,71.64179104477611,0.0,28.35820895522388,False,True
ESPHND,ESP,HND,Latin America & Caribbean,66,4.57,63.63636363636363,0.0,36.36363636363637,False,True
ESPMAR,ESP,MAR,Middle East & North Africa,93,4.17,61.29032258064516,0.0,38.70967741935484,False,True
ESPNGA,ESP,NGA,Sub-Saharan Africa,64,3.23,64.0625,0.0,35.9375,False,True
ESPPER,ESP,PER,Latin America & Caribbean,60,3.44,81.66666666666667,0.0,18.333333333333332,False,True
ESPPHL,ESP,PHL,East Asia & Pacific,104,3.02,50.0,19.230769230769234,30.76923076923077,True,True
ESPROU,ESP,ROU,Europe & Central Asia,73,2.72,56.16438356164384,0.0,43.83561643835616,True,True
FRACHN,FRA,CHN,East Asia & Pacific,78,4.275,34.61538461538461,19.230769230769234,46.15384615384615,True,True
FRACIV,FRA,CIV,Sub-Saharan Africa,94,4.42,65.95744680851064,25.53191489361702,8.51063829787234,False,True
FRACMR,FRA,CMR,Sub-Saharan Africa,89,4.33,58.42696629213483,32.58426966292135,8.98876404494382,False,True
FRACOM,FRA,COM,Sub-Saharan Africa,60,5.4,86.66666666666667,0.0,13.333333333333334,False,True
FRADZA,FRA,DZA,Middle East & North Africa,4,2.505,0.0,0.0,100.0,False,True
FRAHTI,FRA,HTI,Latin America & Caribbean,36,4.99,77.77777777777779,22.22222222222222,0.0,False,True
FRAIND,FRA,IND,South Asia,106,4.225,33.9622641509434,0.0,66.0377358490566,True,True
FRALBN,FRA,LBN,Middle East & North Africa,47,5.1,82.97872340425532,0.0,0.0,False,True
FRAMAR,FRA,MAR,Middle East & North Africa,157,3.99,51.59235668789809,5.095541401273886,43.31210191082803,True,True
FRAMDG,FRA,MDG,Sub-Saharan Africa,59,4.88,59.32203389830508,40.67796610169492,0.0,False,True
FRAMLI,FRA,MLI,Sub-Saharan Africa,58,4.23,86.20689655172413,13.793103448275861,0.0,False,True
FRASEN,FRA,SEN,Sub-Saharan Africa,97,3.09,72.16494845360825,19.587628865979383,8.24742268041237,False,True
FRASRB,FRA,SRB,Europe & Central Asia,47,6.71,82.97872340425532,0.0,17.02127659574468,False,True
FRATGO,FRA,TGO,Sub-Saharan Africa,66,4.29,83.33333333333334,4.545454545454546,12.121212121212121,False,True
FRATUN,FRA,TUN,Middle East & North Africa,84,4.42,72.61904761904762,0.0,27.380952380952383,False,True
FRAVNM,FRA,VNM,East Asia & Pacific,72,3.03,55.55555555555556,11.11111111111111,33.33333333333333,True,True
GBRAFG,GBR,AFG,South Asia,21,10.96,100.0,0.0,0.0,False,True
GBRALB,GBR,ALB,Europe & Central Asia,118,6.2,86.4406779661017,0.0,13.559322033898304,False,True
GBRBGD,GBR,BGD,South Asia,144,5.095,44.44444444444444,22.22222222222222,33.33333333333333,True,True
GBRBGR,GBR,BGR,Europe & Central Asia,89,5.99,60.67415730337079,3.3707865168539324,35.95505617977528,True,True
GBRBRA,GBR,BRA,Latin America & Caribbean,103,3.41,27.184466019417474,14.563106796116504,58.252427184466015,True,True
GBRCHN,GBR,CHN,East Asia & Pacific,86,4.140000000000001,29.069767441860467,3.488372093023256,67.44186046511628,True,True
GBRERI,GBR,ERI,Sub-Saharan Africa,53,6.34,100.0,0.0,0.0,False,True
GBRETH,GBR,ETH,Sub-Saharan Africa,74,6.41,70.27027027027027,8.108108108108109,21.62162162162162,False,True
GBRGHA,GBR,GHA,Sub-Saharan Africa,159,2.33,49.685534591194966,40.88050314465409,9.433962264150944,True,True
GBRGMB,GBR,GMB,Sub-Saharan Africa,91,11.16,85.71428571428571,0.0,14.285714285714285,False,True
GBRIND,GBR,IND,South Asia,117,2.46,40.17094017094017,0.0,59.82905982905983,True,True
GBRJAM,GBR,JAM,Latin America & Caribbean,83,5.94,80.72289156626506,0.0,19.27710843373494,False,True
GBRKEN,GBR,KEN,Sub-Saharan Africa,127,3.36,40.94488188976378,40.15748031496063,18.89763779527559,True,True
GBRLBN,GBR,LBN,Middle East & North Africa,63,5.19,90.47619047619048,0.0,0.0,False,True
GBRLKA,GBR,LKA,South Asia,109,3.42,57.798165137614674,0.0,42.201834862385326,True,True
GBRLTU,GBR,LTU,..,114,4.41,42.98245614035088,0.0,57.01754385964912,False,True
GBRNGA,GBR,NGA,Sub-Saharan Africa,88,2.12,47.72727272727273,0.0,52.27272727272727,False,True
GBRNPL,GBR,NPL,South Asia,103,2.64,54.36893203883495,11.650485436893204,33.980582524271846,True,True
GBRPAK,GBR,PAK,South Asia,128,1.495,62.5,9.375,28.125,True,True
GBRPHL,GBR,PHL,East Asia & Pacific,177,3.5700000000000003,48.58757062146893,12.994350282485875,38.4180790960452,True,True
GBRPOL,GBR,POL,..,130,1.935,31.538461538461537,0.0,68.46153846153847,True,True
GBRROU,GBR,ROU,Europe & Central Asia,99,3.11,48.484848484848484,0.0,51.515151515151516,True,True
GBRRWA,GBR,RWA,Sub-Saharan Africa,84,5.63,58.333333333333336,25.0,16.666666666666664,False,True
GBRSLE,GBR,SLE,Sub-Saharan Africa,81,4.4,85.18518518518519,0.0,14.814814814814813,False,True
GBRSOM,GBR,SOM,Sub-Saharan Africa,67,6.37,76.11940298507463,23.88059701492537,0.0,False,True
GBRSSD,GBR,SSD,Sub-Saharan Africa,34,8.32,100.0,0.0,0.0,False,True
GBRTHA,GBR,THA,East Asia & Pacific,112,4.265000000000001,50.0,0.0,39.285714285714285,True,True
GBRTZA,GBR,TZA,Sub-Saharan Africa,106,3.51,43.39622641509434,33.9622641509434,22.641509433962266,True,True
GBRUGA,GBR,UGA,Sub-Saharan Africa,134,4.4,40.298507462686565,41.7910447761194,17.91044776119403,True,True
GBRVNM,GBR,VNM,East Asia & Pacific,105,3.79,56.19047619047619,0.0,43.80952380952381,True,True
GBRZAF,GBR,ZAF,Sub-Saharan Africa,99,5.83,53.535353535353536,0.0,46.464646464646464,True,True
GBRZMB,GBR,ZMB,Sub-Saharan Africa,103,4.93,62.13592233009708,17.475728155339805,17.475728155339805,False,True
GBRZWE,GBR,ZWE,Sub-Saharan Africa,101,4.67,64.35643564356435,23.762376237623762,11.881188118811881,False,True
GHANGA,GHA,NGA,Sub-Saharan Africa,28,11.1,28.57142857142857,0.0,71.42857142857143,False,False
INDLKA,IND,LKA,South Asia,38,4.83,0.0,15.789473684210526,84.21052631578947,False,False
INDNPL,IND,NPL,South Asia,90,1.65,17.77777777777778,6.666666666666667,75.55555555555556,False,False
ISRMAR,ISR,MAR,Middle East & North Africa,12,13.785,66.66666666666666,0.0,33.33333333333333,False,False
ITAALB,ITA,ALB,Europe & Central Asia,86,5.16,72.09302325581395,0.0,27.906976744186046,False,True
ITABGD,ITA,BGD,South Asia,139,6.21,39.568345323741006,13.66906474820144,46.76258992805755,True,True
ITABRA,ITA,BRA,Latin America & Caribbean,88,4.76,44.31818181818182,0.0,55.68181818181818,True,True
ITACHN,ITA,CHN,East Asia & Pacific,54,4.32,38.88888888888889,18.51851851851852,42.592592592592595,True,True
ITAECU,ITA,ECU,Latin America & Caribbean,96,4.525,61.458333333333336,0.0,38.54166666666667,False,True
ITAEGY,ITA,EGY,Middle East & North Africa,91,6.97,46.15384615384615,0.0,53.84615384615385,True,True
ITAETH,ITA,ETH,Sub-Saharan Africa,82,7.120000000000001,70.73170731707317,9.75609756097561,19.51219512195122,False,True
ITAIND,ITA,IND,South Asia,86,2.89,55.81395348837209,0.0,44.18604651162791,False,True
ITAKSV,ITA,KSV,Europe & Central Asia,38,3.355,78.94736842105263,0.0,21.052631578947366,False,True
ITALKA,ITA,LKA,South Asia,123,3.74,45.52845528455284,6.504065040650407,41.46341463414634,True,True
ITAMAR,ITA,MAR,Middle East & North Africa,137,4.68,48.9051094890511,0.0,51.09489051094891,True,True
ITAMDA,ITA,MDA,Europe & Central Asia,75,3.56,73.33333333333333,0.0,26.666666666666668,False,True
ITANGA,ITA,NGA,Sub-Saharan Africa,88,1.895,60.22727272727273,0.0,39.77272727272727,False,True
ITAPHL,ITA,PHL,East Asia & Pacific,137,2.83,48.175182481751825,11.678832116788321,40.14598540145985,True,True
ITAROU,ITA,ROU,Europe & Central Asia,125,3.83,51.2,0.0,48.8,True,True
ITASEN,ITA,SEN,Sub-Saharan Africa,107,4.25,57.009345794392516,13.084112149532709,29.906542056074763,False,True
ITASRB,ITA,SRB,Europe & Central Asia,57,7.07,57.89473684210527,0.0,42.10526315789473,False,True
ITATUN,ITA,TUN,Middle East & North Africa,88,5.71,81.81818181818183,0.0,17.045454545454543,False,True
ITAUKR,ITA,UKR,Europe & Central Asia,110,3.8200000000000003,58.18181818181818,0.0,41.81818181818181,True,True
JOREGY,JOR,EGY,Middle East & North Africa,52,2.09,92.3076923076923,0.0,7.6923076923076925,False,False
JORPSE,JOR,PSE,Middle East & North Africa,48,2.54,66.66666666666666,0.0,33.33333333333333,False,False
JORSYR,JOR,SYR,Middle East & North Africa,36,7.64,100.0,0.0,0.0,False,False
JPNBRA,JPN,BRA,Latin America & Caribbean,44,7.42,27.27272727272727,0.0,72.72727272727273,True,True
JPNCHN,JPN,CHN,East Asia & Pacific,54,8.665,29.629629629629626,0.0,70.37037037037037,False,True
JPNIDN,JPN,IDN,East Asia & Pacific,73,5.23,30.136986301369863,0.0,69.86301369863014,True,True
JPNIND,JPN,IND,South Asia,91,5.78,25.274725274725274,0.0,74.72527472527473,True,True
JPNPHL,JPN,PHL,East Asia & Pacific,176,5.81,44.31818181818182,2.272727272727273,53.40909090909091,True,True
JPNTHA,JPN,THA,East Asia & Pacific,48,6.3149999999999995,41.66666666666667,0.0,58.333333333333336,True,True
JPNVNM,JPN,VNM,East Asia & Pacific,72,2.92,72.22222222222221,0.0,27.77777777777778,True,True
KENRWA,KEN,RWA,Sub-Saharan Africa,48,6.035,83.33333333333334,16.666666666666664,0.0,False,False
KENSSD,KEN,SSD,Sub-Saharan Africa,96,11.96,29.166666666666668,4.166666666666666,66.66666666666666,False,False
KENTZA,KEN,TZA,Sub-Saharan Africa,104,11.83,34.61538461538461,7.6923076923076925,57.692307692307686,False,False
KENUGA,KEN,UGA,Sub-Saharan Africa,108,11.81,37.03703703703704,7.4074074074074066,55.55555555555556,False,False
KORCHN,KOR,CHN,East Asia & Pacific,89,6.36,8.98876404494382,0.0,91.01123595505618,False,False
KORVNM,KOR,VNM,East Asia & Pacific,107,5.61,6.5420560747663545,0.0,93.45794392523365,False,False
KWTBGD,KWT,BGD,South Asia,112,5.58,60.71428571428571,0.0,39.285714285714285,False,False
KWTEGY,KWT,EGY,Middle East & North Africa,100,2.775,60.0,0.0,40.0,False,False
KWTIND,KWT,IND,South Asia,120,2.13,60.0,0.0,40.0,False,False
KWTJOR,KWT,JOR,Middle East & North Africa,88,3.505,63.63636363636363,0.0,36.36363636363637,False,False
KWTPAK,KWT,PAK,South Asia,84,0.28,57.14285714285714,0.0,42.857142857142854,False,False
KWTPHL,KWT,PHL,East Asia & Pacific,120,2.75,53.333333333333336,3.3333333333333335,43.333333333333336,False,False
MYSBGD,MYS,BGD,South Asia,131,5.96,32.06106870229007,12.213740458015266,55.72519083969466,True,True
MYSCHN,MYS,CHN,East Asia & Pacific,48,4.265,22.916666666666664,12.5,64.58333333333334,True,True
MYSIDN,MYS,IDN,East Asia & Pacific,165,3.88,41.81818181818181,3.0303030303030303,55.15151515151515,True,True
MYSIND,MYS,IND,South Asia,82,2.16,30.48780487804878,7.317073170731707,62.19512195121951,True,True
MYSMMR,MYS,MMR,East Asia & Pacific,37,1.22,62.16216216216216,18.91891891891892,18.91891891891892,False,True
MYSNPL,MYS,NPL,South Asia,74,2.825,56.75675675675676,12.162162162162163,31.08108108108108,True,True
MYSPHL,MYS,PHL,East Asia & Pacific,155,2.6100000000000003,45.16129032258064,9.67741935483871,45.16129032258064,True,True
MYSTHA,MYS,THA,East Asia & Pacific,67,3.86,28.35820895522388,0.0,71.64179104477611,True,True
MYSVNM,MYS,VNM,East Asia & Pacific,69,2.8,53.62318840579711,5.797101449275362,40.57971014492754,True,True
NLDDOM,NLD,DOM,Latin America & Caribbean,79,4.279999999999999,82.27848101265823,0.0,15.18987341772152,False,True
NLDGHA,NLD,GHA,Sub-Saharan Africa,112,5.83,62.5,30.357142857142854,7.142857142857142,False,True
NLDIDN,NLD,IDN,East Asia & Pacific,58,4.82,60.3448275862069,8.620689655172415,27.586206896551722,True,True
NLDMAR,NLD,MAR,Middle East & North Africa,101,4.32,58.415841584158414,0.0,41.584158415841586,True,True
NLDNGA,NLD,NGA,Sub-Saharan Africa,91,3.4799999999999995,54.94505494505495,0.0,45.05494505494506,False,True
NLDSOM,NLD,SOM,Sub-Saharan Africa,36,6.85,66.66666666666666,33.33333333333333,0.0,False,True
NLDSUR,NLD,SUR,Latin America & Caribbean,43,7.14,58.139534883720934,0.0,41.86046511627907,False,True
NLDTUR,NLD,TUR,Europe & Central Asia,80,5.17,57.49999999999999,0.0,42.5,True,True
NORPAK,NOR,PAK,South Asia,169,1.91,43.786982248520715,14.201183431952662,42.01183431952663,True,True
NORPOL,NOR,POL,..,123,3.88,37.39837398373984,0.0,62.601626016260155,True,True
NZLCHN,NZL,CHN,East Asia & Pacific,138,4.39,42.028985507246375,14.492753623188406,43.47826086956522,True,True
NZLFJI,NZL,FJI,East Asia & Pacific,131,5.15,26.717557251908396,27.480916030534353,45.80152671755725,False,True
NZLIND,NZL,IND,South Asia,153,3.36,24.18300653594771,0.0,75.81699346405229,False,True
NZLPHL,NZL,PHL,East Asia & Pacific,134,3.5199999999999996,35.07462686567165,11.940298507462686,52.98507462686567,True,True
NZLTON,NZL,TON,East Asia & Pacific,122,7.41,50.0,20.491803278688526,29.508196721311474,False,True
NZLVNM,NZL,VNM,East Asia & Pacific,142,6.795,49.29577464788733,8.450704225352112,42.25352112676056,True,True
NZLVUT,NZL,VUT,East Asia & Pacific,59,9.72,45.76271186440678,0.0,54.23728813559322,False,True
NZLWSM,NZL,WSM,East Asia & Pacific,132,7.02,46.21212121212121,20.454545454545457,31.818181818181817,False,True
OMNBGD,OMN,BGD,South Asia,36,6.4799999999999995,88.88888888888889,0.0,11.11111111111111,False,False
OMNIND,OMN,IND,South Asia,44,3.125,81.81818181818183,0.0,18.181818181818183,False,False
OMNJOR,OMN,JOR,Middle East & North Africa,16,2.88,100.0,0.0,0.0,False,False
OMNLKA,OMN,LKA,South Asia,36,3.2350000000000003,88.88888888888889,0.0,11.11111111111111,False,False
OMNNPL,OMN,NPL,South Asia,20,3.035,100.0,0.0,0.0,False,False
OMNPAK,OMN,PAK,South Asia,16,2.57,75.0,0.0,25.0,False,False
POLUKR,POL,UKR,Europe & Central Asia,112,3.2199999999999998,38.392857142857146,0.0,61.60714285714286,True,True
PRTBRA,PRT,BRA,Latin America & Caribbean,44,5.36,47.72727272727273,0.0,52.27272727272727,True,True
PRTCPV,PRT,CPV,Sub-Saharan Africa,24,3.6550000000000002,91.66666666666666,0.0,8.333333333333332,False,True
PRTMOZ,PRT,MOZ,Sub-Saharan Africa,56,3.0549999999999997,48.214285714285715,51.78571428571429,0.0,False,True
QATBGD,QAT,BGD,South Asia,16,6.54,50.0,0.0,50.0,False,False
QATEGY,QAT,EGY,Middle East & North Africa,23,5.76,52.17391304347826,0.0,47.82608695652174,False,False
QATIND,QAT,IND,South Asia,30,3.115,53.333333333333336,0.0,46.666666666666664,False,False
QATJOR,QAT,JOR,Middle East & North Africa,20,4.055,60.0,0.0,40.0,False,False
QATLKA,QAT,LKA,South Asia,27,2.84,40.74074074074074,0.0,59.25925925925925,False,False
QATNPL,QAT,NPL,South Asia,27,3.49,70.37037037037037,0.0,29.629629629629626,False,False
QATPAK,QAT,PAK,South Asia,23,0.22,86.95652173913044,0.0,13.043478260869565,False,False
QATPHL,QAT,PHL,East Asia & Pacific,26,3.385,73.07692307692307,0.0,26.923076923076923,False,False
QATSDN,QAT,SDN,Sub-Saharan Africa,14,2.28,71.42857142857143,0.0,28.57142857142857,False,False
RWAKEN,RWA,KEN,Sub-Saharan Africa,32,7.085,25.0,25.0,50.0,False,False
SAUAFG,SAU,AFG,South Asia,8,5.705,100.0,0.0,0.0,False,False
SAUBGD,SAU,BGD,South Asia,36,7.48,44.44444444444444,11.11111111111111,44.44444444444444,False,False
SAUEGY,SAU,EGY,Middle East & North Africa,48,3.44,41.66666666666667,0.0,58.333333333333336,False,False
SAUETH,SAU,ETH,Sub-Saharan Africa,15,8.66,100.0,0.0,0.0,False,False
SAUIDN,SAU,IDN,East Asia & Pacific,40,3.86,60.0,0.0,40.0,False,False
SAUIND,SAU,IND,South Asia,48,3.875,41.66666666666667,0.0,58.333333333333336,False,False
SAUJOR,SAU,JOR,Middle East & North Africa,48,6.15,41.66666666666667,0.0,58.333333333333336,False,False
SAULBN,SAU,LBN,Middle East & North Africa,8,5.455,100.0,0.0,0.0,False,False
SAULKA,SAU,LKA,South Asia,39,3.15,58.97435897435898,0.0,41.02564102564102,False,False
SAUMMR,SAU,MMR,East Asia & Pacific,12,6.074999999999999,100.0,0.0,0.0,False,False
SAUNPL,SAU,NPL,South Asia,47,3.47,51.06382978723404,0.0,48.93617021276596,False,False
SAUPAK,SAU,PAK,South Asia,48,3.06,41.66666666666667,0.0,58.333333333333336,False,False
SAUPHL,SAU,PHL,East Asia & Pacific,40,3.19,50.0,0.0,50.0,False,False
SAUSDN,SAU,SDN,Sub-Saharan Africa,12,4.6850000000000005,100.0,0.0,0.0,False,False
SAUSSD,SAU,SSD,Sub-Saharan Africa,4,4.105,100.0,0.0,0.0,False,False
SAUSYR,SAU,SYR,Middle East & North Africa,4,13.51,100.0,0.0,0.0,False,False
SAUYEM,SAU,YEM,Middle East & North Africa,32,2.4,75.0,0.0,25.0,False,False
SENMLI,SEN,MLI,Sub-Saharan Africa,23,26.88,8.695652173913043,17.391304347826086,73.91304347826086,False,False
SGPBGD,SGP,BGD,South Asia,94,5.82,61.702127659574465,0.0,38.297872340425535,True,True
SGPCHN,SGP,CHN,East Asia & Pacific,65,3.66,16.923076923076923,16.923076923076923,66.15384615384615,True,True
SGPIDN,SGP,IDN,East Asia & Pacific,129,2.78,31.782945736434108,0.0,68.21705426356588,True,True
SGPIND,SGP,IND,South Asia,117,2.64,32.47863247863248,0.0,67.52136752136752,True,True
SGPLKA,SGP,LKA,South Asia,62,3.685,61.29032258064516,0.0,38.70967741935484,True,True
SGPMYS,SGP,MYS,East Asia & Pacific,122,3.29,25.40983606557377,0.0,74.59016393442623,True,True
SGPPAK,SGP,PAK,South Asia,51,1.51,60.78431372549019,0.0,39.21568627450981,True,True
SGPPHL,SGP,PHL,East Asia & Pacific,152,2.62,44.07894736842105,1.9736842105263157,53.94736842105263,True,True
SGPTHA,SGP,THA,East Asia & Pacific,78,4.34,39.743589743589745,0.0,60.256410256410255,True,True
SWECHN,SWE,CHN,East Asia & Pacific,64,5.16,39.0625,12.5,48.4375,True,True
SWEIND,SWE,IND,South Asia,101,2.96,37.62376237623762,0.0,62.37623762376238,True,True
SWELBN,SWE,LBN,Middle East & North Africa,43,6.239999999999999,81.3953488372093,0.0,18.6046511627907,False,True
SWESOM,SWE,SOM,Sub-Saharan Africa,39,7.27,69.23076923076923,30.76923076923077,0.0,False,True
THACHN,THA,CHN,East Asia & Pacific,70,17.335,32.857142857142854,0.0,67.14285714285714,False,False
THAIDN,THA,IDN,East Asia & Pacific,68,12.185,35.294117647058826,0.0,64.70588235294117,False,False
THAIND,THA,IND,South Asia,85,12.11,28.235294117647058,0.0,71.76470588235294,False,False
THAKHM,THA,KHM,East Asia & Pacific,87,5.83,47.12643678160919,6.896551724137931,45.97701149425287,False,False
THALAO,THA,LAO,East Asia & Pacific,66,15.49,45.45454545454545,0.0,54.54545454545454,False,False
THAMMR,THA,MMR,East Asia & Pacific,59,16.3,45.76271186440678,0.0,54.23728813559322,False,False
THAVNM,THA,VNM,East Asia & Pacific,89,14.01,41.57303370786517,13.48314606741573,44.9438202247191,False,False
TURBGR,TUR,BGR,Europe & Central Asia,48,67.19999999999999,14.583333333333334,0.0,85.41666666666666,True,True
TZAKEN,TZA,KEN,Sub-Saharan Africa,42,83.16999999999999,19.047619047619047,9.523809523809524,71.42857142857143,False,False
TZARWA,TZA,RWA,Sub-Saharan Africa,24,43.885000000000005,33.33333333333333,16.666666666666664,50.0,False,False
TZAUGA,TZA,UGA,Sub-Saharan Africa,40,73.755,20.0,0.0,80.0,False,False
USAAFG,USA,AFG,South Asia,24,9.71,100.0,0.0,0.0,False,True
USAARM,USA,ARM,Europe & Central Asia,49,6.79,93.87755102040816,0.0,0.0,False,True
USABGD,USA,BGD,South Asia,87,7.470000000000001,51.724137931034484,14.942528735632186,33.33333333333333,True,True
USABRA,USA,BRA,Latin America & Caribbean,118,5.67,51.69491525423729,0.0,48.30508474576271,True,True
USACHN,USA,CHN,East Asia & Pacific,88,5.945,39.77272727272727,0.0,60.22727272727273,True,True
USACOL,USA,COL,Latin America & Caribbean,163,5.1,78.52760736196319,0.0,21.472392638036812,True,True
USACPV,USA,CPV,Sub-Saharan Africa,53,8.51,84.90566037735849,0.0,15.09433962264151,False,True
USACRI,USA,CRI,Latin America & Caribbean,108,6.0,57.407407407407405,0.0,42.592592592592595,True,True
USACUB,USA,CUB,Latin America & Caribbean,32,11.99,37.5,0.0,62.5,False,True
USADOM,USA,DOM,Latin America & Caribbean,108,4.675000000000001,75.92592592592592,0.0,24.074074074074073,False,True
USAECU,USA,ECU,Latin America & Caribbean,136,4.0,94.11764705882352,0.0,5.88235294117647,False,True
USAEGY,USA,EGY,Middle East & North Africa,68,5.6,60.29411764705882,0.0,39.705882352941174,True,True
USAERI,USA,ERI,Sub-Saharan Africa,31,6.819999999999999,100.0,0.0,0.0,False,True
USAETH,USA,ETH,Sub-Saharan Africa,76,6.0,68.42105263157895,10.526315789473683,21.052631578947366,False,True
USAGHA,USA,GHA,Sub-Saharan Africa,115,4.88,55.65217391304348,23.47826086956522,20.869565217391305,False,True
USAGTM,USA,GTM,Latin America & Caribbean,116,4.35,78.44827586206897,0.0,21.551724137931032,False,True
USAGUY,USA,GUY,Latin America & Caribbean,93,9.78,79.56989247311827,0.0,20.43010752688172,False,True
USAHND,USA,HND,Latin America & Caribbean,125,3.83,66.4,0.0,33.6,False,True
USAHTI,USA,HTI,Latin America & Caribbean,58,5.5,63.793103448275865,0.0,36.206896551724135,False,True
USAIDN,USA,IDN,East Asia & Pacific,99,5.64,72.72727272727273,0.0,27.27272727272727,True,True
USAIND,USA,IND,South Asia,187,3.5,49.19786096256685,0.0,50.80213903743316,True,True
USAJAM,USA,JAM,Latin America & Caribbean,79,6.43,98.73417721518987,0.0,1.2658227848101267,False,True
USAJOR,USA,JOR,Middle East & North Africa,83,6.0,100.0,0.0,0.0,False,True
USAKEN,USA,KEN,Sub-Saharan Africa,133,4.98,56.390977443609025,29.32330827067669,14.285714285714285,True,True
USALBN,USA,LBN,Middle East & North Africa,61,7.5,60.65573770491803,0.0,39.34426229508197,False,True
USALBR,USA,LBR,Sub-Saharan Africa,74,6.0,86.48648648648648,12.162162162162163,1.3513513513513513,False,True
USAMEX,USA,MEX,Latin America & Caribbean,184,4.61,70.65217391304348,0.0,29.347826086956523,True,True
USANGA,USA,NGA,Sub-Saharan Africa,97,2.8,52.57731958762887,0.0,47.42268041237113,False,True
USANIC,USA,NIC,Latin America & Caribbean,78,4.5,93.58974358974359,0.0,6.41025641025641,False,True
USANPL,USA,NPL,South Asia,105,5.23,61.904761904761905,0.0,38.095238095238095,True,True
USAPAK,USA,PAK,South Asia,96,3.455,65.625,4.166666666666666,30.208333333333332,True,True
USAPAN,USA,PAN,Latin America & Caribbean,56,4.0,100.0,0.0,0.0,False,True
USAPER,USA,PER,Latin America & Caribbean,84,4.0,84.52380952380952,0.0,15.476190476190476,False,True
USAPHL,USA,PHL,East Asia & Pacific,229,4.5,64.19213973799127,9.170305676855897,26.637554585152838,True,True
USASLV,USA,SLV,Latin America & Caribbean,191,4.0,71.20418848167539,4.18848167539267,24.60732984293194,False,True
USASOM,USA,SOM,Sub-Saharan Africa,20,6.0,100.0,0.0,0.0,False,True
USASSD,USA,SSD,Sub-Saharan Africa,25,6.0,100.0,0.0,0.0,False,True
USATHA,USA,THA,East Asia & Pacific,105,6.62,57.14285714285714,0.0,42.857142857142854,True,True
USAUKR,USA,UKR,Europe & Central Asia,77,3.79,84.4155844155844,0.0,15.584415584415584,True,True
USAVNM,USA,VNM,East Asia & Pacific,128,5.97,65.625,0.0,34.375,True,True
USAYEM,USA,YEM,Middle East & North Africa,51,4.0,100.0,0.0,0.0,False,True
USAZAF,USA,ZAF,Sub-Saharan Africa,71,6.86,46.478873239436616,0.0,53.52112676056338,True,True
ZAFAGO,ZAF,AGO,Sub-Saharan Africa,60,16.55,55.00000000000001,0.0,45.0,False,False
ZAFBWA,ZAF,BWA,Sub-Saharan Africa,117,10.43,52.13675213675214,20.51282051282051,27.350427350427353,False,False
ZAFCHN,ZAF,CHN,East Asia & Pacific,38,19.36,42.10526315789473,5.263157894736842,52.63157894736842,False,False
ZAFIND,ZAF,IND,South Asia,66,7.12,45.45454545454545,0.0,54.54545454545454,False,False
ZAFKEN,ZAF,KEN,Sub-Saharan Africa,141,7.630000000000001,43.262411347517734,45.39007092198582,11.347517730496454,False,False
ZAFLSO,ZAF,LSO,Sub-Saharan Africa,44,10.765,27.27272727272727,9.090909090909092,63.63636363636363,False,False
ZAFMOZ,ZAF,MOZ,Sub-Saharan Africa,138,5.76,39.130434782608695,44.20289855072464,16.666666666666664,False,False
ZAFMWI,ZAF,MWI,Sub-Saharan Africa,101,16.74,40.5940594059406,31.683168316831683,27.722772277227726,False,False
ZAFNGA,ZAF,NGA,Sub-Saharan Africa,80,12.175,37.5,0.0,62.5,False,False
ZAFSWZ,ZAF,SWZ,Sub-Saharan Africa,36,10.95,22.22222222222222,0.0,77.77777777777779,False,False
ZAFTZA,ZAF,TZA,Sub-Saharan Africa,62,15.24,48.38709677419355,38.70967741935484,12.903225806451612,False,False
ZAFZMB,ZAF,ZMB,Sub-Saharan Africa,145,11.16,44.827586206896555,33.10344827586207,22.06896551724138,False,False
ZAFZWE,ZAF,ZWE,Sub-Saharan Africa,156,10.54,65.38461538461539,16.666666666666664,17.94871794871795,False,False
