corridor_key,firm,start,end,change_pp
AGONAM,MoneyGram,16.28,16.64,0.35999999999999943
AREBGD,Al Ansari,2.13,7.55,5.42
AREBGD,Al Fardan Exchange,2.17,7.01,4.84
AREBGD,GCC Exchange,0.62,6.52,5.8999999999999995
AREBGD,Lari,2.13,7.15,5.0200000000000005
AREBGD,MoneyGram,2.13,6.23,4.1000000000000005
AREBGD,Western Union,2.17,6.785,4.615
AREEGY,Al Ansari,3.62,3.17,-0.4500000000000002
AREEGY,Al Fardan Exchange,5.015000000000001,2.51,-2.505000000000001
AREEGY,Lari,3.62,2.66,-0.96
AREEGY,MoneyGram,4.1,3.69,-0.4099999999999997
AREEGY,Wall St Exchange,2.8,2.84,0.040000000000000036
AREEGY,Western Union,6.82,3.54,-3.2800000000000002
AREIDN,Al Ansari,4.38,5.85,1.4699999999999998
AREIDN,Al Fardan Exchange,6.99,4.96,-2.0300000000000002
AREIDN,Lari,6.99,4.02,-2.9700000000000006
AREIDN,MoneyGram,6.37,5.25,-1.12
AREIDN,Western Union,6.99,3.0949999999999998,-3.8950000000000005
AREIND,Al Ansari,2.62,3.05,0.4299999999999997
AREIND,Al Fardan Exchange,3.31,3.21,-0.10000000000000009
AREIND,GCC Exchange,2.26,2.51,0.25
AREIND,Lari,2.815,2.24,-0.5749999999999997
AREIND,MoneyGram,2.81,2.48,-0.33000000000000007
AREIND,Wall St Exchange,2.705,2.68,-0.02499999999999991
AREIND,Western Union,3.09,2.43,-0.6599999999999997
AREJOR,Al Ansari,3.87,4.35,0.47999999999999954
AREJOR,Al Fardan Exchange,6.27,5.65,-0.6199999999999992
AREJOR,Lari,6.27,4.62,-1.6499999999999995
AREJOR,MoneyGram,4.55,5.86,1.3100000000000005
AREJOR,Western Union,6.27,5.24,-1.0299999999999994
ARELKA,Al Ansari,2.25,2.71,0.45999999999999996
ARELKA,Al Fardan Exchange,2.75,2.61,-0.14000000000000012
ARELKA,GCC Exchange,1.75,1.57,-0.17999999999999994
ARELKA,Lari,2.5,2.3,-0.20000000000000018
ARELKA,MoneyGram,2.48,2.17,-0.31000000000000005
ARELKA,Wall St Exchange,2.625,2.625,0.0
ARELKA,Western Union,2.75,1.9649999999999999,-0.7850000000000001
ARENPL,Al Ansari,2.22,2.97,0.75
ARENPL,Al Fardan Exchange,4.13,2.74,-1.3899999999999997
ARENPL,Lari,3.45,2.795,-0.6550000000000002
ARENPL,Mashreq Bank,5.935,4.06,-1.875
ARENPL,MoneyGram,5.3,4.01,-1.29
ARENPL,Wall St Exchange,4.13,2.17,-1.96
ARENPL,Western Union,4.13,2.44,-1.69
AREPAK,Al Ansari,0.51,-0.49,-1.0
AREPAK,Al Fardan Exchange,2.54,0.54,-2.0
AREPAK,GCC Exchange,0.28,0.12,-0.16000000000000003
AREPAK,Lari,2.575,0.63,-1.9450000000000003
AREPAK,MoneyGram,2.82,1.99,-0.8299999999999998
AREPAK,UBL Tezraftaar Cash,0.7,0.54,-0.15999999999999992
AREPAK,Wall St Exchange,2.75,-0.07,-2.82
AREPAK,Western Union,4.87,4.695,-0.17499999999999982
AREPHL,Al Ansari,3.09,3.81,0.7200000000000002
AREPHL,Al Fardan Exchange,4.79,3.43,-1.3599999999999999
AREPHL,GCC Exchange,1.21,1.06,-0.1499999999999999
AREPHL,Lari,3.915,1.64,-2.2750000000000004
AREPHL,MoneyGram,4.48,3.17,-1.3100000000000005
AREPHL,Wall St Exchange,3.94,2.69,-1.25
AREPHL,Western Union,4.79,2.88,-1.9100000000000001
ARESDN,Al Fardan Exchange,0.51,33.12,32.61
ARESDN,Lari,0.51,33.61,33.1
ARESDN,Western Union,0.51,32.61,32.1
ARESSD,Western Union,5.24,3.685,-1.5550000000000002
AREYEM,Al Ansari,9.44,22.71,13.270000000000001
AREYEM,Al Fardan Exchange,4.97,4.91,-0.05999999999999961
AREYEM,Lari,4.97,4.95,-0.019999999999999574
AREYEM,Wall St Exchange,4.97,4.4,-0.5699999999999994
AREYEM,Western Union,4.97,5.25,0.28000000000000025
AUSCHN,Bank of China,21.21,9.98,-11.23
AUSCHN,MoneyGram,6.93,2.4,-4.529999999999999
AUSCHN,National Australia Bank (NAB),18.65,2.97,-15.679999999999998
AUSCHN,Orbit Remit,7.58,0.67,-6.91
AUSCHN,Ria,10.0,2.74,-7.26
AUSCHN,Western Union,4.975,3.47,-1.5049999999999994
AUSCHN,Wise,5.82,3.13,-2.6900000000000004
AUSFJI,ANZ Bank,15.870000000000001,4.44,-11.43
AUSFJI,KlickEx Pacific,5.51,0.18,-5.33
AUSFJI,MoneyGram,9.19,5.1,-4.09
AUSFJI,Western Union,10.7,5.49,-5.209999999999999
AUSFJI,Westpac,13.4,12.915,-0.4850000000000012
AUSFJI,WorldRemit,7.27,2.79,-4.4799999999999995
AUSIDN,Aussie Forex & Finance,4.28,3.56,-0.7200000000000002
AUSIDN,Citibank,1.57,2.36,0.7899999999999998
AUSIDN,Kangaroo Service,6.78,3.68,-3.1
AUSIDN,MoneyGram,10.56,4.27,-6.290000000000001
AUSIDN,Orbit Remit,3.81,2.87,-0.94
AUSIDN,Ria,5.07,2.46,-2.6100000000000003
AUSIDN,Western Union,20.27,4.07,-16.2
AUSIDN,Wise,2.12,1.17,-0.9500000000000002
AUSIND,ANZ Bank,18.68,8.305,-10.375
AUSIND,Aussie Forex & Finance,5.17,1.03,-4.14
AUSIND,Bank of Baroda,7.45,13.585,6.135000000000001
AUSIND,Ceylon Exchange,8.1,5.44,-2.6599999999999993
AUSIND,Citibank,1.16,2.76,1.5999999999999999
AUSIND,Commonwealth Bank,14.559999999999999,12.754999999999999,-1.8049999999999997
AUSIND,Fast Remit,6.69,6.655,-0.03500000000000014
AUSIND,GMT Money,3.56,8.06,4.5
AUSIND,HDFC Bank,7.45,3.82,-3.6300000000000003
AUSIND,InstaReM,1.94,0.58,-1.3599999999999999
AUSIND,MoneyGram,5.8,2.86,-2.94
AUSIND,Orbit Remit,3.12,0.54,-2.58
AUSIND,Ria,8.25,2.66,-5.59
AUSIND,State Bank of India,7.45,2.24,-5.21
AUSIND,Western Union,3.97,3.04,-0.9300000000000002
AUSIND,WorldRemit,3.67,0.65,-3.02
AUSLBN,ANZ Bank,18.74,7.84,-10.899999999999999
AUSLBN,Arab Bank,14.07,13.78,-0.2900000000000009
AUSLBN,Bank of Sydney,11.59,15.39,3.8000000000000007
AUSLBN,BankWest,18.51,13.66,-4.850000000000001
AUSLBN,Citibank,7.83,2.39,-5.4399999999999995
AUSLBN,Commonwealth Bank,18.14,10.415,-7.725000000000001
AUSLBN,HSBC,13.44,21.965,8.525
AUSLBN,MoneyGram,5.625,4.265000000000001,-1.3599999999999994
AUSLBN,National Australia Bank (NAB),18.46,9.99,-8.47
AUSLBN,St. George Bank,17.97,11.815000000000001,-6.154999999999998
AUSLBN,Suncorp,16.59,12.274999999999999,-4.315000000000001
AUSLBN,Western Union,9.51,5.11,-4.3999999999999995
AUSLBN,Westpac,18.43,11.81,-6.619999999999999
AUSLKA,ANZ Bank,22.26,8.03,-14.230000000000002
AUSLKA,Aussie Forex & Finance,3.9,3.04,-0.8599999999999999
AUSLKA,Ceylon Exchange,5.16,8.33,3.17
AUSLKA,MoneyGram,7.74,3.22,-4.52
AUSLKA,Orbit Remit,5.22,3.54,-1.6799999999999997
AUSLKA,Ria,6.17,2.58,-3.59
AUSLKA,Western Union,7.050000000000001,2.98,-4.07
AUSLKA,Wise,1.29,2.18,0.8900000000000001
AUSMYS,ANZ Bank,18.67,7.84,-10.830000000000002
AUSMYS,MoneyGram,17.36,4.36,-13.0
AUSMYS,Orbit Remit,4.94,1.83,-3.1100000000000003
AUSMYS,Ria,7.8,3.01,-4.79
AUSMYS,Western Union,14.55,5.890000000000001,-8.66
AUSMYS,Wise,0.87,1.13,0.2599999999999999
AUSMYS,WorldRemit,7.72,2.32,-5.4
AUSPAK,Aussie Forex & Finance,1.17,2.58,1.4100000000000001
AUSPAK,MoneyGram,9.22,2.99,-6.23
AUSPAK,Ria,4.14,1.8,-2.34
AUSPAK,Sydney Forex Pty Ltd,8.77,1.93,-6.84
AUSPAK,Western Union,4.21,4.31,0.09999999999999964
AUSPAK,Wise,2.69,1.51,-1.18
AUSPHL,Aussie Forex & Finance,3.6,2.97,-0.6299999999999999
AUSPHL,Forex Australia,4.57,4.5600000000000005,-0.009999999999999787
AUSPHL,Hai Ha Money Transfer,6.02,3.4850000000000003,-2.5349999999999993
AUSPHL,Jalandoni Money Changer and Remittances,4.57,4.87,0.2999999999999998
AUSPHL,MoneyGram,5.67,2.53,-3.14
AUSPHL,Orbit Remit,4.87,2.79,-2.08
AUSPHL,Ria,5.57,1.57,-4.0
AUSPHL,Western Union,6.5200000000000005,2.58,-3.9400000000000004
AUSPHL,Wise,3.39,1.05,-2.34
AUSPHL,WorldRemit,6.95,2.23,-4.720000000000001
AUSPHL,iRemit,4.57,0.855,-3.7150000000000003
AUSSOM,Dahabshiil,11.24,1.59,-9.65
AUSSOM,WorldRemit,6.03,5.335,-0.6950000000000003
AUSTHA,ANZ Bank,18.74,8.094999999999999,-10.645
AUSTHA,Citibank,14.12,3.55,-10.57
AUSTHA,MoneyGram,10.06,3.12,-6.94
AUSTHA,Western Union,6.23,6.305,0.07499999999999929
AUSTHA,Wise,2.45,1.6,-0.8500000000000001
AUSTHA,WorldRemit,4.93,1.54,-3.3899999999999997
AUSTON,ANZ Bank,20.77,5.1,-15.67
AUSTON,KlickEx Pacific,6.34,3.93,-2.4099999999999997
AUSTON,MoneyGram,12.29,7.869999999999999,-4.42
AUSTON,Western Union,12.79,11.09,-1.6999999999999993
AUSTON,Westpac,19.17,14.475,-4.695000000000002
AUSVNM,ANZ Bank,18.6,7.84,-10.760000000000002
AUSVNM,Commonwealth Bank,19.07,14.21,-4.859999999999999
AUSVNM,Hai Ha Money Transfer,2.64,2.98,0.33999999999999986
AUSVNM,MoneyGram,3.815,4.37,0.5550000000000002
AUSVNM,Orbit Remit,5.16,0.59,-4.57
AUSVNM,Ria,4.04,3.22,-0.8199999999999998
AUSVNM,Western Union,5.22,5.07,-0.14999999999999947
AUSVUT,ANZ Bank,21.14,7.334999999999999,-13.805000000000001
AUSVUT,Commonwealth Bank,18.78,12.945,-5.835000000000001
AUSVUT,MoneyGram,11.29,8.81,-2.4799999999999986
AUSVUT,National Australia Bank (NAB),20.25,14.925,-5.324999999999999
AUSVUT,Western Union,15.469999999999999,8.155000000000001,-7.314999999999998
AUSVUT,Westpac,15.14,14.125,-1.0150000000000006
AUSWSM,ANZ Bank,25.01,6.630000000000001,-18.380000000000003
AUSWSM,KlickEx Pacific,4.48,-0.52,-5.0
AUSWSM,MoneyGram,10.67,3.3899999999999997,-7.28
AUSWSM,Western Union,12.35,7.34,-5.01
AUSWSM,Westpac,19.63,13.885,-5.744999999999999
AUSZWE,Citibank,14.07,2.36,-11.71
AUSZWE,Commonwealth Bank,20.82,10.41,-10.41
AUSZWE,MoneyGram,9.81,4.54,-5.2700000000000005
AUSZWE,Western Union,19.98,6.82,-13.16
AUSZWE,WorldRemit,7.38,4.795,-2.585
AUTBIH,Bank Austria,10.36,12.82,2.460000000000001
AUTBIH,Erste Bank,7.43,6.24,-1.1899999999999995
AUTBIH,MoneyGram,12.86,8.42,-4.4399999999999995
AUTBIH,Western Union,7.23,4.11,-3.12
AUTHRV,Bank Austria,0.0,2.78,2.78
AUTHRV,Erste Bank,0.0,1.53,1.53
AUTHRV,MoneyGram,11.35,2.85,-8.5
AUTHRV,TransferGo,0.71,1.41,0.7
AUTHRV,Western Union,9.44,2.85,-6.59
AUTHUN,Bank Austria,0.0,2.78,2.78
AUTHUN,Erste Bank,0.0,1.53,1.53
AUTHUN,MoneyGram,10.725000000000001,8.53,-2.195000000000002
AUTHUN,TransferGo,1.69,1.14,-0.55
AUTHUN,Western Union,15.52,7.65,-7.869999999999999
AUTKSV,Bank Austria,10.36,14.21,3.8500000000000014
AUTKSV,Erste Bank,7.43,6.24,-1.1899999999999995
AUTKSV,MoneyGram,7.86,2.85,-5.01
AUTKSV,Western Union,6.07,2.85,-3.22
AUTSRB,Bank Austria,12.5,14.22,1.7200000000000006
AUTSRB,Erste Bank,7.43,6.24,-1.1899999999999995
AUTSRB,MoneyGram,7.86,4.44,-3.42
AUTSRB,Western Union,4.97,5.32,0.35000000000000053
AUTTUR,Bank Austria,11.7,14.1,2.4000000000000004
AUTTUR,Denizbank AG,3.9299999999999997,5.715,1.7850000000000001
AUTTUR,Erste Bank,7.43,6.24,-1.1899999999999995
AUTTUR,MoneyGram,5.58,3.35,-2.23
AUTTUR,TransferGo,1.78,0.85,-0.93
AUTTUR,Western Union,6.705,3.92,-2.785
BELCOD,Atena Money Transfert,1.14,2.38,1.24
BELCOD,MoneyGram,8.59,1.5550000000000002,-7.035
BELCOD,Western Union,9.23,3.54,-5.69
BELCOD,WorldRemit,7.61,3.26,-4.3500000000000005
BELMAR,Atena Money Transfert,3.45,3.34,-0.11000000000000032
BELMAR,Attijariwafa Bank,3.12,5.805,2.6849999999999996
BELMAR,Banque Populaire,3.37,5.215,1.8449999999999998
BELMAR,MoneyGram,6.35,1.83,-4.52
BELMAR,Ria,6.46,2.74,-3.7199999999999998
BELMAR,Western Union,4.26,3.69,-0.5699999999999998
BELMAR,WorldRemit,5.54,4.05,-1.4900000000000002
BELTUR,MoneyGram,10.27,3.1550000000000002,-7.114999999999999
BELTUR,Ria,5.67,6.32,0.6500000000000004
BELTUR,Western Union,5.1899999999999995,3.3449999999999998,-1.8449999999999998
BHREGY,Ezremit,4.25,2.41,-1.8399999999999999
BHREGY,MoneyGram,7.4,2.76,-4.640000000000001
BHREGY,Western Union,9.4,2.81,-6.59
BHRIND,BIIECO,2.01,2.54,0.5300000000000002
BHRIND,Bahrain Financing Company,2.19,2.48,0.29000000000000004
BHRIND,ICICI Bank,1.24,0.58,-0.66
BHRIND,MoneyGram,4.02,2.6,-1.4199999999999995
BHRIND,SBI Express,1.59,3.65,2.0599999999999996
BHRIND,Western Union,3.45,0.24,-3.21
BHRPAK,Bahrain Financing Company,1.5,0.47,-1.03
BHRPAK,Ezremit,1.93,-0.06,-1.99
BHRPAK,MoneyGram,1.61,0.6,-1.0100000000000002
BHRPAK,Western Union,4.27,1.58,-2.6899999999999995
BRABOL,B&T Associados Corretora de Cambio,1.53,26.16,24.63
BRABOL,Banco Rendimento,3.86,5.79,1.9300000000000002
BRABOL,MoneyGram,7.3,36.59,29.290000000000003
BRABOL,Western Union,8.08,17.87,9.790000000000001
BRAPER,B&T Associados Corretora de Cambio,1.53,12.93,11.4
BRAPER,Banco Rendimento,3.86,5.89,2.03
BRAPER,MoneyGram,6.48,18.48,12.0
BRAPER,Western Union,8.08,5.64,-2.4400000000000004
BRAPRY,B&T Associados Corretora de Cambio,1.53,10.36,8.83
BRAPRY,Banco Rendimento,6.16,5.69,-0.46999999999999975
BRAPRY,MoneyGram,5.46,16.32,10.86
BRAPRY,Western Union,8.08,5.485,-2.5949999999999998
CANCHN,Bank of China,14.0,11.6,-2.4000000000000004
CANCHN,MoneyGram,10.28,6.24,-4.039999999999999
CANCHN,ScotiaBank,7.15,5.66,-1.4900000000000002
CANCHN,Western Union,6.65,5.5,-1.1500000000000004
CANGHA,MoneyGram,10.56,5.4399999999999995,-5.120000000000001
CANGHA,Ria,6.5,4.69,-1.8099999999999996
CANGHA,Royal Bank of Canada,10.18,2.1,-8.08
CANGHA,Toronto Dominion Bank,17.91,13.114999999999998,-4.795000000000002
CANGHA,Western Union,9.89,6.4,-3.49
CANGHA,WorldRemit,7.82,-2.3,-10.120000000000001
CANGUY,MoneyGram,12.11,4.66,-7.449999999999999
CANGUY,Ria,9.34,5.63,-3.71
CANGUY,Western Union,10.79,11.02,0.23000000000000043
CANHTI,CAM,7.62,8.55,0.9300000000000006
CANHTI,MoneyGram,9.54,5.135,-4.404999999999999
CANHTI,Royal Bank of Canada,10.18,2.1,-8.08
CANHTI,Western Union,6.46,4.97,-1.4900000000000002
CANIND,ICICI Bank,6.17,7.14,0.9699999999999998
CANIND,MoneyGram,5.37,2.52,-2.85
CANIND,Ria,6.11,3.01,-3.1000000000000005
CANIND,Royal Bank of Canada,10.18,2.1,-8.08
CANIND,SBI Canada Bank,6.0,6.18,0.17999999999999972
CANIND,ScotiaBank,14.785,3.87,-10.915
CANIND,Toronto Dominion Bank,17.91,15.229999999999999,-2.6800000000000015
CANIND,Western Union,7.16,2.58,-4.58
CANIND,WorldRemit,3.53,1.74,-1.7899999999999998
CANJAM,MoneyGram,10.88,3.6399999999999997,-7.240000000000001
CANJAM,Ria,6.35,5.21,-1.1399999999999997
CANJAM,Royal Bank of Canada,10.41,2.1,-8.31
CANJAM,ScotiaBank,8.31,8.83,0.5199999999999996
CANJAM,Western Union,10.31,4.76,-5.550000000000001
CANKEN,MoneyGram,11.6,4.7,-6.8999999999999995
CANKEN,Ria,8.67,5.79,-2.88
CANKEN,Royal Bank of Canada,10.41,2.1,-8.31
CANKEN,Toronto Dominion Bank,17.91,17.56,-0.3500000000000014
CANKEN,Western Union,12.23,7.19,-5.04
CANKEN,WorldRemit,9.01,0.86,-8.15
CANLBN,MoneyGram,9.43,5.285,-4.145
CANLBN,Royal Bank of Canada,10.41,2.1,-8.31
CANLBN,Toronto Dominion Bank,17.91,19.265,1.3550000000000004
CANLBN,Western Union,11.96,6.05,-5.910000000000001
CANLKA,MoneyGram,7.22,2.9,-4.32
CANLKA,Ria,7.37,4.895,-2.4750000000000005
CANNGA,MoneyGram,7.5,3.8600000000000003,-3.6399999999999997
CANNGA,WorldRemit,5.0,2.95,-2.05
CANPAK,Dollar Links,3.64,1.28,-2.3600000000000003
CANPAK,MoneyGram,5.88,3.75,-2.13
CANPAK,Ria,7.12,4.26,-2.8600000000000003
CANPAK,Western Union,7.47,5.35,-2.12
CANPAK,WorldRemit,6.26,6.1,-0.16000000000000014
CANPHL,Metro Remittance,4.88,4.92,0.040000000000000036
CANPHL,MoneyGram,5.8,2.86,-2.94
CANPHL,PNB Global Remit,6.38,5.9,-0.47999999999999954
CANPHL,Reliable Peso Remit,6.85,4.8,-2.05
CANPHL,Ria,5.74,3.225,-2.515
CANPHL,Royal Bank of Canada,10.18,2.1,-8.08
CANPHL,ScotiaBank,6.52,5.73,-0.7899999999999991
CANPHL,Western Union,6.02,2.82,-3.1999999999999997
CANPHL,WorldRemit,5.49,1.97,-3.5200000000000005
CANPHL,iRemit,8.91,5.53,-3.38
CANRWA,MoneyGram,6.56,4.77,-1.79
CANRWA,ScotiaBank,5.18,10.37,5.1899999999999995
CANRWA,Western Union,7.68,6.83,-0.8499999999999996
CANVNM,CIBC,20.41,24.18,3.7699999999999996
CANVNM,MoneyGram,10.54,3.4000000000000004,-7.139999999999999
CANVNM,Royal Bank of Canada,10.18,2.1,-8.08
CANVNM,ScotiaBank,7.96,9.06,1.1000000000000005
CANVNM,Western Union,8.46,7.94,-0.5200000000000005
CANZWE,MoneyGram,7.789999999999999,5.47,-2.3199999999999994
CANZWE,Royal Bank of Canada,10.18,2.1,-8.08
CANZWE,ScotiaBank,8.96,10.48,1.5199999999999996
CANZWE,Toronto Dominion Bank,17.91,15.504999999999999,-2.405000000000001
CANZWE,Western Union,11.46,8.31,-3.1500000000000004
CANZWE,WorldRemit,7.91,3.975,-3.935
CHEALB,MoneyGram,14.8,5.505000000000001,-9.295
CHEALB,Ria,9.61,8.45,-1.1600000000000001
CHEALB,Swiss Post,2.62,5.97,3.3499999999999996
CHEALB,Western Union,26.08,7.71,-18.369999999999997
CHEHUN,MoneyGram,19.67,6.255000000000001,-13.415000000000001
CHEHUN,Swiss Post,1.37,1.59,0.21999999999999997
CHEHUN,Western Union,23.11,2.82,-20.29
CHEKSV,MoneyGram,14.8,8.51,-6.290000000000001
CHEKSV,Ria,7.28,7.79,0.5099999999999998
CHEKSV,Swiss Post,2.62,5.97,3.3499999999999996
CHEKSV,Western Union,12.305,5.72,-6.585
CHELKA,MoneyGram,19.23,2.54,-16.69
CHELKA,Ria,8.78,4.36,-4.419999999999999
CHELKA,Western Union,16.75,5.44,-11.309999999999999
CHESRB,MoneyGram,14.8,5.96,-8.84
CHESRB,Ria,8.17,8.37,0.1999999999999993
CHESRB,Western Union,21.56,3.545,-18.015
CHLPER,Afex,1.35,4.62,3.27
CHLPER,Argenper,1.85,4.25,2.4
CHLPER,Guinazu Transfer,1.73,5.78,4.050000000000001
CHLPER,MORE Money Transfer,0.85,5.11,4.260000000000001
CHLPER,MoneyGram,4.0,5.68,1.6799999999999997
CHLPER,Western Union,6.65,4.51,-2.1400000000000006
CIVMLI,MoneyGram,3.71,3.23,-0.48
CIVMLI,Orange Money,1.08,1.5,0.41999999999999993
CIVMLI,Western Union,4.84,3.23,-1.6099999999999999
CMRNGA,MoneyGram,11.83,4.63,-7.2
CMRNGA,Western Union,9.06,4.13,-4.930000000000001
CRINIC,BAC San Jose,3.75,5.0,1.25
CRINIC,MoneyGram,4.0,2.75,-1.25
CRINIC,Teledolar,3.0,2.75,-0.25
CRINIC,Western Union,3.0,3.0,0.0
CZEUKR,CSOB,11.530000000000001,11.295,-0.2350000000000012
CZEUKR,Ceska Sporitelna,11.219999999999999,11.7,0.4800000000000004
CZEUKR,MoneyGram,6.3,5.79,-0.5099999999999998
CZEUKR,Western Union,8.67,3.67,-5.0
CZEVNM,CSOB,11.065,11.295,0.23000000000000043
CZEVNM,Ceska Sporitelna,10.75,11.7,0.9499999999999993
CZEVNM,MoneyGram,7.99,6.075,-1.915
CZEVNM,Western Union,12.26,4.02,-8.24
DEUAFG,MoneyGram,10.35,6.705,-3.6449999999999996
DEUAFG,Western Union,8.73,7.73,-1.0
DEUALB,MoneyGram,8.315,3.44,-4.875
DEUALB,Ria,7.14,7.86,0.7200000000000006
DEUALB,Western Union,9.885,4.58,-5.305
DEUBGR,MoneyGram,9.26,2.41,-6.85
DEUBGR,Postbank,2.01,0.0,-2.01
DEUBGR,Ria,8.84,2.79,-6.05
DEUBGR,Western Union,6.29,4.34,-1.9500000000000002
DEUBGR,Wise,1.0,2.44,1.44
DEUBIH,Commerzbank AG,13.01,12.86,-0.15000000000000036
DEUBIH,MoneyGram,11.57,5.14,-6.430000000000001
DEUBIH,Postbank via Western Union,15.21,4.49,-10.72
DEUBIH,Ria,12.04,4.35,-7.6899999999999995
DEUBIH,Western Union,4.57,4.1,-0.47000000000000064
DEUCHN,Commerzbank AG,11.98,18.715,6.734999999999999
DEUCHN,MoneyGram,8.575,4.74,-3.834999999999999
DEUCHN,Postbank,5.5,12.62,7.119999999999999
DEUCHN,Postbank via Western Union,15.76,8.51,-7.25
DEUCHN,Western Union,10.79,8.1,-2.6899999999999995
DEUGHA,MoneyGram,8.695,1.41,-7.285
DEUGHA,Postbank via Western Union,19.27,10.97,-8.299999999999999
DEUGHA,Ria,11.72,4.31,-7.410000000000001
DEUGHA,Western Union,12.705,3.97,-8.735
DEUGHA,WorldRemit,5.64,1.27,-4.369999999999999
DEUHRV,Commerzbank AG,1.79,1.07,-0.72
DEUHRV,Deutsche Bank,0.92,1.07,0.15000000000000002
DEUHRV,MoneyGram,12.9,3.56,-9.34
DEUHRV,Postbank,0.0,0.0,0.0
DEUHRV,Postbank via Western Union,18.73,3.5,-15.23
DEUHRV,Ria,11.08,6.07,-5.01
DEUHRV,Western Union,11.555,3.56,-7.994999999999999
DEUHUN,MoneyGram,9.29,3.695,-5.594999999999999
DEUHUN,Ria,9.64,6.07,-3.5700000000000003
DEUHUN,Western Union,8.315000000000001,13.3,4.984999999999999
DEUHUN,Wise,3.53,2.355,-1.1749999999999998
DEUIND,Commerzbank AG,13.94,13.36,-0.5800000000000001
DEUIND,Deutsche Bank,29.02,27.28,-1.7399999999999984
DEUIND,MoneyGram,6.640000000000001,1.57,-5.07
DEUIND,Postbank,3.71,10.94,7.2299999999999995
DEUIND,Postbank via Western Union,16.7,11.1,-5.6
DEUIND,Ria,11.54,1.8,-9.739999999999998
DEUIND,State Bank of India,12.4,22.47,10.069999999999999
DEUIND,Western Union,7.095000000000001,3.29,-3.8050000000000006
DEUIND,WorldRemit,4.42,2.06,-2.36
DEUKGZ,MoneyGram,12.62,8.08,-4.539999999999999
DEUKGZ,Ria,5.8,7.14,1.3399999999999999
DEUKGZ,Western Union,13.29,18.88,5.59
DEUKSV,MoneyGram,8.57,2.49,-6.08
DEUKSV,Postbank,1.07,8.57,7.5
DEUKSV,Ria,5.0,7.86,2.8600000000000003
DEUKSV,Western Union,6.43,3.56,-2.8699999999999997
DEULBN,MoneyGram,13.350000000000001,3.395,-9.955000000000002
DEULBN,Western Union,11.620000000000001,4.32,-7.300000000000001
DEUMAR,Attijariwafa Bank,4.58,5.140000000000001,0.5600000000000005
DEUMAR,MoneyGram,9.399999999999999,2.535,-6.864999999999998
DEUMAR,Postbank via Western Union,18.67,8.78,-9.890000000000002
DEUMAR,Ria,12.28,3.315,-8.965
DEUMAR,Western Union,9.38,3.88,-5.500000000000001
DEUMAR,WorldRemit,7.09,4.11,-2.9799999999999995
DEUMDA,MoneyGram,11.045,3.56,-7.484999999999999
DEUMDA,Postbank via Western Union,14.21,2.79,-11.420000000000002
DEUMDA,Ria,7.14,3.5,-3.6399999999999997
DEUMDA,Western Union,11.785,4.745,-7.04
DEUMKD,MoneyGram,8.93,0.0,-8.93
DEUMKD,Ria,7.14,7.86,0.7200000000000006
DEUMKD,Western Union,9.29,3.56,-5.729999999999999
DEUNGA,MoneyGram,8.93,1.83,-7.1
DEUNGA,Postbank via Western Union,19.14,5.6,-13.540000000000001
DEUNGA,Ria,9.95,1.51,-8.44
DEUNGA,Western Union,14.18,3.145,-11.035
DEUNGA,WorldRemit,4.28,0.73,-3.5500000000000003
DEUROU,Berliner Volksbank,0.0,1.43,1.43
DEUROU,Commerzbank AG,0.0,1.07,1.07
DEUROU,Deutsche Bank,0.0,1.07,1.07
DEUROU,Hamburger Sparkasse,0.0,1.07,1.07
DEUROU,MoneyGram,10.805,1.79,-9.015
DEUROU,Postbank,0.0,0.0,0.0
DEUROU,Postbank via Western Union,13.33,8.64,-4.6899999999999995
DEUROU,Ria,12.12,3.6100000000000003,-8.509999999999998
DEUROU,Sparkasse KolnBonn,0.19,0.43,0.24
DEUROU,Stadtsparkasse Munchen,13.39,1.43,-11.96
DEUROU,Western Union,8.39,6.705,-1.6850000000000005
DEUSRB,Commerzbank AG,8.93,1.07,-7.859999999999999
DEUSRB,Deutsche Bank,28.21,1.07,-27.14
DEUSRB,MoneyGram,6.965,1.78,-5.185
DEUSRB,Postbank,3.5700000000000003,0.0,-3.5700000000000003
DEUSRB,Postbank via Western Union,14.21,2.79,-11.420000000000002
DEUSRB,Ria,7.14,7.86,0.7200000000000006
DEUSRB,Western Union,7.254999999999999,3.56,-3.694999999999999
DEUTGO,MoneyGram,7.14,2.88,-4.26
DEUTGO,Postbank via Western Union,14.21,3.64,-10.57
DEUTGO,Ria,7.14,6.38,-0.7599999999999998
DEUTGO,Western Union,9.605,2.42,-7.1850000000000005
DEUTHA,MoneyGram,12.73,2.52,-10.21
DEUTHA,Postbank,2.97,10.39,7.42
DEUTHA,Ria,14.8,2.83,-11.97
DEUTHA,Western Union,17.92,4.57,-13.350000000000001
DEUTUR,Isbank,7.115,7.49,0.375
DEUTUR,MoneyGram,5.29,4.8,-0.4900000000000002
DEUTUR,Postbank via Western Union,17.97,7.26,-10.709999999999999
DEUTUR,Ria,4.215,2.17,-2.045
DEUTUR,Western Union,3.5,3.08,-0.41999999999999993
DEUTUR,Wise,1.27,6.305,5.035
DEUUKR,MoneyGram,8.57,0.0,-8.57
DEUUKR,Ria,7.14,2.5,-4.64
DEUUKR,Western Union,14.84,4.0,-10.84
DEUUKR,Wise,2.43,3.7700000000000005,1.3400000000000003
DEUVNM,MoneyGram,12.56,2.8,-9.760000000000002
DEUVNM,Ria,11.62,5.34,-6.279999999999999
DEUVNM,Vietinbank,14.57,8.99,-5.58
DEUVNM,Western Union,15.07,3.18,-11.89
DOMHTI,Caribe Express,6.31,6.71,0.40000000000000036
DOMHTI,Western Union,8.82,7.91,-0.9100000000000001
ESPBGR,MoneyGram,9.21,4.92,-4.290000000000001
ESPBGR,Western Union,4.93,4.88,-0.04999999999999982
ESPBGR,Wise,2.07,2.74,0.6700000000000004
ESPBOL,Europhil,6.2,51.32,45.12
ESPBOL,MoneyGram,5.33,18.66,13.33
ESPBOL,Ria,5.33,3.76,-1.5700000000000003
ESPBOL,Western Union,5.68,17.14,11.46
ESPBRA,Europhil,5.3,4.26,-1.04
ESPBRA,Exact Change,10.35,9.53,-0.8200000000000003
ESPBRA,Money Exchange,4.96,2.2,-2.76
ESPBRA,MoneyGram,5.63,5.505,-0.125
ESPBRA,Ria,5.34,3.93,-1.4099999999999997
ESPBRA,Trans-Fast,7.15,4.49,-2.66
ESPBRA,Western Union,9.23,5.54,-3.6900000000000004
ESPCHN,MoneyGram,17.92,4.76,-13.160000000000002
ESPCHN,Western Union,18.33,5.87,-12.459999999999997
ESPCOL,Europhil,5.58,4.22,-1.3600000000000003
ESPCOL,Money Exchange,5.69,1.69,-4.0
ESPCOL,MoneyGram,5.49,2.8,-2.6900000000000004
ESPCOL,Ria,4.87,4.29,-0.5800000000000001
ESPCOL,Trans-Fast,5.08,4.46,-0.6200000000000001
ESPCOL,Western Union,5.41,4.77,-0.6400000000000006
ESPDOM,Money Exchange,3.51,1.64,-1.8699999999999999
ESPDOM,Ria,5.12,4.64,-0.4800000000000004
ESPDOM,Western Union,5.94,4.64,-1.3000000000000007
ESPECU,Europhil,4.46,5.04,0.5800000000000001
ESPECU,La Caixa,6.23,28.0,21.77
ESPECU,Money Exchange,1.43,2.7,1.2700000000000002
ESPECU,MoneyGram,5.34,2.22,-3.1199999999999997
ESPECU,Ria,6.23,3.31,-2.9200000000000004
ESPECU,Western Union,3.93,4.51,0.5799999999999996
ESPHND,Europhil,4.59,3.89,-0.6999999999999997
ESPHND,MoneyGram,7.36,2.12,-5.24
ESPHND,Ria,6.07,3.27,-2.8000000000000003
ESPHND,Western Union,7.52,5.71,-1.8099999999999996
ESPMAR,Europhil,4.23,4.17,-0.0600000000000005
ESPMAR,La Caixa,6.04,26.74,20.7
ESPMAR,Money Exchange,4.24,2.66,-1.58
ESPMAR,MoneyGram,5.05,2.79,-2.26
ESPMAR,Ria,4.85,3.665,-1.1849999999999996
ESPMAR,Western Union,5.34,4.57,-0.7699999999999996
ESPNGA,Money Exchange,5.06,3.9899999999999998,-1.0699999999999998
ESPNGA,MoneyGram,8.71,4.545,-4.165000000000001
ESPNGA,Ria,6.23,3.8,-2.4300000000000006
ESPNGA,Western Union,13.4,4.29,-9.11
ESPPER,Money Exchange,3.04,3.26,0.21999999999999975
ESPPER,MoneyGram,4.46,1.9449999999999998,-2.515
ESPPER,Ria,7.14,5.02,-2.12
ESPPER,Western Union,3.5,4.51,1.0099999999999998
ESPPHL,Money Exchange,4.05,2.29,-1.7599999999999998
ESPPHL,MoneyGram,3.93,1.97,-1.9600000000000002
ESPPHL,Western Union,3.57,3.875,0.30500000000000016
ESPROU,Money Exchange,4.29,3.805,-0.4849999999999999
ESPROU,MoneyGram,4.29,6.58,2.29
ESPROU,Ria,4.93,5.32,0.39000000000000057
ESPROU,Western Union,6.36,4.53,-1.83
ESPROU,Wise,1.81,2.27,0.45999999999999996
FRACHN,MoneyGram,14.29,7.98,-6.309999999999999
FRACHN,Ria,10.54,3.38,-7.159999999999999
FRACHN,Western Union,6.685,3.4,-3.2849999999999997
FRACIV,MoneyGram,5.36,2.86,-2.5000000000000004
FRACIV,Ria,4.93,4.72,-0.20999999999999996
FRACIV,Western Union,5.64,2.61,-3.03
FRACMR,MoneyGram,5.36,1.93,-3.4300000000000006
FRACMR,Ria,4.93,5.83,0.9000000000000004
FRACMR,Western Union,5.64,4.44,-1.1999999999999993
FRACOM,MoneyGram,5.36,3.14,-2.22
FRACOM,Ria,5.13,4.9,-0.22999999999999954
FRACOM,Western Union,5.64,2.75,-2.8899999999999997
FRAHTI,MoneyGram,12.0,4.1,-7.9
FRAHTI,Ria,9.62,4.62,-4.999999999999999
FRAHTI,Western Union,7.675,4.49,-3.1849999999999996
FRAIND,Bank of India,13.235,12.645,-0.5899999999999999
FRAIND,MoneyGram,7.71,4.36,-3.3499999999999996
FRAIND,Ria,5.81,5.06,-0.75
FRAIND,Western Union,4.765,4.09,-0.6749999999999998
FRAIND,Wise,1.36,2.26,0.8999999999999997
FRALBN,MoneyGram,14.11,5.97,-8.14
FRALBN,Western Union,7.01,4.67,-2.34
FRAMAR,Attijariwafa Bank,2.03,2.205,0.17500000000000027
FRAMAR,Banque Chaabi de Maroc,7.64,3.99,-3.6499999999999995
FRAMAR,MoneyGram,8.07,3.6,-4.470000000000001
FRAMAR,Ria,7.8,4.71,-3.09
FRAMAR,Western Union,7.71,4.79,-2.92
FRAMAR,WorldRemit,4.89,2.8,-2.09
FRAMDG,MoneyGram,9.7,4.19,-5.509999999999999
FRAMDG,Ria,7.97,5.87,-2.0999999999999996
FRAMDG,Western Union,8.65,4.63,-4.0200000000000005
FRAMLI,MoneyGram,5.36,2.86,-2.5000000000000004
FRAMLI,Ria,4.93,4.65,-0.27999999999999936
FRAMLI,Western Union,5.64,2.57,-3.07
FRASEN,MoneyGram,5.36,2.84,-2.5200000000000005
FRASEN,Ria,4.93,4.66,-0.2699999999999996
FRASEN,Western Union,5.64,3.05,-2.59
FRASRB,MoneyGram,9.29,5.39,-3.8999999999999995
FRASRB,Ria,7.86,7.86,0.0
FRASRB,Western Union,10.0,12.915,2.914999999999999
FRATGO,MoneyGram,5.36,2.84,-2.5200000000000005
FRATGO,Ria,4.93,4.67,-0.2599999999999998
FRATGO,Western Union,5.64,2.65,-2.9899999999999998
FRATUN,Attijariwafa Bank,3.24,1.325,-1.9150000000000003
FRATUN,MoneyGram,8.53,2.85,-5.68
FRATUN,Ria,11.8,6.89,-4.910000000000001
FRATUN,Western Union,8.54,5.47,-3.0699999999999994
FRAVNM,MoneyGram,7.14,3.165,-3.9749999999999996
FRAVNM,Ria,9.19,6.93,-2.26
FRAVNM,Western Union,11.97,11.29,-0.6800000000000015
GBRAFG,MoneyGram,19.42,7.795,-11.625000000000002
GBRAFG,Western Union,8.625,16.09,7.465
GBRALB,MoneyGram,9.13,5.6,-3.530000000000001
GBRALB,Ria,6.64,8.72,2.080000000000001
GBRALB,Western Union,8.94,4.92,-4.02
GBRBGD,IFIC Money Transfer,2.35,3.28,0.9299999999999997
GBRBGD,MoneyGram,8.745000000000001,7.125,-1.620000000000001
GBRBGD,Ria,3.35,4.4,1.0500000000000003
GBRBGD,Sonali Bank,3.56,2.41,-1.15
GBRBGD,Western Union,6.32,6.539999999999999,0.21999999999999886
GBRBGR,MoneyGram,11.42,6.91,-4.51
GBRBGR,Western Union,12.36,18.535,6.175000000000001
GBRBGR,Wise,1.69,1.9949999999999999,0.30499999999999994
GBRBRA,MoneyGram,11.24,7.35,-3.8900000000000006
GBRBRA,Speedfast,3.23,5.3,2.07
GBRBRA,Western Union,7.06,5.025,-2.0349999999999993
GBRCHN,MoneyGram,9.15,1.55,-7.6000000000000005
GBRCHN,Western Union,6.29,2.57,-3.72
GBRERI,Western Union,5.75,12.28,6.529999999999999
GBRETH,Dahabshiil,8.19,14.58,6.390000000000001
GBRETH,MoneyGram,19.04,6.37,-12.669999999999998
GBRETH,Western Union,9.55,3.165,-6.385000000000001
GBRETH,WorldRemit,7.47,4.5,-2.9699999999999998
GBRGHA,MoneyGram,10.219999999999999,2.45,-7.769999999999999
GBRGHA,Ria,4.6,3.71,-0.8899999999999997
GBRGHA,Unity Link,5.83,0.59,-5.24
GBRGHA,Western Union,7.235,6.11,-1.125
GBRGHA,WorldRemit,4.0,1.24,-2.76
GBRGMB,MoneyGram,23.479999999999997,12.415,-11.064999999999998
GBRGMB,Ria,13.18,12.785,-0.3949999999999996
GBRGMB,Western Union,21.025,13.685,-7.339999999999998
GBRGMB,YaYeh Instant Services,2.6799999999999997,8.3,5.620000000000001
GBRIND,ICICI Bank,2.55,1.21,-1.3399999999999999
GBRIND,MoneyGram,7.03,1.91,-5.12
GBRIND,Ria,4.13,2.51,-1.62
GBRIND,State Bank of India,4.85,0.15,-4.699999999999999
GBRIND,Western Union,5.404999999999999,2.01,-3.3949999999999996
GBRIND,Wise,1.62,1.72,0.09999999999999987
GBRJAM,MoneyGram,9.035,4.335,-4.7
GBRJAM,Ria,7.22,7.77,0.5499999999999998
GBRJAM,Western Union,7.97,6.48,-1.4899999999999993
GBRKEN,MoneyGram,6.59,3.465,-3.125
GBRKEN,Ria,9.23,8.74,-0.4900000000000002
GBRKEN,Skrill,4.46,2.65,-1.81
GBRKEN,Western Union,9.97,5.34,-4.630000000000001
GBRKEN,WorldRemit,5.6,1.18,-4.42
GBRLBN,MoneyGram,18.99,6.26,-12.729999999999999
GBRLBN,Western Union,19.87,5.26,-14.610000000000001
GBRLKA,Global Exchange Ltd,2.7,4.03,1.33
GBRLKA,MoneyGram,9.74,4.505000000000001,-5.234999999999999
GBRLKA,Western Union,7.015,5.31,-1.705
GBRLTU,MoneyGram,13.2,6.01,-7.1899999999999995
GBRLTU,Opal Transfer,4.42,4.99,0.5700000000000003
GBRLTU,Ria,8.6,8.57,-0.02999999999999936
GBRLTU,Skrill,4.27,1.39,-2.88
GBRLTU,TransferGo,2.63,0.75,-1.88
GBRLTU,Western Union,16.02,4.34,-11.68
GBRNGA,MoneyGram,6.58,1.03,-5.55
GBRNGA,Ria,5.64,1.66,-3.9799999999999995
GBRNGA,Western Union,8.45,5.71,-2.7399999999999993
GBRNPL,MoneyGram,10.95,5.98,-4.969999999999999
GBRNPL,Western Union,6.995,3.54,-3.455
GBRPAK,MoneyGram,5.4399999999999995,2.03,-3.4099999999999997
GBRPAK,Ria,4.28,2.61,-1.6700000000000004
GBRPAK,UBL,3.92,0.9349999999999999,-2.985
GBRPAK,Western Union,5.57,1.36,-4.21
GBRPHL,MoneyGram,11.62,1.845,-9.774999999999999
GBRPHL,PNB (Philippines National Bank),5.31,5.035,-0.27499999999999947
GBRPHL,Ria,8.004999999999999,2.83,-5.174999999999999
GBRPHL,Western Union,7.220000000000001,3.13,-4.090000000000001
GBRPHL,WorldRemit,6.25,1.5799999999999998,-4.67
GBRPHL,iRemit,6.98,8.76,1.7799999999999994
GBRPOL,MoneyGram,9.775,1.06,-8.715
GBRPOL,Opal Transfer,3.98,4.37,0.3900000000000001
GBRPOL,Ria,6.72,6.15,-0.5699999999999994
GBRPOL,Sami Swoi,5.64,1.68,-3.96
GBRPOL,Tonio,5.17,0.18,-4.99
GBRPOL,TransferGo,2.3,0.68,-1.6199999999999997
GBRPOL,Western Union,8.49,5.03,-3.46
GBRPOL,Wise,1.68,1.73,0.050000000000000044
GBRROU,MoneyGram,11.465,2.305,-9.16
GBRROU,Western Union,11.3,4.34,-6.960000000000001
GBRROU,Wise,1.68,1.83,0.15000000000000013
GBRRWA,MoneyGram,16.185,3.0,-13.184999999999999
GBRRWA,Western Union,11.27,10.95,-0.3200000000000003
GBRRWA,WorldRemit,8.06,2.23,-5.83
GBRSLE,MoneyGram,10.95,4.4,-6.549999999999999
GBRSLE,Ria,5.75,7.11,1.3600000000000003
GBRSLE,Western Union,10.355,12.91,2.5549999999999997
GBRSOM,Amal Express,7.39,6.34,-1.0499999999999998
GBRSOM,Dahabshiil,8.78,8.545000000000002,-0.23499999999999766
GBRSOM,Iftin Express,7.39,7.04,-0.34999999999999964
GBRSOM,WorldRemit,6.53,5.08,-1.4500000000000002
GBRSSD,MoneyGram,15.129999999999999,7.89,-7.239999999999999
GBRSSD,Western Union,14.72,8.565000000000001,-6.154999999999999
GBRTHA,Bangkok Bank,15.15,14.57,-0.5800000000000001
GBRTHA,Kapook,4.17,4.19,0.020000000000000462
GBRTHA,MoneyGram,20.03,4.335,-15.695
GBRTHA,Ria,11.78,7.04,-4.739999999999999
GBRTHA,Western Union,12.23,4.42,-7.8100000000000005
GBRTHA,Wise,1.64,2.3,0.6599999999999999
GBRTHA,WorldRemit,5.76,3.41,-2.3499999999999996
GBRTZA,MoneyGram,18.39,5.84,-12.55
GBRTZA,Western Union,7.21,12.375,5.165
GBRTZA,WorldRemit,7.95,3.91,-4.04
GBRUGA,Dahabshiil,7.53,9.69,2.1599999999999993
GBRUGA,MoneyGram,12.06,4.4350000000000005,-7.625
GBRUGA,Ria,14.35,9.89,-4.459999999999999
GBRUGA,Western Union,10.28,7.75,-2.5299999999999994
GBRUGA,WorldRemit,4.59,1.32,-3.2699999999999996
GBRVNM,MoneyGram,19.3,5.23,-14.07
GBRVNM,Ria,8.93,8.12,-0.8100000000000005
GBRVNM,Western Union,11.86,3.31,-8.549999999999999
GBRZAF,ExpressLinks UK,9.61,5.22,-4.39
GBRZAF,MoneyGram,11.295,12.15,0.8550000000000004
GBRZAF,Mukuru,2.67,6.445,3.7750000000000004
GBRZAF,Western Union,7.845,12.185,4.340000000000001
GBRZAF,WorldRemit,5.61,7.0,1.3899999999999997
GBRZMB,MoneyGram,11.41,5.0600000000000005,-6.35
GBRZMB,Western Union,7.84,10.225000000000001,2.3850000000000016
GBRZMB,WorldRemit,8.96,2.695,-6.265000000000001
GBRZWE,ExpressLinks UK,8.99,6.65,-2.34
GBRZWE,MoneyGram,9.01,5.87,-3.1399999999999997
GBRZWE,Mukuru,7.69,7.23,-0.45999999999999996
GBRZWE,Western Union,6.0,9.47,3.4700000000000006
GBRZWE,WorldRemit,7.97,2.33,-5.64
GHANGA,UBA Africash,7.88,13.8,5.920000000000001
GHANGA,United Bank for Africa (UBA),7.88,14.079999999999998,6.199999999999998
ISRMAR,MoneyGram,11.46,8.93,-2.530000000000001
ISRMAR,Western Union,13.8,16.98,3.1799999999999997
ITAALB,Banca Intesa SanPaolo,3.43,35.035,31.604999999999997
ITAALB,Banca Monte dei Paschi di Siena,7.5,35.89,28.39
ITAALB,MoneyGram,6.43,2.85,-3.5799999999999996
ITAALB,Poste Italiane via MoneyGram,6.43,6.43,0.0
ITAALB,Ria,5.36,3.21,-2.1500000000000004
ITAALB,Unicredit Banca,14.64,18.46,3.8200000000000003
ITAALB,Western Union,8.645,5.51,-3.135
ITABRA,Extrabanca,4.725,19.25,14.525
ITABRA,MoneyGram,10.43,2.41,-8.02
ITABRA,Poste Italiane via MoneyGram,10.43,3.18,-7.25
ITABRA,Ria,6.3,2.7,-3.5999999999999996
ITABRA,Western Union,8.27,3.79,-4.4799999999999995
ITABRA,Wise,2.3,2.49,0.1900000000000004
ITACHN,Extrabanca,4.0,19.34,15.34
ITACHN,MoneyGram,16.25,2.25,-14.0
ITACHN,Poste Italiane via MoneyGram,16.25,8.51,-7.74
ITACHN,Western Union,12.66,5.76,-6.9
ITACHN,Wise,2.58,3.75,1.17
ITAECU,Extrabanca,4.0,19.34,15.34
ITAECU,MoneyGram,3.44,2.335,-1.105
ITAECU,Poste Italiane via MoneyGram,3.44,2.53,-0.9100000000000001
ITAECU,Ria,4.51,2.64,-1.8699999999999997
ITAECU,Western Union,4.14,2.99,-1.1499999999999995
ITAEGY,Extrabanca,5.63,19.34,13.71
ITAEGY,MoneyGram,10.45,2.295,-8.155
ITAEGY,Poste Italiane via MoneyGram,10.45,4.595,-5.8549999999999995
ITAEGY,Ria,10.44,7.35,-3.09
ITAEGY,Western Union,9.025,3.37,-5.655
ITAETH,MoneyGram,10.12,8.86,-1.2599999999999998
ITAETH,Poste Italiane via MoneyGram,10.12,8.2,-1.92
ITAETH,Ria,7.74,0.3999999999999999,-7.34
ITAETH,Western Union,9.56,2.44,-7.120000000000001
ITAETH,WorldRemit,7.78,6.34,-1.4400000000000004
ITAIND,Extrabanca,4.46,19.34,14.879999999999999
ITAIND,MoneyGram,6.135,1.62,-4.515
ITAIND,Poste Italiane via MoneyGram,6.0649999999999995,5.12,-0.9449999999999994
ITAIND,Ria,6.89,2.33,-4.56
ITAIND,Western Union,6.9,2.93,-3.97
ITAIND,WorldRemit,4.43,1.95,-2.4799999999999995
ITAKSV,Banca Monte dei Paschi di Siena,15.0,35.89,20.89
ITAKSV,MoneyGram,7.07,9.86,2.789999999999999
ITAKSV,Poste Italiane via MoneyGram,7.07,7.07,0.0
ITAKSV,Ria,7.14,3.21,-3.9299999999999997
ITAKSV,Western Union,7.14,2.85,-4.289999999999999
ITALKA,Extrabanca,4.175,19.43,15.254999999999999
ITALKA,MoneyGram,3.75,1.855,-1.895
ITALKA,Poste Italiane via MoneyGram,3.75,2.02,-1.73
ITALKA,Ria,5.26,4.29,-0.9699999999999998
ITALKA,Skrill,4.27,3.3,-0.9699999999999998
ITALKA,Western Union,4.065,5.39,1.3249999999999993
ITAMAR,Attijariwafa Bank,3.1,5.64,2.5399999999999996
ITAMAR,Banca Intesa SanPaolo via Western Union,9.82,5.72,-4.1000000000000005
ITAMAR,Banque Chaabi de Maroc,3.36,4.69,1.3300000000000005
ITAMAR,Extrabanca,6.885,19.34,12.455
ITAMAR,MoneyGram,6.8,1.9949999999999999,-4.805
ITAMAR,Poste Italiane via MoneyGram,6.8,-0.45,-7.25
ITAMAR,Ria,6.38,1.94,-4.4399999999999995
ITAMAR,Western Union,7.140000000000001,3.62,-3.5200000000000005
ITAMAR,Wise,1.22,5.7,4.48
ITAMAR,WorldRemit,7.34,2.5,-4.84
ITAMDA,Extrabanca,4.0,19.34,15.34
ITAMDA,MoneyGram,6.965,3.56,-3.405
ITAMDA,Poste Italiane via MoneyGram,7.86,7.86,0.0
ITAMDA,Ria,5.71,2.5,-3.21
ITAMDA,Western Union,6.785,2.85,-3.935
ITANGA,Banca Intesa SanPaolo via Western Union,10.76,4.96,-5.8
ITANGA,Extrabanca,17.205,19.31,2.1050000000000004
ITANGA,MoneyGram,7.63,2.8249999999999997,-4.805
ITANGA,Ria,7.13,6.02,-1.1100000000000003
ITANGA,Western Union,10.76,3.12,-7.64
ITANGA,WorldRemit,4.28,0.74,-3.54
ITAPHL,Extrabanca,3.615,19.32,15.705
ITAPHL,I-transfer,4.16,2.76,-1.4000000000000004
ITAPHL,MoneyGram,6.32,1.345,-4.9750000000000005
ITAPHL,PNB (Philippines National Bank),5.385,5.05,-0.33499999999999996
ITAPHL,Poste Italiane via MoneyGram,9.505,11.7,2.1949999999999985
ITAPHL,Ria,5.11,1.9700000000000002,-3.14
ITAPHL,Western Union,4.22,2.92,-1.2999999999999998
ITAPHL,Wise,2.02,2.19,0.16999999999999993
ITAPHL,WorldRemit,6.86,2.31,-4.550000000000001
ITAROU,Banca Monte dei Paschi di Siena,1.605,2.6799999999999997,1.0749999999999997
ITAROU,Extrabanca,4.595000000000001,19.33,14.734999999999998
ITAROU,MoneyGram,5.890000000000001,2.48,-3.4100000000000006
ITAROU,Poste Italiane via MoneyGram,5.890000000000001,6.07,0.17999999999999972
ITAROU,Ria,4.095,6.08,1.9850000000000003
ITAROU,Unicredit Banca,4.555,8.3,3.745000000000001
ITAROU,Western Union,6.07,2.9,-3.1700000000000004
ITAROU,Wise,1.62,2.27,0.6499999999999999
ITASEN,Banca Intesa SanPaolo via Western Union,5.36,5.95,0.5899999999999999
ITASEN,Banca Monte dei Paschi di Siena,7.5,35.89,28.39
ITASEN,Extrabanca,4.984999999999999,19.36,14.375
ITASEN,MoneyGram,5.29,0.69,-4.6
ITASEN,Ria,2.5,1.41,-1.09
ITASEN,Unicredit Banca,7.75,27.5,19.75
ITASEN,Western Union,5.36,3.3,-2.0600000000000005
ITASEN,WorldRemit,4.28,3.0900000000000003,-1.19
ITASRB,MoneyGram,13.5,3.56,-9.94
ITASRB,Ria,7.14,3.21,-3.9299999999999997
ITASRB,Unicredit Banca,7.75,18.46,10.71
ITASRB,Western Union,7.68,2.85,-4.83
ITATUN,Attijariwafa Bank,6.19,5.68,-0.5100000000000007
ITATUN,Banca Intesa SanPaolo,4.535,33.57,29.035
ITATUN,Banca Intesa SanPaolo via Western Union,12.79,4.27,-8.52
ITATUN,Poste Italiane via MoneyGram,11.37,3.23,-8.139999999999999
ITATUN,Ria,9.84,2.54,-7.3
ITATUN,Western Union,12.79,5.72,-7.069999999999999
ITATUN,WorldRemit,7.46,5.72,-1.7400000000000002
ITAUKR,Banca Monte dei Paschi di Siena,15.0,35.89,20.89
ITAUKR,Extrabanca,4.0,19.34,15.34
ITAUKR,MoneyGram,4.29,2.14,-2.15
ITAUKR,Poste Italiane via MoneyGram,4.29,4.64,0.34999999999999964
ITAUKR,Ria,3.57,3.07,-0.5
ITAUKR,Western Union,3.72,5.55,1.8299999999999996
ITAUKR,Wise,2.39,3.47,1.08
JOREGY,Abu Skeikha Exchange,2.38,1.85,-0.5299999999999998
JOREGY,Alaweneh Exchange,3.74,2.78,-0.9600000000000004
JOREGY,Arab Bank,4.31,4.29,-0.019999999999999574
JOREGY,Western Union,3.6,1.85,-1.75
JORPSE,Alaweneh Exchange,7.14,3.57,-3.57
JORPSE,Cairo Amman Bank,3.57,3.57,0.0
JORPSE,Housing Bank,5.0,7.14,2.1399999999999997
JORPSE,Jordan Ahli Bank,15.0,5.71,-9.29
JORPSE,Jordan Kuwait Bank,4.29,5.0,0.71
JORPSE,MoneyGram,8.94,2.14,-6.799999999999999
JORPSE,Western Union,10.71,1.79,-8.920000000000002
JORSYR,Alaweneh Exchange,2.14,10.63,8.49
JPNBRA,Banco do Brasil,7.25,9.865,2.615
JPNBRA,Brastel Remit,7.41,6.45,-0.96
JPNBRA,Japan Post Bank,15.51,20.0,4.49
JPNBRA,Kyodai,14.59,6.07,-8.52
JPNBRA,SBI remit,7.460000000000001,7.41,-0.05000000000000071
JPNBRA,Seven Bank,10.93,9.59,-1.3399999999999999
JPNBRA,Western Union,10.93,6.48,-4.449999999999999
JPNCHN,JRF,11.78,9.28,-2.5
JPNCHN,Japan Post Bank,15.62,20.0,4.380000000000001
JPNCHN,Queen Bee Capital,7.83,8.63,0.8000000000000007
JPNCHN,SBI remit,7.8149999999999995,3.57,-4.244999999999999
JPNCHN,Seven Bank,10.04,6.59,-3.4499999999999993
JPNCHN,Western Union,9.915,5.73,-4.184999999999999
JPNIDN,BNI Tokyo,14.5,14.9,0.40000000000000036
JPNIDN,DCOM Money Express,5.32,2.66,-2.66
JPNIDN,JME,5.88,5.39,-0.4900000000000002
JPNIDN,JRF,23.76,5.27,-18.490000000000002
JPNIDN,Japan Post Bank,15.62,20.02,4.4
JPNIDN,Kyodai,9.12,5.44,-3.679999999999999
JPNIDN,SBI remit,6.65,5.62,-1.0300000000000002
JPNIDN,SMTJ,5.79,2.49,-3.3
JPNIDN,Seven Bank,12.11,3.39,-8.719999999999999
JPNIDN,Western Union,12.11,5.91,-6.199999999999999
JPNIND,Bank of India,19.76,12.274999999999999,-7.485000000000003
JPNIND,Brastel Remit,6.42,5.05,-1.37
JPNIND,JME,6.29,5.82,-0.46999999999999975
JPNIND,JRF,12.38,5.324999999999999,-7.0550000000000015
JPNIND,Japan Post Bank,15.62,20.01,4.390000000000002
JPNIND,Kyodai,10.56,5.66,-4.9
JPNIND,SBI remit,6.44,3.13,-3.3100000000000005
JPNIND,Seven Bank,12.86,9.26,-3.5999999999999996
JPNIND,State Bank of India,24.17,17.994999999999997,-6.175000000000004
JPNIND,Western Union,12.86,2.85,-10.01
JPNPHL,Brastel Remit,6.21,5.36,-0.8499999999999996
JPNPHL,DCOM Money Express,6.71,4.035,-2.675
JPNPHL,JME,5.67,3.98,-1.69
JPNPHL,JRF,23.16,6.05,-17.11
JPNPHL,Japan Post Bank,15.62,20.0,4.380000000000001
JPNPHL,Kyodai,9.98,5.04,-4.94
JPNPHL,LBC Remit,6.2,6.1,-0.10000000000000053
JPNPHL,Metro Bank,12.71,20.04,7.329999999999998
JPNPHL,PNB (Philippines National Bank),13.2,6.19,-7.009999999999999
JPNPHL,SBI remit,6.57,4.33,-2.24
JPNPHL,SMTJ,5.98,5.395,-0.5850000000000009
JPNPHL,Seven Bank,11.399999999999999,6.22,-5.179999999999999
JPNPHL,Western Union,11.79,5.09,-6.699999999999999
JPNTHA,Bangkok Bank,22.08,21.68,-0.3999999999999986
JPNTHA,Brastel Remit,7.19,6.39,-0.8000000000000007
JPNTHA,Japan Post Bank,15.63,20.03,4.4
JPNTHA,Kyodai,10.23,5.34,-4.890000000000001
JPNTHA,SBI remit,8.25,7.36,-0.8899999999999997
JPNTHA,Seven Bank,11.84,9.43,-2.41
JPNTHA,Western Union,11.84,5.47,-6.37
JPNVNM,Brastel Remit,6.46,2.53,-3.93
JPNVNM,DCOM Money Express,5.81,2.51,-3.3
JPNVNM,JME,5.58,3.39,-2.19
JPNVNM,JRF,13.72,2.225,-11.495000000000001
JPNVNM,Japan Post Bank,15.63,20.03,4.4
JPNVNM,Kyodai,6.96,3.22,-3.7399999999999998
JPNVNM,SMTJ,6.37,2.65,-3.72
JPNVNM,Seven Bank,9.9,2.95,-6.95
JPNVNM,Western Union,9.9,3.09,-6.8100000000000005
KENRWA,Ecobank,16.21,35.51,19.299999999999997
KENRWA,MoneyGram,3.71,5.84,2.13
KENRWA,Western Union,8.84,5.37,-3.4699999999999998
KENSSD,ABC Bank,10.37,11.81,1.4400000000000013
KENSSD,Development Bank of Kenya,12.51,19.28,6.770000000000001
KENSSD,Ecobank,16.21,35.51,19.299999999999997
KENSSD,GT Bank,10.17,18.19,8.020000000000001
KENSSD,MoneyGram,3.26,2.46,-0.7999999999999998
KENSSD,United Bank for Africa (UBA),10.68,20.03,9.350000000000001
KENSSD,Western Union,8.84,6.83,-2.01
KENTZA,ABC Bank,10.37,11.81,1.4400000000000013
KENTZA,Development Bank of Kenya,12.51,19.28,6.770000000000001
KENTZA,Ecobank,16.21,35.51,19.299999999999997
KENTZA,GT Bank,10.17,18.19,8.020000000000001
KENTZA,MoneyGram,3.71,6.26,2.55
KENTZA,UBA Africash,4.37,6.78,2.41
KENTZA,United Bank for Africa (UBA),10.68,20.03,9.350000000000001
KENTZA,Western Union,8.84,0.46,-8.379999999999999
KENUGA,ABC Bank,10.37,11.81,1.4400000000000013
KENUGA,Development Bank of Kenya,12.51,19.28,6.770000000000001
KENUGA,Ecobank,16.21,35.51,19.299999999999997
KENUGA,GT Bank,10.17,18.19,8.020000000000001
KENUGA,MoneyGram,3.71,4.45,0.7400000000000002
KENUGA,UBA Africash,4.37,6.78,2.41
KENUGA,United Bank for Africa (UBA),10.68,20.03,9.350000000000001
KENUGA,Western Union,8.84,5.8,-3.04
KORCHN,Citibank,4.49,5.859999999999999,1.3699999999999992
KORCHN,ICBC Korea,7.37,7.41,0.040000000000000036
KORCHN,KEB Hana Bank,5.24,4.855,-0.3849999999999998
KORCHN,Korea Post Office,3.745,4.165,0.41999999999999993
KORCHN,MoneyGram,7.93,6.01,-1.92
KORCHN,Shinhan Bank,5.24,4.734999999999999,-0.5050000000000008
KORCHN,Western Union,8.39,9.94,1.549999999999999
KORVNM,Citibank,4.52,5.859999999999999,1.3399999999999999
KORVNM,Industrial Bank of Korea,5.355,3.08,-2.2750000000000004
KORVNM,KEB Hana Bank,4.925,5.465,0.54
KORVNM,Kookmin Bank,5.380000000000001,4.43,-0.9500000000000011
KORVNM,Korea Post Office,3.4749999999999996,3.13,-0.34499999999999975
KORVNM,MoneyGram,7.62,2.91,-4.71
KORVNM,NH Bank,4.3149999999999995,5.61,1.2950000000000008
KORVNM,Shinhan Bank,0.77,4.734999999999999,3.9649999999999994
KORVNM,Western Union,8.09,9.94,1.8499999999999996
KORVNM,Woori Bank,5.16,4.245,-0.915
KWTBGD,Al Mulla Exchange,2.32,6.53,4.210000000000001
KWTBGD,Al Muzaini Exchange,1.67,6.53,4.86
KWTBGD,Aman Exchange,1.63,6.2,4.57
KWTBGD,Bahrain Exchange Company,1.68,6.53,4.8500000000000005
KWTBGD,MoneyGram,2.2,7.25,5.05
KWTBGD,Western Union,2.39,6.87,4.48
KWTEGY,Al Mulla Exchange,2.88,3.36,0.48
KWTEGY,Al Muzaini Exchange,2.89,3.83,0.94
KWTEGY,Aman Exchange,2.92,2.98,0.06000000000000005
KWTEGY,Bahrain Exchange Company,2.91,3.43,0.52
KWTEGY,Western Union,1.8,4.29,2.49
KWTIND,Al Mulla Exchange,1.86,2.37,0.51
KWTIND,Al Muzaini Exchange,1.86,3.01,1.1499999999999997
KWTIND,Aman Exchange,2.06,2.67,0.6099999999999999
KWTIND,Bahrain Exchange Company,1.95,2.69,0.74
KWTIND,Kuwait India International Exchange,3.62,2.45,-1.17
KWTIND,MoneyGram,2.33,2.35,0.020000000000000018
KWTIND,Western Union,3.36,2.51,-0.8500000000000001
KWTJOR,Al Mulla Exchange,5.59,2.73,-2.86
KWTJOR,Al Muzaini Exchange,4.43,3.49,-0.9399999999999995
KWTJOR,Aman Exchange,4.74,3.79,-0.9500000000000002
KWTJOR,Bahrain Exchange Company,13.75,3.62,-10.129999999999999
KWTJOR,MoneyGram,14.94,7.37,-7.569999999999999
KWTJOR,Western Union,6.56,2.855,-3.7049999999999996
KWTPAK,Al Mulla Exchange,1.86,-1.3,-3.16
KWTPAK,Al Muzaini Exchange,1.58,1.97,0.3899999999999999
KWTPAK,Aman Exchange,1.8,-1.49,-3.29
KWTPAK,Bahrain Exchange Company,1.98,1.7449999999999999,-0.2350000000000001
KWTPAK,MoneyGram,4.24,1.99,-2.25
KWTPAK,Western Union,2.01,2.825,0.8150000000000004
KWTPHL,Al Mulla Exchange,1.59,3.17,1.5799999999999998
KWTPHL,Al Muzaini Exchange,1.8,3.0,1.2
KWTPHL,Aman Exchange,2.39,2.96,0.5699999999999998
KWTPHL,Bahrain Exchange Company,1.9,2.92,1.02
KWTPHL,MoneyGram,4.74,3.15,-1.5900000000000003
KWTPHL,Western Union,3.65,2.23,-1.42
MYSBGD,Agrani Remittance House,1.58,5.32,3.74
MYSBGD,CBL Money Transfer,1.48,5.5,4.02
MYSBGD,CIMB Group (Cash Laju),20.3,14.14,-6.16
MYSBGD,E-remit,2.08,6.32,4.24
MYSBGD,IME (International Money Express),1.63,7.15,5.5200000000000005
MYSBGD,Maybank,6.86,10.555,3.6949999999999994
MYSBGD,Merchantrade Money Transfer,2.35,5.49,3.14
MYSBGD,MoneyGram,1.58,5.05,3.4699999999999998
MYSBGD,NBL Money Transfer,1.48,5.32,3.8400000000000003
MYSBGD,RHB Bank,10.14,12.96,2.8200000000000003
MYSBGD,Standard Chartered Bank,7.87,12.11,4.239999999999999
MYSBGD,Western Union,1.92,6.0600000000000005,4.140000000000001
MYSCHN,Bank of China,6.32,6.62,0.2999999999999998
MYSCHN,HLB (Hong Leong Bank),4.57,6.43,1.8599999999999994
MYSCHN,IME (International Money Express),9.95,2.89,-7.059999999999999
MYSCHN,MoneyGram,8.6,2.43,-6.17
MYSCHN,Western Union,8.43,4.145,-4.285
MYSIDN,Al-Rajhi Bank,5.6,12.25,6.65
MYSIDN,CBL Money Transfer,4.06,1.29,-2.7699999999999996
MYSIDN,CIMB Group (Cash Laju),11.71,9.155,-2.5550000000000015
MYSIDN,E-remit,4.05,3.1,-0.9499999999999997
MYSIDN,EZ Money,5.32,4.2,-1.12
MYSIDN,HLB (Hong Leong Bank),7.98,11.28,3.299999999999999
MYSIDN,IME (International Money Express),4.05,3.37,-0.6799999999999997
MYSIDN,KL Remit Xchange,2.55,8.16,5.61
MYSIDN,Maybank,10.01,6.3,-3.71
MYSIDN,Merchantrade Money Transfer,3.71,3.13,-0.5800000000000001
MYSIDN,MoneyGram,4.19,3.81,-0.38000000000000034
MYSIDN,Pos Malaysia,6.25,2.03,-4.220000000000001
MYSIDN,RHB Bank,10.94,9.44,-1.5
MYSIDN,Western Union,6.25,2.635,-3.615
MYSIND,E-remit,3.14,2.08,-1.06
MYSIND,IME (International Money Express),2.8,1.77,-1.0299999999999998
MYSIND,India International Bank,3.7,1.88,-1.8200000000000003
MYSIND,KL Remit Xchange,2.11,14.94,12.83
MYSIND,MoneyGram,4.18,1.84,-2.34
MYSIND,Western Union,3.28,1.5699999999999998,-1.71
MYSMMR,E-remit,3.77,0.15,-3.62
MYSMMR,MoneyGram,3.2,0.27,-2.93
MYSMMR,Western Union,3.93,0.18,-3.75
MYSNPL,E-remit,2.65,2.28,-0.3700000000000001
MYSNPL,IME (International Money Express),3.17,2.34,-0.8300000000000001
MYSNPL,Merchantrade Money Transfer,2.46,2.26,-0.20000000000000018
MYSNPL,MoneyGram,2.93,2.84,-0.0900000000000003
MYSNPL,Western Union,3.18,2.13,-1.0500000000000003
MYSPHL,Al-Rajhi Bank,2.3,7.42,5.12
MYSPHL,CBL Money Transfer,2.3,2.23,-0.06999999999999984
MYSPHL,CIMB Group (Cash Laju),6.83,7.835000000000001,1.0050000000000008
MYSPHL,E-remit,2.3,2.01,-0.29000000000000004
MYSPHL,EZ Money,4.47,4.51,0.040000000000000036
MYSPHL,IME (International Money Express),3.0,2.75,-0.25
MYSPHL,Maybank,7.84,6.175,-1.665
MYSPHL,Merchantrade Money Transfer,2.91,1.76,-1.1500000000000001
MYSPHL,MoneyGram,3.52,2.69,-0.8300000000000001
MYSPHL,RHB Bank,9.43,9.42,-0.009999999999999787
MYSPHL,United Overseas Bank,7.07,7.975,0.9049999999999994
MYSPHL,Western Union,6.23,2.135,-4.095000000000001
MYSTHA,Maybank,12.38,9.015,-3.365
MYSTHA,MoneyGram,9.66,3.08,-6.58
MYSTHA,RHB Bank,12.27,5.56,-6.71
MYSTHA,United Overseas Bank,11.34,6.390000000000001,-4.949999999999999
MYSTHA,Western Union,7.42,2.9800000000000004,-4.4399999999999995
MYSVNM,MoneyGram,3.26,2.06,-1.1999999999999997
MYSVNM,RHB Bank,20.74,12.25,-8.489999999999998
MYSVNM,Western Union,3.11,2.635,-0.4750000000000001
NLDDOM,MoneyGram,8.835,4.824999999999999,-4.010000000000002
NLDDOM,Ria,4.13,6.97,2.84
NLDDOM,Western Union,10.48,4.375,-6.105
NLDGHA,MoneyGram,10.79,2.135,-8.655
NLDGHA,Unity Monetary Services BV,7.84,6.46,-1.38
NLDGHA,Western Union,8.88,5.24,-3.6400000000000006
NLDGHA,WorldRemit,7.07,1.27,-5.800000000000001
NLDIDN,MoneyGram,17.75,3.86,-13.89
NLDIDN,Western Union,9.095,4.87,-4.2250000000000005
NLDMAR,ABN AMRO Bank,6.39,25.18,18.79
NLDMAR,MoneyGram,10.58,4.965,-5.615
NLDMAR,Rabobank,6.9,15.0,8.1
NLDMAR,Western Union,5.85,3.63,-2.2199999999999998
NLDMAR,WorldRemit,7.29,4.41,-2.88
NLDNGA,MoneyGram,6.43,2.085,-4.345
NLDNGA,Western Union,9.375,3.785,-5.59
NLDNGA,WorldRemit,4.28,0.77,-3.5100000000000002
NLDSOM,WorldRemit,6.75,4.49,-2.26
NLDSUR,MoneyGram,10.12,4.93,-5.1899999999999995
NLDSUR,Western Union,6.635,5.3,-1.335
NLDTUR,ABN AMRO Bank,4.68,32.22,27.54
NLDTUR,MoneyGram,11.41,4.05,-7.36
NLDTUR,Rabobank,5.26,15.0,9.74
NLDTUR,Ria,11.58,6.26,-5.32
NLDTUR,Western Union,8.135,2.5,-5.635
NLDTUR,Wise,1.25,5.96,4.71
NORPAK,DNB Bank,7.2,1.81,-5.390000000000001
NORPAK,MoneyGram,8.16,1.275,-6.885
NORPAK,Nordea Bank,7.49,6.43,-1.0600000000000005
NORPAK,Ria,6.76,9.65,2.8900000000000006
NORPAK,Western Union,11.54,2.3899999999999997,-9.149999999999999
NORPOL,DNB Bank,3.46,1.48,-1.98
NORPOL,MoneyGram,10.19,4.165,-6.0249999999999995
NORPOL,Nordea Bank,5.92,6.21,0.29000000000000004
NORPOL,Ria,7.1,11.85,4.75
NORPOL,Skrill,5.27,1.725,-3.5449999999999995
NORPOL,TransferGo,2.24,1.19,-1.0500000000000003
NORPOL,Western Union,10.94,6.05,-4.89
NZLCHN,Bank of New Zealand,11.01,3.5,-7.51
NZLCHN,MoneyGram,10.219999999999999,4.699999999999999,-5.52
NZLCHN,Ria,18.57,5.95,-12.620000000000001
NZLCHN,Western Union,5.63,3.75,-1.88
NZLFJI,ANZ Bank,12.844999999999999,12.88,0.03500000000000192
NZLFJI,ASB Bank,13.705,8.455,-5.25
NZLFJI,Bank of Baroda,7.619999999999999,7.38,-0.23999999999999932
NZLFJI,Bank of New Zealand,14.89,5.12,-9.77
NZLFJI,Kiwibank,11.905,13.105,1.200000000000001
NZLFJI,KlickEx Pacific,4.89,2.42,-2.4699999999999998
NZLFJI,Lotus Foreign Exchange Ltd,6.76,4.45,-2.3099999999999996
NZLFJI,MoneyGram,6.37,7.325,0.9550000000000001
NZLFJI,Orbit Remit,2.37,2.46,0.08999999999999986
NZLFJI,TSB,15.27,12.08,-3.1899999999999995
NZLFJI,Western Union,9.635,2.8,-6.835
NZLFJI,Westpac,15.07,10.5,-4.57
NZLFJI,WorldRemit,6.19,3.38,-2.8100000000000005
NZLIND,ANZ Bank,11.524999999999999,13.18,1.6550000000000011
NZLIND,ASB Bank,11.605,9.209999999999999,-2.3950000000000014
NZLIND,Bank of Baroda,3.895,5.32,1.4250000000000003
NZLIND,Bank of India,3.895,1.44,-2.455
NZLIND,Bank of New Zealand,11.54,5.52,-6.02
NZLIND,Kiwibank,10.489999999999998,13.065,2.575000000000001
NZLIND,MoneyGram,4.975,3.38,-1.5949999999999998
NZLIND,Orbit Remit,2.65,2.38,-0.27
NZLIND,Relianz Forex,6.48,2.72,-3.7600000000000002
NZLIND,Ria,2.96,3.36,0.3999999999999999
NZLIND,Western Union,7.7,1.46,-6.24
NZLIND,Westpac,12.99,9.21,-3.7799999999999994
NZLIND,WorldRemit,3.39,0.95,-2.4400000000000004
NZLPHL,ANZ Bank,11.765,12.6,0.8349999999999991
NZLPHL,Bank of New Zealand,12.4,4.42,-7.98
NZLPHL,Kiwibank,11.155,13.21,2.0550000000000015
NZLPHL,MoneyGram,6.745,2.77,-3.975
NZLPHL,Orbit Remit,3.48,3.505,0.02499999999999991
NZLPHL,Relianz Forex,9.26,5.25,-4.01
NZLPHL,Ria,3.625,4.29,0.665
NZLPHL,Western Union,7.7,1.46,-6.24
NZLPHL,Westpac,13.07,9.469999999999999,-3.6000000000000014
NZLPHL,Wise,1.55,0.82,-0.7300000000000001
NZLPHL,WorldRemit,6.26,0.53,-5.7299999999999995
NZLTON,ANZ Bank,12.48,14.97,2.49
NZLTON,Bank of New Zealand,14.89,10.4,-4.49
NZLTON,IMEX Money Transfer,6.46,6.2,-0.2599999999999998
NZLTON,Kiwibank,15.004999999999999,15.105,0.10000000000000142
NZLTON,KlickEx Pacific,4.67,3.4800000000000004,-1.1899999999999995
NZLTON,MoneyGram,9.67,6.84,-2.83
NZLTON,Western Union,10.7,5.14,-5.56
NZLTON,Westpac,16.395,12.195,-4.199999999999999
NZLVNM,ANZ Bank,10.515,12.45,1.9349999999999987
NZLVNM,ASB Bank,10.275,8.475,-1.8000000000000007
NZLVNM,Bank of New Zealand,11.01,3.5,-7.51
NZLVNM,Kiwibank,10.219999999999999,12.365,2.1450000000000014
NZLVNM,MoneyGram,6.91,6.73,-0.17999999999999972
NZLVNM,Orbit Remit,4.12,2.82,-1.3000000000000003
NZLVNM,Ria,19.52,2.67,-16.85
NZLVNM,TSB,11.31,11.36,0.049999999999998934
NZLVNM,Western Union,6.06,5.58,-0.47999999999999954
NZLVNM,Westpac,11.985,13.39,1.4050000000000011
NZLVUT,ANZ Bank,11.23,15.25,4.02
NZLVUT,Bank of New Zealand,14.67,8.38,-6.289999999999999
NZLVUT,Kiwibank,12.079999999999998,14.91,2.830000000000002
NZLVUT,MoneyGram,4.42,11.030000000000001,6.610000000000001
NZLVUT,Western Union,9.86,9.38,-0.47999999999999865
NZLVUT,Westpac,14.325,11.52,-2.8049999999999997
NZLWSM,ANZ Bank,12.215,12.8,0.5850000000000009
NZLWSM,Bank of New Zealand,18.48,4.77,-13.71
NZLWSM,IMEX Money Transfer,4.53,3.79,-0.7400000000000002
NZLWSM,Kiwibank,15.655000000000001,12.67,-2.985000000000001
NZLWSM,KlickEx Pacific,3.34,1.0550000000000002,-2.2849999999999997
NZLWSM,MoneyGram,8.13,6.015,-2.115000000000001
NZLWSM,Pacific Ezy Money Transfer,6.825,3.82,-3.0050000000000003
NZLWSM,Western Union,10.66,3.94,-6.720000000000001
NZLWSM,Westpac,15.855,11.450000000000001,-4.404999999999999
OMNBGD,Asia Express Exchange,2.52,8.22,5.700000000000001
OMNBGD,Lulu Now,2.13,8.22,6.090000000000001
OMNBGD,MoneyGram,1.72,8.22,6.500000000000001
OMNBGD,Musandam Exchange,3.7,6.7,3.0
OMNBGD,Mustafa Sultan Exchange Co,4.01,8.22,4.210000000000001
OMNBGD,Western Union,4.14,8.22,4.080000000000001
OMNIND,Asia Express Exchange,3.48,3.8,0.31999999999999984
OMNIND,Bank Muscat,1.73,2.37,0.6400000000000001
OMNIND,Lulu Now,3.35,3.78,0.4299999999999997
OMNIND,MoneyGram,2.84,3.82,0.98
OMNIND,Musandam Exchange,2.94,2.39,-0.5499999999999998
OMNIND,SBI Express,3.36,3.1,-0.2599999999999998
OMNIND,Western Union,3.95,3.15,-0.8000000000000003
OMNJOR,MoneyGram,7.09,2.79,-4.3
OMNJOR,Western Union,4.57,2.88,-1.6900000000000004
OMNLKA,Asia Express Exchange,3.82,3.16,-0.6599999999999997
OMNLKA,MoneyGram,3.2,3.28,0.07999999999999963
OMNLKA,Musandam Exchange,3.12,3.83,0.71
OMNLKA,Mustafa Sultan Exchange Co,3.27,3.11,-0.16000000000000014
OMNLKA,SBI Express,3.3,3.26,-0.040000000000000036
OMNLKA,Western Union,4.06,3.3,-0.7599999999999998
OMNNPL,Asia Express Exchange,3.71,3.15,-0.56
OMNNPL,Lulu Now,2.93,3.32,0.3899999999999997
OMNNPL,MoneyGram,2.42,2.14,-0.2799999999999998
OMNNPL,Mustafa Sultan Exchange Co,3.08,3.36,0.2799999999999998
OMNNPL,Western Union,5.14,3.59,-1.5499999999999998
OMNPAK,MoneyGram,1.58,3.74,2.16
OMNPAK,Musandam Exchange,2.94,3.61,0.6699999999999999
OMNPAK,Western Union,4.24,3.74,-0.5
PRTBRA,MoneyGram,9.26,4.26,-5.0
PRTBRA,Western Union,10.14,5.15,-4.99
PRTBRA,Wise,1.54,1.69,0.1499999999999999
PRTCPV,MoneyGram,7.71,3.295,-4.415
PRTCPV,Western Union,7.71,4.01,-3.7
PRTMOZ,MoneyGram,7.07,3.495,-3.575
PRTMOZ,Western Union,4.03,4.28,0.25
QATBGD,Al Dar Exchange,5.11,7.52,2.4099999999999993
QATBGD,Eastern Exchange Co,7.0,6.72,-0.28000000000000025
QATBGD,Ezremit,5.404999999999999,6.77,1.3650000000000002
QATBGD,Western Union,11.97,7.7,-4.2700000000000005
QATEGY,Al Dar Exchange,4.8,4.42,-0.3799999999999999
QATEGY,QNB,3.05,8.07,5.0200000000000005
QATEGY,Western Union,4.2,2.715,-1.4850000000000003
QATIND,Al Dar Exchange,4.73,3.59,-1.1400000000000006
QATIND,Arabian Exchange Company,4.56,2.99,-1.5699999999999994
QATIND,Doha Bank,2.6,2.6500000000000004,0.050000000000000266
QATIND,Eastern Exchange Co,3.15,2.98,-0.16999999999999993
QATIND,Western Union,6.55,1.33,-5.22
QATJOR,Al Dar Exchange,5.78,6.3,0.5199999999999996
QATJOR,Eastern Exchange Co,3.78,4.53,0.7500000000000004
QATJOR,QNB,4.38,3.62,-0.7599999999999998
QATJOR,Western Union,5.73,2.46,-3.2700000000000005
QATLKA,Al Dar Exchange,14.4,3.16,-11.24
QATLKA,Doha Bank,4.71,1.0350000000000001,-3.675
QATLKA,Eastern Exchange Co,3.19,2.96,-0.22999999999999998
QATLKA,Ezremit,4.24,2.84,-1.4000000000000004
QATLKA,Western Union,5.49,3.03,-2.4600000000000004
QATNPL,Al Dar Exchange,5.69,3.66,-2.0300000000000002
QATNPL,Arabian Exchange Company,5.01,3.58,-1.4299999999999997
QATNPL,City Exchange Company,6.92,3.14,-3.78
QATNPL,Eastern Exchange Co,5.13,3.53,-1.6
QATNPL,Ezremit,4.04,3.53,-0.5100000000000002
QATNPL,Western Union,5.13,6.55,1.42
QATPAK,Al Dar Exchange,3.25,-0.16,-3.41
QATPAK,Habib Qatar International Exchange,3.2,-0.32,-3.52
QATPAK,UBL Tezraftaar Cash,0.11,1.06,0.9500000000000001
QATPAK,Western Union,6.92,3.86,-3.06
QATPHL,Al Dar Exchange,3.36,3.62,0.26000000000000023
QATPHL,Arabian Exchange Company,4.78,3.13,-1.6500000000000004
QATPHL,Eastern Exchange Co,3.13,2.94,-0.18999999999999995
QATPHL,Western Union,10.13,2.29,-7.840000000000001
QATSDN,QNB,6.56,2.23,-4.33
QATSDN,Western Union,6.74,33.69,26.949999999999996
RWAKEN,MoneyGram,12.57,6.72,-5.8500000000000005
RWAKEN,Western Union,12.85,15.19,2.34
SAUAFG,Western Union,5.35,4.86,-0.4899999999999993
SAUBGD,Al-Rajhi Bank,3.75,14.76,11.01
SAUBGD,MoneyGram,3.37,8.66,5.29
SAUBGD,TeleMoney,4.13,7.53,3.4000000000000004
SAUBGD,Western Union,4.99,8.29,3.299999999999999
SAUEGY,Al-Rajhi Bank,5.57,10.645,5.074999999999999
SAUEGY,MoneyGram,2.19,2.88,0.69
SAUEGY,TeleMoney,10.46,4.02,-6.440000000000001
SAUEGY,Western Union,5.48,3.44,-2.0400000000000005
SAUETH,MoneyGram,4.97,8.66,3.6900000000000004
SAUETH,Western Union,5.9,5.62,-0.28000000000000025
SAUIDN,Enjaz Easy,2.05,4.05,2.0
SAUIDN,MoneyGram,2.01,2.97,0.9600000000000004
SAUIDN,TeleMoney,2.18,2.99,0.81
SAUIDN,Western Union,10.95,3.68,-7.27
SAUIND,Al-Rajhi Bank,2.87,11.42,8.55
SAUIND,MoneyGram,3.12,3.57,0.44999999999999973
SAUIND,TeleMoney,3.42,4.0,0.5800000000000001
SAUIND,Western Union,3.68,4.14,0.4599999999999995
SAUJOR,Al-Rajhi Bank,3.65,12.2,8.549999999999999
SAUJOR,MoneyGram,4.98,4.53,-0.4500000000000002
SAUJOR,TeleMoney,6.21,5.7,-0.5099999999999998
SAUJOR,Western Union,5.55,4.28,-1.2699999999999996
SAULBN,Western Union,5.18,5.62,0.4400000000000004
SAULKA,Enjaz Easy,3.27,3.67,0.3999999999999999
SAULKA,MoneyGram,2.92,3.96,1.04
SAULKA,Western Union,3.87,3.19,-0.6800000000000002
SAUMMR,Western Union,10.02,4.93,-5.09
SAUNPL,Al-Rajhi Bank,3.81,11.02,7.209999999999999
SAUNPL,MoneyGram,3.2,3.96,0.7599999999999998
SAUNPL,TeleMoney,3.37,3.81,0.43999999999999995
SAUNPL,Western Union,3.17,3.12,-0.04999999999999982
SAUPAK,Al-Rajhi Bank,4.55,11.14,6.590000000000001
SAUPAK,MoneyGram,3.11,4.24,1.1300000000000003
SAUPAK,TeleMoney,1.92,3.9,1.98
SAUPAK,Western Union,1.24,1.44,0.19999999999999996
SAUPHL,MoneyGram,3.85,2.7,-1.15
SAUPHL,TeleMoney,4.09,4.08,-0.009999999999999787
SAUPHL,Western Union,4.57,3.19,-1.3800000000000003
SAUSDN,Western Union,1.6,3.21,1.6099999999999999
SAUYEM,MoneyGram,1.12,2.3,1.1799999999999997
SAUYEM,Western Union,3.01,2.61,-0.3999999999999999
SGPBGD,Agrani Exchange House (Agrani Bank),2.82,5.92,3.1
SGPBGD,NBL Money Transfer,1.78,3.37,1.59
SGPBGD,Prime Bank (Prime Exchange Co.),1.69,5.82,4.130000000000001
SGPBGD,Western Union,2.62,6.85,4.2299999999999995
SGPCHN,BKK Forex,7.12,3.96,-3.16
SGPCHN,Golden Dragon,6.91,13.4,6.49
SGPCHN,MoneyGram,8.33,5.65,-2.6799999999999997
SGPCHN,Western Union,8.37,5.46,-2.9099999999999993
SGPCHN,Zhongguo Remittance,6.7,7.5,0.7999999999999998
SGPIDN,A-Express Remit,3.9699999999999998,2.55,-1.42
SGPIDN,All Best Enterprise,4.62,5.0,0.3799999999999999
SGPIDN,BKK Forex,5.585,2.91,-2.675
SGPIDN,BNI (Bank Negara Indonesia),4.545,4.65,0.10500000000000043
SGPIDN,Brunphil Express,4.235,2.57,-1.6650000000000005
SGPIDN,GPL Remittance,6.09,4.51,-1.58
SGPIDN,Golden Dragon,5.04,4.27,-0.7700000000000005
SGPIDN,JC Money Change,5.24,2.64,-2.6
SGPIDN,MoneyGram,4.2,4.19,-0.009999999999999787
SGPIDN,Mong Lee Enterprise,4.93,5.16,0.23000000000000043
SGPIDN,Pay2Home Remittance,4.625,2.545,-2.08
SGPIDN,Raffles Money Change,5.24,4.43,-0.8100000000000005
SGPIDN,Western Union,5.67,2.62,-3.05
SGPIND,Bank of India,3.7,3.25,-0.4500000000000002
SGPIND,Indian Overseas Bank,5.165,3.08,-2.085
SGPIND,MoneyGram,3.73,3.0100000000000002,-0.7199999999999998
SGPIND,Prime Bank (Prime Exchange Co.),1.45,1.2,-0.25
SGPIND,State Bank of India,4.83,1.57,-3.26
SGPIND,Western Union,5.08,4.6,-0.4800000000000004
SGPLKA,State Bank of India,2.28,3.47,1.1900000000000004
SGPLKA,Western Union,4.51,3.91,-0.5999999999999996
SGPMYS,All Best Enterprise,3.96,7.21,3.25
SGPMYS,BKK Forex,5.32,4.37,-0.9500000000000002
SGPMYS,Brunphil Express,6.0,4.84,-1.1600000000000001
SGPMYS,GPL Remittance,4.13,5.07,0.9400000000000004
SGPMYS,Golden Dragon,4.3,10.25,5.95
SGPMYS,Haratan Servicing,5.02,9.8,4.780000000000001
SGPMYS,JC Money Change,3.96,5.82,1.8600000000000003
SGPMYS,Maybank,6.28,10.415000000000001,4.135000000000001
SGPMYS,Mong Lee Enterprise,4.23,4.36,0.1299999999999999
SGPMYS,Pay2Home Remittance,5.46,2.51,-2.95
SGPMYS,Raffles Money Change,3.96,4.45,0.4900000000000002
SGPMYS,Western Union,6.76,4.45,-2.3099999999999996
SGPPAK,Western Union,18.59,4.02,-14.57
SGPPHL,A-Express Remit,2.93,2.2249999999999996,-0.7050000000000005
SGPPHL,Brunphil Express,2.54,2.49,-0.04999999999999982
SGPPHL,DBS,1.21,10.41,9.2
SGPPHL,GPL Remittance,4.63,3.09,-1.54
SGPPHL,Kabayan Remittance,2.64,2.165,-0.4750000000000001
SGPPHL,Maybank,9.21,21.02,11.809999999999999
SGPPHL,PNB (Philippines National Bank),2.64,2.46,-0.18000000000000016
SGPPHL,Western Union,4.55,3.0,-1.5499999999999998
SGPPHL,iRemit,2.53,1.91,-0.6199999999999999
SGPTHA,BKK Forex,5.88,4.72,-1.1600000000000001
SGPTHA,GPL Remittance,6.38,4.34,-2.04
SGPTHA,Golden Dragon,7.83,6.96,-0.8700000000000001
SGPTHA,MoneyGram,6.95,6.83,-0.1200000000000001
SGPTHA,Western Union,5.1899999999999995,4.34,-0.8499999999999996
SWECHN,MoneyGram,12.0,7.1850000000000005,-4.8149999999999995
SWECHN,Nordea Bank,5.08,18.265,13.185
SWECHN,Ria,8.72,4.48,-4.24
SWECHN,SEB,6.93,18.31,11.379999999999999
SWECHN,Western Union,10.805,6.73,-4.074999999999999
SWEIND,MoneyGram,9.93,3.215,-6.715
SWEIND,Nordea Bank,5.225,25.0,19.775
SWEIND,Ria,5.91,9.42,3.51
SWEIND,SEB,12.3,35.61,23.31
SWEIND,Western Union,8.87,3.59,-5.279999999999999
SWEIND,WorldRemit,3.82,2.5,-1.3199999999999998
SWELBN,MoneyGram,9.33,4.035,-5.295
SWELBN,Western Union,12.615,6.79,-5.825
SWESOM,WorldRemit,7.28,5.84,-1.4400000000000004
THACHN,Bangkok Bank,17.46,17.77,0.3099999999999987
THACHN,Kasikorn Bank,19.98,20.09,0.10999999999999943
THACHN,Krungsri Bank,20.08,19.479999999999997,-0.6000000000000014
THACHN,Krungthai Bank,17.39,17.23,-0.16000000000000014
THACHN,MoneyGram,10.68,12.59,1.9100000000000001
THACHN,Siam Commercial Bank,20.93,21.52,0.5899999999999999
THACHN,TMB Bank,18.95,18.48,-0.46999999999999886
THACHN,UOB Bank,20.13,19.405,-0.7249999999999979
THACHN,Western Union,5.0,4.53,-0.46999999999999975
THAIDN,Bangkok Bank,23.52,18.41,-5.109999999999999
THAIDN,Krungsri Bank,27.71,25.270000000000003,-2.4399999999999977
THAIDN,MoneyGram,8.9,5.31,-3.5900000000000007
THAIDN,Siam Commercial Bank,19.27,26.91,7.640000000000001
THAIDN,TMB Bank,17.39,17.43,0.03999999999999915
THAIDN,UOB Bank,19.58,15.485,-4.094999999999999
THAIDN,Western Union,8.52,4.47,-4.05
THAIND,Bangkok Bank,17.41,16.27,-1.1400000000000006
THAIND,Indian Overseas Bank,7.81,3.985,-3.8249999999999997
THAIND,Kasikorn Bank,18.77,19.07,0.3000000000000007
THAIND,Krungsri Bank,27.28,25.345,-1.9350000000000023
THAIND,MoneyGram,12.41,3.33,-9.08
THAIND,Siam Commercial Bank,19.27,27.5,8.23
THAIND,TMB Bank,17.39,17.43,0.03999999999999915
THAIND,UOB Bank,27.98,24.425,-3.5549999999999997
THAIND,Western Union,10.22,4.57,-5.65
THAKHM,Bangkok Bank,16.71,16.27,-0.4400000000000013
THAKHM,Krungsri Bank,19.05,18.36,-0.6900000000000013
THAKHM,Krungthai Bank,17.39,16.82,-0.5700000000000003
THAKHM,MoneyGram,7.13,4.45,-2.6799999999999997
THAKHM,Siam Commercial Bank,19.5,19.5,0.0
THAKHM,TMB Bank,17.39,17.43,0.03999999999999915
THAKHM,UOB Bank,19.5,15.485,-4.015000000000001
THAKHM,Western Union,2.33,4.52,2.1899999999999995
THALAO,Bangkok Bank,16.71,16.255000000000003,-0.4549999999999983
THALAO,Krungsri Bank,19.05,18.31,-0.740000000000002
THALAO,Krungthai Bank,25.82,16.795,-9.024999999999999
THALAO,MoneyGram,4.44,3.59,-0.8500000000000005
THALAO,Siam Commercial Bank,19.5,19.5,0.0
THALAO,TMB Bank,17.39,17.39,0.0
THALAO,UOB Bank,19.5,16.9,-2.6000000000000014
THALAO,Western Union,2.33,6.27,3.9399999999999995
THAMMR,Bangkok Bank,16.71,16.27,-0.4400000000000013
THAMMR,Kasikorn Bank,18.77,19.07,0.3000000000000007
THAMMR,Krungsri Bank,19.05,18.36,-0.6900000000000013
THAMMR,MoneyGram,8.87,4.12,-4.749999999999999
THAMMR,Siam Commercial Bank,19.5,19.5,0.0
THAMMR,UOB Bank,19.5,15.485,-4.015000000000001
THAMMR,Western Union,2.45,1.13,-1.3200000000000003
THAVNM,Bangkok Bank,16.71,16.27,-0.4400000000000013
THAVNM,Kasikorn Bank,18.77,19.1,0.33000000000000185
THAVNM,Krungsri Bank,19.11,18.345,-0.7650000000000006
THAVNM,Krungthai Bank,17.39,16.79,-0.6000000000000014
THAVNM,MoneyGram,9.27,9.625,0.3550000000000004
THAVNM,Siam Commercial Bank,19.27,19.53,0.26000000000000156
THAVNM,UOB Bank,19.58,15.485,-4.094999999999999
THAVNM,Western Union,9.79,4.5649999999999995,-5.225
TURBGR,Denizbank,11.91,221.97,210.06
TURBGR,MoneyGram,11.98,13.2,1.2199999999999989
TURBGR,Turkey IS Bank,2.7,206.66,203.96
TURBGR,Western Union,12.95,117.35,104.39999999999999
TURBGR,Yapı ve Kredi Bankası,11.09,178.13,167.04
TURBGR,Ziraat Bank,12.08,113.63,101.55
TZAKEN,M-Pesa,2.85,7.86,5.01
TZAKEN,MoneyGram,6.55,3.86,-2.69
TZAKEN,National Bank of Commerce Ltd (NBC),26.16,83.74,57.58
TZAKEN,Stanbic Bank,28.77,84.27,55.5
TZAKEN,Western Union,6.71,0.72,-5.99
TZARWA,MoneyGram,6.55,7.81,1.2599999999999998
TZARWA,NMB (National Microfinance Bank),25.93,73.82,47.88999999999999
TZARWA,Western Union,6.71,10.57,3.8600000000000003
TZAUGA,MoneyGram,6.55,7.09,0.54
TZAUGA,NMB (National Microfinance Bank),25.93,69.38,43.449999999999996
TZAUGA,Stanbic Bank,28.77,76.05,47.28
TZAUGA,Western Union,6.71,1.3,-5.41
USAAFG,MoneyGram,6.28,7.93,1.6499999999999995
USAAFG,Western Union,6.69,8.81,2.12
USAARM,MoneyGram,12.5,4.53,-7.97
USAARM,Ria,2.5,6.37,3.87
USABGD,MoneyGram,6.6,7.53,0.9300000000000006
USABGD,Placid Express,2.77,8.97,6.200000000000001
USABGD,Ria,5.83,6.255000000000001,0.4250000000000007
USABGD,Sonali Exchange Company,2.16,5.91,3.75
USABGD,Western Union,6.22,7.65,1.4300000000000006
USABRA,MoneyGram,8.29,7.47,-0.8199999999999994
USABRA,Ria,3.37,3.32,-0.050000000000000266
USABRA,ShareMoney,4.4,3.3600000000000003,-1.04
USABRA,Viamericas,4.19,3.17,-1.0200000000000005
USABRA,Western Union,4.87,5.785,0.915
USABRA,Xoom,5.31,4.37,-0.9399999999999995
USACHN,Cathay Bank,6.5,7.5,1.0
USACHN,Citibank,8.75,22.5,13.75
USACHN,MoneyGram,8.5,4.5,-4.0
USACHN,Western Union,6.779999999999999,3.56,-3.2199999999999993
USACOL,Casa de cambio Delgado,5.18,4.67,-0.5099999999999998
USACOL,Citibank,0.0,17.5,17.5
USACOL,MoneyGram,6.67,6.619999999999999,-0.05000000000000071
USACOL,Ria,4.44,4.77,0.3299999999999992
USACOL,Viamericas,6.085,3.81,-2.275
USACOL,Vigo,2.83,3.71,0.8799999999999999
USACOL,Wells Fargo,5.13,4.015000000000001,-1.1149999999999993
USACOL,Western Union,8.14,5.19,-2.95
USACOL,Xoom,6.42,3.09,-3.33
USACPV,Citibank,22.5,22.5,0.0
USACPV,MoneyGram,6.94,5.4,-1.54
USACPV,Western Union,6.16,4.6,-1.5600000000000005
USACRI,MoneyGram,5.0,3.0,-2.0
USACRI,Ria,6.59,6.82,0.23000000000000043
USACRI,Western Union,5.12,9.155000000000001,4.035000000000001
USACRI,Xoom,5.0,8.28,3.2799999999999994
USACUB,Western Union,7.92,17.0,9.08
USADOM,BHD Remesas Dominicana,4.0,2.5,-1.5
USADOM,Cibao,14.06,6.154999999999999,-7.905000000000001
USADOM,Citibank,17.5,20.0,2.5
USADOM,MoneyGram,8.75,4.1,-4.65
USADOM,Remesas Pujols,3.6950000000000003,2.545,-1.1500000000000004
USADOM,Ria,3.73,2.88,-0.8500000000000001
USADOM,Viamericas,10.5,1.5,-9.0
USADOM,Vigo,3.5,2.5,-1.0
USADOM,Western Union,10.11,5.81,-4.3
USAECU,Delgado Travel,2.5,3.0,0.5
USAECU,Girosol,3.0,3.0,0.0
USAECU,La Nacional,3.0,3.25,0.25
USAECU,MoneyGram,0.0,5.0,5.0
USAECU,Uniteller,4.0,5.0,1.0
USAECU,Vigo,2.5,2.5,0.0
USAECU,Wells Fargo,3.5,4.5,1.0
USAECU,Western Union,4.0,3.0,-1.0
USAECU,Xoom,4.5,3.85,-0.6499999999999999
USAEGY,MoneyGram,6.25,4.545,-1.705
USAEGY,Ria,4.75,3.78,-0.9700000000000002
USAEGY,Western Union,14.09,3.9,-10.19
USAERI,Ria,2.5,5.9,3.4000000000000004
USAERI,Western Union,5.25,5.25,0.0
USAETH,Amal Express,6.0,6.0,0.0
USAETH,MoneyGram,5.51,2.7,-2.8099999999999996
USAETH,Ria,4.32,-2.495,-6.815
USAETH,Western Union,5.71,4.55,-1.1600000000000001
USAETH,WorldRemit,5.0,3.0,-2.0
USAGHA,MoneyGram,6.45,3.92,-2.5300000000000002
USAGHA,Ria,6.03,5.6,-0.4300000000000006
USAGHA,Western Union,6.45,6.79,0.33999999999999986
USAGHA,WorldRemit,4.6,0.46,-4.14
USAGTM,Casa de cambio Delgado,4.57,5.52,0.9499999999999993
USAGTM,MoneyGram,5.78,4.535,-1.245
USAGTM,Ria,3.79,3.92,0.1299999999999999
USAGTM,Vigo,5.57,3.18,-2.39
USAGTM,Wells Fargo,4.07,3.4749999999999996,-0.5950000000000006
USAGTM,Western Union,5.57,5.03,-0.54
USAGTM,Xoom,4.83,5.3,0.46999999999999975
USAGUY,MoneyGram,9.93,5.875,-4.055
USAGUY,Ria,8.38,6.84,-1.540000000000001
USAGUY,Western Union,8.09,7.35,-0.7400000000000002
USAHND,Dolex Dollar Express,4.37,3.83,-0.54
USAHND,Ficohsa Express,2.87,5.425000000000001,2.5550000000000006
USAHND,MoneyGram,4.86,3.01,-1.8500000000000005
USAHND,Viamericas,3.87,3.5700000000000003,-0.2999999999999998
USAHND,Western Union,4.37,4.01,-0.3600000000000003
USAHND,Xoom,3.86,3.48,-0.3799999999999999
USAHTI,CAM,6.0,4.0,-2.0
USAHTI,MoneyGram,5.5,5.0,-0.5
USAHTI,Ria,5.0,2.5,-2.5
USAHTI,Western Union,6.0,4.97,-1.0300000000000002
USAIDN,MoneyGram,10.31,4.87,-5.44
USAIDN,Ria,5.35,5.47,0.1200000000000001
USAIDN,Western Union,10.98,5.68,-5.300000000000001
USAIND,MoneyGram,3.25,3.76,0.5099999999999998
USAIND,Ria,1.79,2.88,1.0899999999999999
USAIND,Wells Fargo,3.81,2.16,-1.65
USAIND,Western Union,4.41,3.83,-0.5800000000000001
USAIND,Xoom,2.97,4.86,1.8900000000000001
USAIND,money2India (ICICI Bank),1.58,2.74,1.1600000000000001
USAJAM,CAM,3.5,4.0,0.5
USAJAM,Jamaica National,5.03,3.25,-1.7800000000000002
USAJAM,MoneyGram,7.08,5.5,-1.58
USAJAM,Ria,6.04,5.404999999999999,-0.6350000000000007
USAJAM,Western Union,8.67,6.36,-2.3099999999999996
USAJAM,Xoom,6.949999999999999,9.29,2.34
USAJOR,MoneyGram,5.955,3.53,-2.4250000000000003
USAJOR,Western Union,9.23,3.98,-5.25
USAKEN,MoneyGram,7.47,4.61,-2.8599999999999994
USAKEN,Ria,6.78,5.83,-0.9500000000000002
USAKEN,Western Union,9.05,3.52,-5.530000000000001
USAKEN,WorldRemit,5.37,0.69,-4.68
USALBN,Bank of America,22.5,22.5,0.0
USALBN,Chase Bank,22.5,25.0,2.5
USALBN,Citibank,20.0,22.5,2.5
USALBN,MoneyGram,5.855,3.0,-2.8550000000000004
USALBR,MoneyGram,5.0,4.5,-0.5
USALBR,Ria,3.25,5.0,1.75
USALBR,Western Union,6.375,5.73,-0.6449999999999996
USAMEX,Citibank,11.75,17.5,5.75
USAMEX,Delgado Travel,4.89,4.99,0.10000000000000053
USAMEX,MoneyGram,4.9,2.6,-2.3000000000000003
USAMEX,Orlandi Valuta,4.39,6.56,2.17
USAMEX,Ria,3.48,2.76,-0.7200000000000002
USAMEX,Viamericas,4.81,3.64,-1.1699999999999995
USAMEX,Vigo,3.83,3.87,0.040000000000000036
USAMEX,Wells Fargo,4.67,4.425000000000001,-0.24499999999999922
USAMEX,Western Union,4.67,5.9,1.2300000000000004
USAMEX,Xoom,4.78,0.39,-4.390000000000001
USANGA,Western Union,6.31,2.33,-3.9799999999999995
USANGA,WorldRemit,3.0,0.28,-2.7199999999999998
USANIC,Envios 22-24,4.0,5.0,1.0
USANIC,MoneyGram,5.0,4.05,-0.9500000000000002
USANIC,Ria,5.5,2.725,-2.775
USANIC,Vigo,4.0,2.5,-1.5
USANIC,Western Union,4.0,2.5,-1.5
USANIC,Xoom,5.25,6.25,1.0
USANPL,MoneyGram,6.89,5.81,-1.08
USANPL,Muncha,1.36,1.07,-0.29000000000000004
USANPL,Prabhu Money Transfer,3.86,1.9849999999999999,-1.875
USANPL,Ria,5.39,5.21,-0.17999999999999972
USANPL,Western Union,6.76,7.75,0.9900000000000002
USANPL,WorldRemit,7.5,1.65,-5.85
USANPL,Xoom,3.92,6.06,2.1399999999999997
USAPAK,MoneyGram,6.69,3.87,-2.8200000000000003
USAPAK,Western Union,2.46,2.48,0.020000000000000018
USAPAN,MoneyGram,5.0,3.0,-2.0
USAPAN,Ria,4.0,3.25,-0.75
USAPAN,Western Union,5.75,3.0,-2.75
USAPER,Delgado Travel,2.5,3.0,0.5
USAPER,Jet Peru,3.25,2.0,-1.25
USAPER,MoneyGram,8.9,5.99,-2.91
USAPER,Ria,4.5,4.02,-0.4800000000000004
USAPER,Vigo,2.8,2.5,-0.2999999999999998
USAPER,Wells Fargo,3.5,8.25,4.75
USAPER,Western Union,5.8,3.5,-2.3
USAPER,Xoom,5.5,4.03,-1.4699999999999998
USAPHL,Citibank,10.61,17.5,6.890000000000001
USAPHL,Johnny Air Cargo,5.3,6.01,0.71
USAPHL,M.Lhuillier Financial Services,3.79,3.0,-0.79
USAPHL,MoneyGram,5.715,3.0,-2.715
USAPHL,PNB (Philippines National Bank),8.925,4.91,-4.015000000000001
USAPHL,Remitly,2.7199999999999998,5.44,2.7200000000000006
USAPHL,Ria,6.42,3.99,-2.4299999999999997
USAPHL,Wells Fargo,5.25,4.07,-1.1799999999999997
USAPHL,Western Union,6.4,4.46,-1.9400000000000004
USAPHL,Xoom,5.455,6.74,1.2850000000000001
USASLV,Casa de cambio Delgado,3.0,3.5,0.5
USASLV,La Nacional,5.0,4.0,-1.0
USASLV,MoneyGram,4.5,3.0,-1.5
USASLV,Ria,4.0,3.0,-1.0
USASLV,Viamericas,4.25,2.55,-1.7000000000000002
USASLV,Vigo,4.0,2.5,-1.5
USASLV,Wells Fargo,3.5,5.5,2.0
USASLV,Western Union,4.0,3.5,-0.5
USASLV,Xoom,5.25,4.62,-0.6299999999999999
USASOM,Iftin Express,6.0,6.0,0.0
USASOM,Kaah Express,6.0,6.0,0.0
USASOM,Tawakal Express,2.5,6.0,3.5
USASSD,MoneyGram,5.0,3.0,-2.0
USATHA,Bank of America,17.5,22.5,5.0
USATHA,Chase Bank,22.5,25.0,2.5
USATHA,MoneyGram,9.96,3.26,-6.700000000000001
USATHA,Ria,8.19,4.24,-3.9499999999999993
USATHA,Western Union,11.98,2.76,-9.22
USAUKR,MoneyGram,5.0,3.75,-1.25
USAUKR,Ria,2.5,3.21,0.71
USAUKR,Western Union,5.5,6.82,1.3200000000000003
USAVNM,MoneyGram,5.9,3.0,-2.9000000000000004
USAVNM,Wells Fargo,3.5,6.0,2.5
USAVNM,Western Union,6.97,5.81,-1.1600000000000001
USAYEM,MoneyGram,6.0,3.0,-3.0
USAZAF,MoneyGram,9.25,4.95,-4.3
USAZAF,Ria,34.53,2.18,-32.35
USAZAF,Western Union,7.28,6.880000000000001,-0.39999999999999947
USAZAF,WorldRemit,4.52,1.8,-2.7199999999999998
USAZAF,Xoom,2.56,7.07,4.51
ZAFAGO,ABSA,17.625,28.05,10.425
ZAFAGO,First National Bank of South Africa,20.95,6.85,-14.1
ZAFAGO,Nedbank,21.62,33.51,11.889999999999997
ZAFAGO,Standard Bank,20.46,31.24,10.779999999999998
ZAFAGO,Western Union,12.72,32.78,20.060000000000002
ZAFBWA,ABSA,18.36,31.115,12.754999999999999
ZAFBWA,First National Bank of South Africa,18.5,6.3,-12.2
ZAFBWA,MoneyGram,15.6,14.56,-1.0399999999999991
ZAFBWA,Nedbank,24.08,35.27,11.190000000000005
ZAFBWA,Standard Bank,23.37,26.43,3.0599999999999987
ZAFBWA,Western Union,19.53,32.77,13.240000000000002
ZAFCHN,ABSA,24.634999999999998,37.69,13.055
ZAFCHN,MoneyGram,17.52,15.42,-2.0999999999999996
ZAFCHN,Nedbank,21.99,35.57,13.580000000000002
ZAFCHN,Standard Bank,28.56,26.355,-2.2049999999999983
ZAFCHN,Western Union,20.66,32.79,12.129999999999999
ZAFIND,MoneyGram,13.42,15.915,2.494999999999999
ZAFIND,State Bank of India,15.97,30.43,14.459999999999999
ZAFIND,Western Union,14.54,32.78,18.240000000000002
ZAFKEN,ABSA,18.485,28.85,10.365000000000002
ZAFKEN,MoneyGram,15.81,19.23,3.42
ZAFKEN,Western Union,24.68,32.86,8.18
ZAFLSO,ABSA,16.13,5.29,-10.84
ZAFLSO,First National Bank of South Africa,18.61,10.95,-7.66
ZAFLSO,Nedbank,18.69,20.99,2.299999999999997
ZAFLSO,Standard Bank,18.98,30.53,11.55
ZAFMOZ,First National Bank of South Africa,15.555,6.85,-8.705
ZAFMOZ,Standard Bank,26.88,30.0,3.120000000000001
ZAFMOZ,Western Union,12.33,32.9,20.57
ZAFMWI,First National Bank of South Africa,29.5,64.87,35.370000000000005
ZAFMWI,MoneyGram,22.2,3.46,-18.74
ZAFMWI,Mukuru,8.3,0.39,-7.910000000000001
ZAFMWI,Nedbank,21.69,33.51,11.819999999999997
ZAFMWI,Standard Bank,23.28,81.97999999999999,58.69999999999999
ZAFMWI,Western Union,14.08,32.94,18.86
ZAFNGA,ABSA,26.34,34.6,8.260000000000002
ZAFNGA,First National Bank of South Africa,27.2,8.26,-18.939999999999998
ZAFNGA,MoneyGram,19.88,19.42,-0.4599999999999973
ZAFNGA,Western Union,26.4,33.52,7.1200000000000045
ZAFSWZ,ABSA,16.13,5.29,-10.84
ZAFSWZ,First National Bank of South Africa,18.61,10.95,-7.66
ZAFSWZ,Nedbank,18.69,20.99,2.299999999999997
ZAFSWZ,Standard Bank,18.98,30.53,11.55
ZAFTZA,ABSA,17.625,28.05,10.425
ZAFTZA,MoneyGram,18.34,18.2,-0.14000000000000057
ZAFTZA,Western Union,20.21,32.5,12.29
ZAFZMB,ABSA,21.755000000000003,28.800000000000004,7.045000000000002
ZAFZMB,First National Bank of South Africa,24.72,7.96,-16.759999999999998
ZAFZMB,MoneyGram,17.9,15.47,-2.429999999999998
ZAFZMB,Mukuru,9.85,11.24,1.3900000000000006
ZAFZMB,Nedbank,21.69,33.51,11.819999999999997
ZAFZMB,Standard Bank,22.79,28.580000000000002,5.790000000000003
ZAFZMB,Western Union,14.55,31.92,17.37
ZAFZWE,ABSA,17.625,28.05,10.425
ZAFZWE,First National Bank of South Africa,14.190000000000001,6.85,-7.340000000000002
ZAFZWE,Mama Money,5.06,6.95,1.8900000000000006
ZAFZWE,MoneyGram,13.6,15.434999999999999,1.834999999999999
ZAFZWE,Mukuru,10.15,10.55,0.40000000000000036
ZAFZWE,Nedbank,22.07,33.51,11.439999999999998
ZAFZWE,Standard Bank,20.46,31.24,10.779999999999998
ZAFZWE,Western Union,12.72,31.81,19.089999999999996
