record_key,variable_pct,fixed_usd_equiv,total_200,total_500
POST:2024_3Q:1207240236,0.42439024390243896,1.5797909407665507,1.21,0.74
POST:2024_3Q:1207240237,2.502439024390244,5.65226480836237,5.37,3.66
POST:2024_3Q:1207240238,0.8634146341463417,9.61602787456446,5.67,2.81
POST:2024_3Q:1207240239,0.9125,1.3375,1.59,1.19
POST:2024_3Q:1207240240,4.545833333333333,1.3208333333333344,5.22,4.82
POST:2024_3Q:1207240241,4.0875,1.3,4.75,4.36
POST:2024_3Q:1207240242,0.39999999999999986,3.7500000000000004,2.32,1.19
POST:2024_3Q:1207240243,3.85,3.7624999999999997,5.77,4.64
POST:2024_3Q:1207240244,3.158333333333333,3.758333333333334,5.08,3.95
POST:2024_3Q:1207240245,0.44800000000000006,0.4792631578947368,1.16,1.01
POST:2024_3Q:1207240246,1.169391304347826,0.48016475972540085,1.88,1.73
POST:2024_3Q:1207240247,0.7453913043478261,0.48290160183066366,1.46,1.31
POST:2024_3Q:1207240248,1.5414634146341466,1.0885017421602785,2.56,2.23
POST:2024_3Q:1207240249,0.7658536585365853,1.1397212543554012,1.81,1.47
POST:2024_3Q:1207240250,0.9121951219512197,7.032752613240419,4.48,2.39
POST:2024_3Q:1207240251,1.3609756097560977,6.520905923344948,4.67,2.73
POST:2024_3Q:1207240252,0.9121951219512197,6.47560975609756,4.2,2.28
POST:2024_3Q:1207240253,0.2634146341463415,3.2731707317073173,1.91,0.93
POST:2024_3Q:1207240254,1.6682926829268294,1.5777003484320553,2.47,2.0
POST:2024_3Q:1207240255,1.073170731707317,1.5679442508710804,1.87,1.4
POST:2024_3Q:1207240256,2.0292682926829264,6.598606271777004,5.37,3.41
POST:2024_3Q:1207240257,3.082926829268293,5.719860627177701,5.95,4.25
POST:2024_3Q:1207240258,2.4926829268292683,5.728919860627178,5.37,3.67
POST:2024_3Q:1207240259,0.8829268292682928,2.5627177700348427,2.17,1.41
POST:2024_3Q:1207240260,2.2731707317073178,2.553658536585364,3.57,2.81
POST:2024_3Q:1207240261,1.7365853658536583,2.5696864111498265,3.08,2.32
POST:2024_3Q:1207240262,0.7166666666666667,5.083333333333333,6.93,5.4
POST:2024_3Q:1207240263,2.9333333333333336,5.0666666666666655,9.14,7.62
POST:2024_3Q:1207240264,1.077777777777778,5.094444444444443,7.3,5.77
POST:2024_3Q:1207240265,0.9333333333333332,0.9666666666666667,1.43,1.14
POST:2024_3Q:1207240266,3.166666666666667,0.8333333333333326,3.59,3.34
POST:2024_3Q:1207240267,1.316666666666667,0.8833333333333323,1.77,1.5
POST:2024_3Q:1207240268,0.7166666666666667,6.000000000000001,3.76,1.96
POST:2024_3Q:1207240269,2.927777777777778,6.011111111111111,5.97,4.17
POST:2024_3Q:1207240270,1.083333333333333,6.000000000000001,4.12,2.32
POST:2024_3Q:1207240271,0.49444444444444446,1.1944444444444444,1.1,0.74
POST:2024_3Q:1207240272,2.7166666666666663,1.166666666666667,3.32,2.97
POST:2024_3Q:1207240273,0.8666666666666666,1.1833333333333333,1.48,1.12
POST:2024_3Q:1207240274,1.0444444444444443,2.227777777777778,2.21,1.54
POST:2024_3Q:1207240275,3.25,2.233333333333333,4.42,3.75
POST:2024_3Q:1207240276,1.4111111111111114,2.227777777777777,2.58,1.91
POST:2024_3Q:1207240277,0.5000000000000002,3.2166666666666663,2.14,1.17
POST:2024_3Q:1207240278,2.7166666666666663,3.2166666666666677,4.36,3.39
POST:2024_3Q:1207240279,0.8666666666666666,3.216666666666667,2.51,1.54
POST:2024_3Q:1207240280,0.4833333333333333,2.2500000000000004,1.6,0.92
POST:2024_3Q:1207240281,2.7111111111111117,2.2111111111111104,3.81,3.14
POST:2024_3Q:1207240282,0.8555555555555556,2.2388888888888894,1.97,1.29
POST:2024_3Q:1207240283,0.5833333333333333,1.6833333333333331,1.39,0.88
POST:2024_3Q:1207240284,2.8000000000000003,1.6833333333333336,3.6,3.1
POST:2024_3Q:1207240285,0.9555555555555557,1.6722222222222218,1.75,1.25
POST:2024_3Q:1207240286,0.6111111111111113,1.5111111111111104,1.41,0.95
POST:2024_3Q:1207240287,2.822222222222223,1.5222222222222204,3.61,3.16
POST:2024_3Q:1207240288,0.9722222222222222,1.5388888888888885,1.77,1.31
POST:2024_3Q:1207240289,0.977777777777778,1.961111111111111,2.26,1.67
POST:2024_3Q:1207240290,3.183333333333334,1.9666666666666655,4.47,3.88
POST:2024_3Q:1207240291,1.3444444444444446,1.9611111111111115,2.63,2.04
POST:2024_3Q:1207240292,0.6277777777777777,1.8611111111111114,1.56,1.0
POST:2024_3Q:1207240293,2.8444444444444446,1.8611111111111114,3.78,3.22
POST:2024_3Q:1207240294,0.9944444444444447,1.877777777777777,1.93,1.37
POST:2024_3Q:1207240295,0.7722222222222224,2.2222222222222214,1.88,1.22
POST:2024_3Q:1207240296,2.9888888888888885,2.2055555555555566,4.09,3.43
POST:2024_3Q:1207240297,1.1444444444444444,2.211111111111112,2.25,1.59
POST:2024_3Q:1207240298,0.4500000000000003,10.5,5.7,2.55
POST:2024_3Q:1207240299,2.272222222222222,10.572222222222223,7.56,4.39
POST:2024_3Q:1207240300,0.911111111111111,10.461111111111112,6.14,3.0
POST:2024_3Q:1207240301,0.2780487804878049,2.2867595818815327,1.89,1.21
POST:2024_3Q:1207240302,1.5414634146341466,1.0885017421602785,2.56,2.23
POST:2024_3Q:1207240303,0.7658536585365853,1.1397212543554012,1.81,1.47
POST:2024_3Q:1207240304,3.91048,2.32939294117647,5.06,4.36
POST:2024_3Q:1207240305,0.9228260869565216,7.059265858873842,4.54,2.42
POST:2024_3Q:1207240306,0.7054347826086956,1.6317533856022803,1.52,1.03
POST:2024_3Q:1207240307,0.6666666666666666,1.5182795698924734,1.22,0.76
POST:2024_3Q:1207240308,0.5,1.1516129032258065,1.09,0.74
POST:2024_3Q:1207240309,1.8179487179487184,5.602564102564102,4.62,2.94
POST:2024_3Q:1207240310,0.7496124031007751,0.44961240310077544,1.43,1.3
POST:2024_3Q:1207240311,1.9999999999999998,0.44418604651162874,2.68,2.55
POST:2024_3Q:1207240312,0.9999999999999999,0.4534883720930239,1.69,1.55
POST:2024_3Q:1207240313,0.6155844155844155,4.661138861138861,2.99,1.6
POST:2024_3Q:1207240314,0.45454545454545453,0.8524475524475525,0.88,0.63
POST:2024_3Q:1207240315,0.6666666666666667,9.976666666666667,9.76,6.76
POST:2024_3Q:1207240316,5.916666666666667,3.8866666666666667,11.96,10.79
POST:2024_3Q:1207240317,1.8333333333333333,3.9933333333333336,7.93,6.73
POST:2024_3Q:1207240318,0.9033333333333331,6.913333333333334,4.36,2.29
POST:2024_3Q:1207240319,0.4533333333333335,4.903333333333332,2.94,1.46
POST:2024_3Q:1207240320,5.453333333333333,4.903333333333334,7.94,6.46
POST:2024_3Q:1207240321,1.8166666666666664,4.866666666666667,4.28,2.82
POST:2024_3Q:1207240322,1.9766666666666666,8.496666666666666,6.63,4.08
POST:2024_3Q:1207240323,7.12,2.51,8.78,8.02
POST:2024_3Q:1207240324,3.2433333333333327,2.5033333333333347,4.9,4.14
POST:2024_3Q:1207240325,1.3099999999999998,11.92,7.54,3.96
POST:2024_3Q:1207240326,6.486666666666667,5.956666666666665,9.74,7.95
POST:2024_3Q:1207240327,2.5866666666666664,5.926666666666667,5.82,4.04
POST:2024_3Q:1207240328,0.8599999999999994,13.690000000000001,7.7,3.59
POST:2024_3Q:1207240329,5.713333333333335,7.773333333333329,9.59,7.26
POST:2024_3Q:1207240330,2.000000000000001,7.689999999999999,5.84,3.53
POST:2024_3Q:1207240331,0.0,7.31,3.66,1.46
POST:2024_3Q:1207240332,0.45999999999999963,7.130000000000002,4.03,1.89
POST:2024_3Q:1207240333,5.683333333333333,1.0533333333333346,6.21,5.89
POST:2024_3Q:1207240334,1.7466666666666666,1.0466666666666669,2.27,1.96
POST:2024_3Q:1207240335,1.0,7.8599999999999985,4.97,2.61
POST:2024_3Q:1207240336,0.5566666666666666,7.096666666666668,4.14,2.01
POST:2024_3Q:1207240337,5.776666666666666,1.0166666666666675,6.32,6.01
POST:2024_3Q:1207240338,1.8433333333333333,1.0133333333333336,2.38,2.08
POST:2024_3Q:1207240339,0.4499999999999999,7.85,4.38,2.02
POST:2024_3Q:1207240340,5.673333333333335,1.7733333333333299,6.56,6.03
POST:2024_3Q:1207240341,1.7366666666666661,1.7566666666666682,2.62,2.09
POST:2024_3Q:1207240342,0.5466666666666669,7.496666666666667,4.26,2.01
POST:2024_3Q:1207240343,5.7700000000000005,1.4099999999999984,6.44,6.01
POST:2024_3Q:1207240344,1.8333333333333333,1.4233333333333333,2.51,2.08
POST:2024_3Q:1207240345,0.5666666666666671,7.386666666666665,4.29,2.07
POST:2024_3Q:1207240346,0.4966666666666667,8.086666666666666,4.54,2.11
POST:2024_3Q:1207240347,5.7666666666666675,1.6466666666666647,6.59,6.1
POST:2024_3Q:1207240348,1.8333333333333337,1.643333333333332,2.66,2.16
POST:2024_3Q:1207240349,0.36000000000000004,6.760000000000001,4.2,2.17
POST:2024_3Q:1207240350,5.713333333333334,0.6633333333333322,6.51,6.31
POST:2024_3Q:1207240351,1.7866666666666666,0.6566666666666672,2.58,2.38
POST:2024_3Q:1207240352,0.736666666666667,7.8666666666666645,4.67,2.31
POST:2024_3Q:1207240353,5.946666666666667,1.8066666666666649,6.88,6.34
POST:2024_3Q:1207240354,2.0200000000000005,1.799999999999999,2.95,2.41
POST:2024_3Q:1207240355,0.5466666666666669,14.496666666666666,7.82,3.47
POST:2024_3Q:1207240356,5.573333333333334,8.48333333333333,9.84,7.29
POST:2024_3Q:1207240357,1.713333333333333,8.453333333333335,5.96,3.42
POST:2024_3Q:1207243073,1.5024390243902432,9.437979094076658,6.22,3.42
POST:2024_3Q:1207243074,0.9024390243902441,9.452264808362369,5.63,2.82
POST:2024_3Q:1207243075,1.8146341463414637,2.227874564459929,2.94,2.28
POST:2024_3Q:1207243076,1.3609756097560977,2.192334494773519,2.47,1.82
POST:2024_3Q:1207243077,0.9111111111111112,1.7944444444444443,1.82,1.28
POST:2024_3Q:1207243078,2.272222222222222,1.9722222222222228,3.27,2.68
POST:2024_3Q:1207243079,1.3611111111111112,1.794444444444444,2.27,1.73
POST:2024_3Q:1207243085,0.3888888888888889,1.3555555555555554,1.11,0.7
POST:2024_3Q:1207243086,2.6111111111111116,1.3444444444444437,3.32,2.92
POST:2024_3Q:1207243087,0.7555555555555555,1.3722222222222222,1.48,1.07
POST:2024_3Q:1207243088,0.37777777777777777,1.594444444444444,1.19,0.71
POST:2024_3Q:1207243089,2.6,1.5833333333333346,3.4,2.93
POST:2024_3Q:1207243090,0.7500000000000001,1.5833333333333335,1.55,1.08
POST:2024_3Q:1207243093,0.36097560975609766,3.2494773519163758,2.0,1.03
POST:2024_3Q:1207243094,1.5512195121951222,1.9832752613240416,2.55,1.96
POST:2024_3Q:1207243095,0.9512195121951218,1.9832752613240425,1.95,1.36
POST:2024_3Q:1207243116,0.9951219512195127,8.966898954703831,5.48,2.81
POST:2024_3Q:1207243136,0.6097560975609756,1.9662020905923345,1.58,1.01
POST:2024_3Q:1207243393,0.9219512195121949,2.5560975609756103,2.24,1.48
POST:2024_3Q:1207243394,2.1121951219512196,1.2756097560975606,2.79,2.41
POST:2024_3Q:1207243395,1.5170731707317073,1.2944250871080134,2.2,1.82
POST:2024_3Q:1207243396,2.0292682926829264,6.598606271777004,5.37,3.41
POST:2024_3Q:1207243397,3.082926829268293,5.719860627177701,5.95,4.25
POST:2024_3Q:1207243398,2.4926829268292683,5.728919860627178,5.37,3.67
POST:2024_3Q:1207243400,1.1414634146341465,2.088501742160278,2.24,1.62
POST:2024_3Q:1207243401,1.7756097560975612,1.934494773519163,2.79,2.22
POST:2024_3Q:1207243402,1.1804878048780487,1.9247386759581881,2.19,1.62
POST:2024_3Q:1207243449,0.4533333333333335,2.2633333333333328,1.63,0.95
POST:2024_3Q:1207243504,0.9121951219512197,2.1756097560975607,2.01,1.36
POST:2024_3Q:1207243505,1.8146341463414637,2.227874564459929,2.94,2.28
POST:2024_3Q:1207243506,1.3609756097560977,2.192334494773519,2.47,1.82
POST:2024_3Q:1207243541,0.45000000000000007,2.0166666666666666,1.49,0.88
POST:2024_3Q:1207243542,2.272222222222222,2.088888888888889,3.35,2.72
POST:2024_3Q:1207243543,0.9111111111111112,1.9777777777777776,1.93,1.34
POST:2024_3Q:1207243895,0.7566666666666665,7.056666666666668,4.31,2.19
POST:2024_3Q:1207243896,0.5366666666666666,1.3266666666666667,1.22,0.82
POST:2024_3Q:1207243897,0.6666666666666667,3.646666666666667,2.58,1.49
POST:2024_3Q:1207243907,0.44666666666666666,1.1666666666666667,1.04,0.69
POST:2024_3Q:1207243908,1.5133333333333334,1.0933333333333333,2.07,1.74
POST:2024_3Q:1207243909,0.8166666666666665,1.136666666666667,1.4,1.05
POST:2024_3Q:1207243910,0.6266666666666668,1.9366666666666663,1.4,0.81
POST:2024_3Q:1207243911,0.6466666666666668,1.7566666666666662,1.58,1.05
POST:2024_3Q:1207243941,1.3609756097560977,1.3209059233449478,2.02,1.63
POST:2024_3Q:1207243942,0.9121951219512197,1.2756097560975606,1.55,1.17
POST:2024_3Q:1207244001,0.9121951219512197,6.647038327526132,4.29,2.31
POST:2024_3Q:1207244002,1.3609756097560977,6.520905923344948,4.67,2.73
POST:2024_3Q:1207244003,0.9121951219512197,6.47560975609756,4.2,2.28
POST:2024_3Q:1207244151,0.5179487179487179,1.0794871794871796,1.27,0.94
POST:2024_3Q:1207244184,0.7073170731707318,2.985365853658537,2.24,1.35
POST:2024_3Q:1207244290,0.5366666666666666,1.396666666666667,1.26,0.84
POST:2024_3Q:1207244291,0.8166666666666664,2.4766666666666675,2.07,1.32
POST:2024_3Q:1207244322,1.18776,1.9882447058823531,2.17,1.58
POST:2024_3Q:1207244323,0.6993199999999999,2.470536470588235,1.91,1.18
POST:2024_3Q:1207244324,0.8434800000000001,2.8000988235294115,2.06,1.23
POST:2024_3Q:1207244325,0.8250000000000001,3.3058823529411767,2.44,1.45
POST:2024_3Q:1207244326,1.04896,3.5176094117647057,2.79,1.74
POST:2024_3Q:1207244333,0.8846153846153847,2.238461538461538,2.0,1.33
POST:2024_3Q:1207244335,0.6181818181818182,4.048251748251748,6.57,5.36
POST:2024_3Q:1207244342,0.4,0.8461538461538463,0.8,0.55
POST:2024_3Q:1207244343,0.4,2.546153846153846,1.7,0.94
POST:2024_3Q:1207244344,0.31948051948051953,0.8764235764235762,0.76,0.5
POST:2024_3Q:1207244345,0.4883116883116884,1.1849150849150847,0.86,0.51
POST:2024_3Q:1207244347,0.5220779220779221,1.094305694305694,0.93,0.6
POST:2024_3Q:1207244348,0.0,1.5384615384615385,0.76,0.3
POST:2024_3Q:1207244520,1.0341463414634147,3.73170731707317,2.97,1.86
POST:2024_3Q:1207244521,1.6682926829268294,3.577700348432055,3.53,2.46
POST:2024_3Q:1207244522,1.0731707317073171,3.5679442508710792,2.93,1.87
POST:2024_3Q:1207244860,0.819512195121952,11.618118466898952,6.64,3.19
POST:2024_3Q:1207244861,1.814634146341463,10.399303135888506,7.02,3.93
POST:2024_3Q:1207244862,1.3609756097560972,10.363763066202091,6.55,3.47
POST:2024_3Q:1207245571,1.2487804878048783,5.573867595818815,7.85,6.19
POST:2024_3Q:1207245572,1.8878048780487802,5.381533101045298,8.39,6.79
POST:2024_3Q:1207245573,1.2878048780487807,5.39581881533101,7.8,6.19
POST:2024_3Q:1207245789,1.6682926829268294,1.59198606271777,2.46,1.99
POST:2024_3Q:1207245790,1.073170731707317,1.5822299651567946,1.86,1.39
POST:2024_3Q:1207245794,3.082926829268293,5.719860627177701,5.95,4.25
POST:2024_3Q:1207245795,2.4926829268292683,5.728919860627178,5.37,3.67
POST:2024_3Q:1207245798,1.5024390243902432,9.437979094076658,6.22,3.42
POST:2024_3Q:1207245799,0.9024390243902441,9.452264808362369,5.63,2.82
POST:2024_3Q:1207246072,2.1121951219512196,1.2756097560975606,2.79,2.41
POST:2024_3Q:1207246073,1.5170731707317073,1.2944250871080134,2.2,1.82
POST:2024_3Q:1207246076,1.3609756097560977,6.520905923344948,4.67,2.73
POST:2024_3Q:1207246077,0.9121951219512197,6.47560975609756,4.2,2.28
POST:2024_3Q:1207246098,1.7756097560975612,1.934494773519163,2.79,2.22
POST:2024_3Q:1207246099,1.1804878048780487,1.9247386759581881,2.19,1.62
POST:2024_3Q:1207246104,1.5512195121951222,1.9832752613240416,2.55,1.96
POST:2024_3Q:1207246105,0.9512195121951218,1.9832752613240425,1.95,1.36
POST:2024_3Q:1207246147,0.9121951219512193,1.8327526132404188,1.83,1.28
POST:2024_3Q:1207246148,0.0,1.3571428571428572,0.68,0.28
POST:2024_3Q:1207246149,0.43902439024390266,10.079094076655052,5.48,2.48
POST:2024_3Q:1207246150,1.5024390243902432,9.437979094076658,6.22,3.42
POST:2024_3Q:1207246151,0.9024390243902441,9.452264808362369,5.63,2.82
POST:2024_3Q:1207246439,4.61,5.17455782312925,11.57,10.02
POST:2024_3Q:1207246440,4.219090909090909,5.178144712430426,11.18,9.63
POST:2024_3Q:1207246441,4.741818181818182,10.28235003092146,9.82,6.74
POST:2024_3Q:1207246442,4.350909090909091,10.285936920222635,9.43,6.35
POST:2024_3Q:1207246443,4.3918181818181825,2.062622139764997,6.13,5.51
POST:2024_3Q:1207246444,4.001818181818182,2.0589486703772404,5.74,5.12
POST:2024_3Q:1207246445,4.390909090909091,3.5011750154607313,6.6,5.55
POST:2024_3Q:1207246446,4.00090909090909,3.497501546072976,6.21,5.16
POST:2024_3Q:1207246447,4.381818181818181,2.849969078540508,5.89,5.03
POST:2024_3Q:1207246448,3.9909090909090903,2.85083487940631,5.5,4.64
POST:2024_3Q:1207246449,4.481818181818182,2.4295609152751996,5.49,4.76
POST:2024_3Q:1207246450,4.09,2.4349659863945576,5.1,4.37
POST:2024_3Q:1207246451,4.501818181818181,2.3188126159554745,5.89,5.2
POST:2024_3Q:1207246452,4.109999999999999,2.324217687074831,5.5,4.81
POST:2024_3Q:1207246455,1.5840000000000003,1.7777894736842097,2.48,1.95
POST:2024_3Q:1207246456,1.1619130434782605,1.775647597254005,2.06,1.53
POST:2024_3Q:1207246457,0.8655652173913045,1.7725537757437064,1.76,1.23
POST:2024_3Q:1207246466,0.9217391304347826,6.087669280114041,7.81,5.98
POST:2024_3Q:1207246467,0.7054347826086956,1.6809337134711329,1.55,1.04
POST:2024_3Q:1207246468,0.4999999999999998,2.8688524590163937,1.93,1.07
POST:2024_3Q:1207246469,0.8141304347826086,2.053706343549537,1.69,1.07
POST:2024_3Q:1207246470,0.7945652173913043,2.568246614397719,2.06,1.29
POST:2024_3Q:1207246471,0.984782608695652,2.807483962936565,2.39,1.54
POST:2024_3Q:1207246478,0.5566265060240969,51.476220672162334,26.63,11.38
POST:2024_3Q:1207246495,1.1633333333333333,3.103333333333333,2.76,1.82
POST:2024_3Q:1207246496,0.4533333333333335,4.223333333333333,2.65,1.38
POST:2024_3Q:1207246499,0.6566666666666666,2.7666666666666666,2.01,1.18
POST:2024_3Q:1207246500,0.7266666666666666,2.376666666666667,1.95,1.23
POST:2024_3Q:1207246501,1.12,2.7299999999999995,2.48,1.66
POST:2024_4Q:330250236,0.0,1.3571428571428572,0.68,0.28
POST:2024_4Q:330250237,2.2292682926829275,5.384320557491288,5.05,3.45
POST:2024_4Q:330250238,0.4390243902439022,9.393379790940767,5.14,2.34
POST:2024_4Q:330250239,0.6749999999999998,1.4000000000000008,1.35,0.93
POST:2024_4Q:330250240,4.116666666666666,1.4041666666666675,4.79,4.37
POST:2024_4Q:330250241,3.4250000000000003,1.399999999999999,4.1,3.68
POST:2024_4Q:330250242,0.39999999999999986,3.7500000000000004,2.32,1.19
POST:2024_4Q:330250243,3.85,3.7624999999999997,5.77,4.64
POST:2024_4Q:330250244,3.158333333333333,3.758333333333334,5.08,3.95
POST:2024_4Q:330250245,0.44800000000000006,0.4792631578947368,1.28,1.13
POST:2024_4Q:330250246,1.1695652173913043,0.4787643020594967,2.0,1.85
POST:2024_4Q:330250247,0.7457391304347826,0.4795743707093825,1.58,1.43
POST:2024_4Q:330250248,1.5317073170731705,1.0937282229965162,2.69,2.36
POST:2024_4Q:330250249,0.9317073170731709,1.1080139372822297,2.1,1.77
POST:2024_4Q:330250250,0.8243902439024392,7.308362369337979,4.51,2.34
POST:2024_4Q:330250251,1.882926829268293,6.662717770034843,5.24,3.26
POST:2024_4Q:330250252,1.2878048780487805,6.667247386759582,4.65,2.67
POST:2024_4Q:330250253,0.6048780487804878,1.5759581881533098,1.4,0.93
POST:2024_4Q:330250254,1.6682926829268294,1.649128919860627,2.5,2.01
POST:2024_4Q:330250255,1.073170731707317,1.5679442508710804,1.87,1.4
POST:2024_4Q:330250256,2.039024390243903,6.321951219512194,5.33,3.45
POST:2024_4Q:330250257,3.082926829268293,5.705574912891986,6.07,4.37
POST:2024_4Q:330250258,2.4975609756097565,5.733449477351915,5.49,3.79
POST:2024_4Q:330250259,0.8829268292682928,2.5627177700348427,2.11,1.35
POST:2024_4Q:330250260,2.2731707317073178,2.553658536585364,3.5,2.74
POST:2024_4Q:330250261,1.7365853658536583,2.5696864111498265,2.98,2.2
POST:2024_4Q:330250262,0.711111111111111,5.127777777777778,5.43,3.89
POST:2024_4Q:330250263,2.9333333333333336,5.0666666666666655,7.62,6.1
POST:2024_4Q:330250264,1.077777777777778,5.094444444444443,5.78,4.25
POST:2024_4Q:330250265,0.9444444444444444,0.911111111111111,1.32,1.05
POST:2024_4Q:330250266,3.15,0.9166666666666663,3.53,3.25
POST:2024_4Q:330250267,1.3111111111111113,0.9111111111111106,1.69,1.41
POST:2024_4Q:330250268,0.7166666666666667,6.116666666666667,3.81,1.97
POST:2024_4Q:330250269,2.933333333333334,6.099999999999998,6.01,4.18
POST:2024_4Q:330250270,1.0833333333333335,6.116666666666667,4.17,2.34
POST:2024_4Q:330250271,0.49444444444444446,1.1944444444444444,1.09,0.73
POST:2024_4Q:330250272,2.716666666666667,1.233333333333333,3.33,2.96
POST:2024_4Q:330250273,0.8611111111111109,1.2611111111111113,1.49,1.11
POST:2024_4Q:330250274,1.0444444444444447,2.26111111111111,2.35,1.67
POST:2024_4Q:330250275,3.25,2.3,4.57,3.88
POST:2024_4Q:330250276,1.4055555555555554,2.355555555555556,2.75,2.05
POST:2024_4Q:330250277,0.5000000000000002,3.2166666666666663,2.15,1.18
POST:2024_4Q:330250278,2.7166666666666663,3.2166666666666677,4.37,3.4
POST:2024_4Q:330250279,0.8666666666666666,3.216666666666667,2.52,1.55
POST:2024_4Q:330250280,0.7444444444444444,2.244444444444445,1.86,1.18
POST:2024_4Q:330250281,2.9611111111111117,2.227777777777777,4.07,3.4
POST:2024_4Q:330250282,1.1111111111111107,2.244444444444445,2.22,1.55
POST:2024_4Q:330250283,0.5888888888888888,1.6555555555555557,1.38,0.88
POST:2024_4Q:330250284,2.8055555555555554,1.655555555555556,3.59,3.1
POST:2024_4Q:330250285,0.9555555555555555,1.622222222222223,1.73,1.24
POST:2024_4Q:330250286,0.6055555555555556,1.522222222222222,1.38,0.92
POST:2024_4Q:330250287,2.822222222222223,1.5388888888888868,3.6,3.14
POST:2024_4Q:330250288,0.9722222222222222,1.5555555555555556,1.76,1.29
POST:2024_4Q:330250289,1.216666666666667,1.9499999999999993,2.52,1.94
POST:2024_4Q:330250290,3.416666666666667,1.9499999999999982,4.72,4.14
POST:2024_4Q:330250291,1.577777777777778,1.9611111111111104,2.89,2.3
POST:2024_4Q:330250292,0.6222222222222222,1.988888888888889,1.66,1.06
POST:2024_4Q:330250293,2.8444444444444446,1.9111111111111099,3.84,3.27
POST:2024_4Q:330250294,0.9944444444444445,1.7611111111111113,1.92,1.39
POST:2024_4Q:330250295,0.7722222222222224,2.238888888888889,1.81,1.14
POST:2024_4Q:330250296,2.9888888888888894,2.2222222222222214,4.03,3.34
POST:2024_4Q:330250297,1.4222222222222225,2.238888888888888,2.47,1.78
POST:2024_4Q:330250298,0.5888888888888882,10.455555555555557,5.83,2.69
POST:2024_4Q:330250299,2.805555555555555,10.455555555555557,8.04,4.91
POST:2024_4Q:330250300,0.9500000000000005,10.483333333333333,6.2,3.06
POST:2024_4Q:330250301,0.6878048780487805,0.6529616724738674,1.62,1.43
POST:2024_4Q:330250302,1.5317073170731705,1.0937282229965162,2.69,2.36
POST:2024_4Q:330250303,0.9317073170731709,1.1080139372822297,2.1,1.77
POST:2024_4Q:330250304,3.91048,2.32939294117647,5.09,4.39
POST:2024_4Q:330250305,0.9239130434782605,7.125944404846757,4.52,2.37
POST:2024_4Q:330250306,0.7054347826086956,1.6317533856022803,1.53,1.04
POST:2024_4Q:330250307,0.675268817204301,1.5172043010752694,1.35,0.9
POST:2024_4Q:330250308,0.4779569892473119,1.1521505376344086,1.01,0.67
POST:2024_4Q:330250309,2.074358974358974,5.812820512820513,5.02,3.28
POST:2024_4Q:330250310,0.6689922480620156,0.4410852713178294,1.6,1.47
POST:2024_4Q:330250311,1.8062015503875966,0.4480620155038766,2.74,2.61
POST:2024_4Q:330250312,0.9968992248062015,0.43875968992248104,1.93,1.79
POST:2024_4Q:330250313,0.6181818181818184,4.732867132867133,3.0,1.59
POST:2024_4Q:330250314,0.3974025974025974,0.8590409590409589,0.83,0.57
POST:2024_4Q:330250315,0.6733333333333331,10.003333333333334,7.65,4.64
POST:2024_4Q:330250316,5.886666666666666,3.9366666666666688,9.83,8.64
POST:2024_4Q:330250317,1.9599999999999995,3.9000000000000012,5.88,4.71
POST:2024_4Q:330250318,0.9033333333333335,6.953333333333333,4.28,2.19
POST:2024_4Q:330250319,0.6833333333333336,10.793333333333333,6.1,2.86
POST:2024_4Q:330250320,5.886666666666668,4.836666666666664,8.33,6.87
POST:2024_4Q:330250321,1.9599999999999995,4.800000000000002,4.38,2.94
POST:2024_4Q:330250322,1.9766666666666666,8.506666666666668,6.34,3.79
POST:2024_4Q:330250323,7.123333333333334,2.4933333333333305,8.48,7.73
POST:2024_4Q:330250324,3.2433333333333327,2.5233333333333343,4.62,3.86
POST:2024_4Q:330250325,1.3133333333333337,11.913333333333332,7.14,3.57
POST:2024_4Q:330250326,6.493333333333333,5.903333333333334,9.32,7.54
POST:2024_4Q:330250327,2.583333333333334,5.953333333333331,5.43,3.64
POST:2024_4Q:330250328,0.8066666666666666,13.716666666666665,7.75,3.63
POST:2024_4Q:330250329,6.01,7.650000000000003,9.92,7.62
POST:2024_4Q:330250330,2.083333333333333,7.693333333333334,6.01,3.7
POST:2024_4Q:330250331,0.45999999999999963,7.140000000000002,4.03,1.89
POST:2024_4Q:330250332,0.45666666666666644,7.146666666666668,4.04,1.9
POST:2024_4Q:330250333,5.6899999999999995,1.0000000000000018,6.2,5.9
POST:2024_4Q:330250334,1.7466666666666666,1.036666666666667,2.28,1.96
POST:2024_4Q:330250335,1.0033333333333334,7.883333333333334,5.12,2.75
POST:2024_4Q:330250336,0.5633333333333331,7.033333333333334,4.08,1.97
POST:2024_4Q:330250337,5.776666666666667,1.0366666666666653,6.3,5.98
POST:2024_4Q:330250338,1.8366666666666667,1.0866666666666664,2.38,2.05
POST:2024_4Q:330250339,0.86,7.04,4.38,2.26
POST:2024_4Q:330250340,6.073333333333332,0.9833333333333361,6.57,6.26
POST:2024_4Q:330250341,2.1399999999999997,0.9800000000000005,2.63,2.33
POST:2024_4Q:330250342,0.5466666666666669,7.486666666666666,4.35,2.1
POST:2024_4Q:330250343,5.77,1.3900000000000006,6.53,6.11
POST:2024_4Q:330250344,1.8266666666666664,1.4866666666666668,2.63,2.18
POST:2024_4Q:330250345,0.5666666666666664,7.366666666666667,4.26,2.05
POST:2024_4Q:330250346,0.5466666666666662,7.716666666666669,4.45,2.13
POST:2024_4Q:330250347,5.77,1.620000000000001,6.62,6.13
POST:2024_4Q:330250348,1.8266666666666664,1.7166666666666675,2.73,2.21
POST:2024_4Q:330250349,0.3133333333333332,6.803333333333334,4.45,2.4
POST:2024_4Q:330250350,5.5566666666666675,0.6666666666666643,6.62,6.42
POST:2024_4Q:330250351,1.6133333333333333,0.6633333333333336,2.68,2.48
POST:2024_4Q:330250352,0.736666666666667,7.8666666666666645,4.68,2.32
POST:2024_4Q:330250353,5.956666666666665,1.7066666666666688,6.82,6.31
POST:2024_4Q:330250354,2.0200000000000005,1.8099999999999987,2.94,2.39
POST:2024_4Q:330250355,0.5466666666666662,14.486666666666666,7.78,3.43
POST:2024_4Q:330250356,5.7666666666666675,8.436666666666664,9.98,7.44
POST:2024_4Q:330250357,1.8333333333333333,8.423333333333334,6.04,3.51
POST:2024_4Q:330253069,1.5024390243902441,9.45226480836237,6.23,3.42
POST:2024_4Q:330253070,0.9073170731707315,9.471080139372825,5.64,2.83
POST:2024_4Q:330253071,1.5902439024390245,2.2480836236933794,2.72,2.06
POST:2024_4Q:330253072,0.9902439024390243,2.262369337979095,2.13,1.46
POST:2024_4Q:330253073,0.41666666666666674,1.8999999999999997,1.37,0.8
POST:2024_4Q:330253074,2.6388888888888893,1.8888888888888882,3.58,3.02
POST:2024_4Q:330253075,1.0666666666666664,1.9166666666666672,2.04,1.46
POST:2024_4Q:330253081,0.3888888888888889,1.3222222222222222,1.09,0.69
POST:2024_4Q:330253082,2.6111111111111107,1.3111111111111118,3.31,2.91
POST:2024_4Q:330253083,0.7500000000000001,1.4500000000000002,1.52,1.08
POST:2024_4Q:330253084,0.3833333333333333,1.5666666666666667,1.17,0.7
POST:2024_4Q:330253085,2.6,1.5166666666666668,3.36,2.9
POST:2024_4Q:330253086,0.7444444444444444,1.6277777777777784,1.56,1.07
POST:2024_4Q:330253089,0.7073170731707318,1.5425087108013935,1.48,1.02
POST:2024_4Q:330253090,1.5512195121951218,1.9547038327526138,2.53,1.95
POST:2024_4Q:330253091,0.9512195121951218,1.9832752613240425,1.94,1.35
POST:2024_4Q:330253112,0.4390243902439022,9.393379790940767,5.14,2.34
POST:2024_4Q:330253132,0.4878048780487805,2.624390243902439,1.8,1.02
POST:2024_4Q:330253389,1.0487804878048779,1.3310104529616726,1.61,1.22
POST:2024_4Q:330253390,2.0975609756097566,1.3905923344947726,2.69,2.28
POST:2024_4Q:330253391,1.5024390243902441,1.380836236933797,2.09,1.68
POST:2024_4Q:330253392,2.2292682926829275,5.384320557491288,5.05,3.45
POST:2024_4Q:330253393,3.082926829268293,5.705574912891986,6.07,4.37
POST:2024_4Q:330253394,2.4975609756097565,5.733449477351915,5.49,3.79
POST:2024_4Q:330253396,0.7170731707317074,2.5229965156794423,1.99,1.24
POST:2024_4Q:330253397,1.7756097560975608,1.977351916376307,2.77,2.19
POST:2024_4Q:330253398,1.1804878048780487,1.9247386759581881,2.15,1.58
POST:2024_4Q:330253445,0.6266666666666666,2.2366666666666672,1.74,1.06
POST:2024_4Q:330253500,0.526829268292683,2.246341463414634,1.66,0.99
POST:2024_4Q:330253501,1.5902439024390245,2.2480836236933794,2.72,2.06
POST:2024_4Q:330253502,0.9902439024390243,2.262369337979095,2.13,1.46
POST:2024_4Q:330253537,0.5833333333333334,1.9833333333333332,1.58,0.98
POST:2024_4Q:330253538,2.8000000000000003,1.966666666666667,3.78,3.19
POST:2024_4Q:330253539,0.9555555555555555,1.9722222222222228,1.94,1.35
POST:2024_4Q:330253894,0.7566666666666665,7.146666666666668,4.34,2.2
POST:2024_4Q:330253895,0.5366666666666668,1.436666666666666,1.25,0.81
POST:2024_4Q:330253896,0.54,3.66,2.41,1.31
POST:2024_4Q:330253906,0.45000000000000007,1.1499999999999997,0.94,0.59
POST:2024_4Q:330253907,1.5133333333333336,1.1533333333333324,2.0,1.65
POST:2024_4Q:330253908,0.8166666666666668,1.1566666666666665,1.31,0.96
POST:2024_4Q:330253909,0.6166666666666666,1.966666666666667,1.54,1.1
POST:2024_4Q:330253910,0.6466666666666666,1.7366666666666666,1.54,1.01
POST:2024_4Q:330253939,2.268292682926829,1.2205574912892,2.9,2.54
POST:2024_4Q:330253940,1.7365853658536583,1.2268292682926831,2.38,2.02
POST:2024_4Q:330253999,0.8243902439024388,6.665505226480837,4.19,2.21
POST:2024_4Q:330254000,1.882926829268293,6.662717770034843,5.24,3.26
POST:2024_4Q:330254001,1.2878048780487805,6.667247386759582,4.65,2.67
POST:2024_4Q:330254152,0.517948717948718,1.1256410256410256,1.15,0.8099999999999999
POST:2024_4Q:330254185,1.0487804878048779,1.3310104529616726,1.61,1.22
POST:2024_4Q:330254292,0.5366666666666668,1.3866666666666663,1.25,0.83
POST:2024_4Q:330254293,0.8166666666666668,2.426666666666666,2.02,1.29
POST:2024_4Q:330254324,1.1801599999999999,2.1175623529411767,2.16,1.53
POST:2024_4Q:330254325,0.7357600000000002,2.414009411764705,1.95,1.23
POST:2024_4Q:330254326,0.8434800000000001,2.8000988235294115,2.29,1.46
POST:2024_4Q:330254327,0.8250000000000001,3.3058823529411767,2.3,1.31
POST:2024_4Q:330254328,1.0170000000000001,3.505882352941177,2.77,1.73
POST:2024_4Q:330254335,0.6871794871794873,1.7410256410256404,1.58,1.05
POST:2024_4Q:330254337,0.6155844155844155,4.091908091908092,5.28,4.06
POST:2024_4Q:330254344,0.4,0.8307692307692307,0.82,0.57
POST:2024_4Q:330254345,0.4,2.5307692307692307,1.69,0.93
POST:2024_4Q:330254346,0.30909090909090914,0.6587412587412587,0.63,0.43
POST:2024_4Q:330254347,0.48831168831168825,1.2618381618381622,0.82,0.44
POST:2024_4Q:330254349,0.5090909090909089,1.1433566433566438,1.11,0.77
POST:2024_4Q:330254350,0.4883116883116884,1.477222777222777,1.04,0.6
POST:2024_4Q:330254517,0.6097560975609754,3.566202090592335,2.4,1.34
POST:2024_4Q:330254518,1.6682926829268294,3.577700348432055,3.47,2.4
POST:2024_4Q:330254519,1.0731707317073171,3.5679442508710792,2.87,1.81
POST:2024_4Q:330254855,0.9512195121951216,10.368989547038328,6.5,3.42
POST:2024_4Q:330254856,2.009756097560975,10.366202090592335,7.55,4.47
POST:2024_4Q:330254857,1.4146341463414636,10.370731707317074,6.96,3.88
POST:2024_4Q:330255566,0.8243902439024388,5.365505226480838,6.84,5.24
POST:2024_4Q:330255567,1.882926829268293,5.434146341463415,7.93,6.32
POST:2024_4Q:330255568,1.292682926829268,5.3289198606271775,7.29,5.7
POST:2024_4Q:330255780,1.6682926829268294,1.5777003484320553,2.48,2.01
POST:2024_4Q:330255781,1.073170731707317,1.6393728222996518,1.91,1.43
POST:2024_4Q:330255785,3.082926829268293,5.705574912891986,6.07,4.37
POST:2024_4Q:330255786,2.4975609756097565,5.733449477351915,5.49,3.79
POST:2024_4Q:330255789,1.5024390243902441,9.45226480836237,6.23,3.42
POST:2024_4Q:330255790,0.9073170731707315,9.471080139372825,5.64,2.83
POST:2024_4Q:330256052,2.0975609756097566,1.3905923344947726,2.69,2.28
POST:2024_4Q:330256053,1.5024390243902441,1.380836236933797,2.09,1.68
POST:2024_4Q:330256056,1.882926829268293,6.662717770034843,5.24,3.26
POST:2024_4Q:330256057,1.2878048780487805,6.667247386759582,4.65,2.67
POST:2024_4Q:330256078,1.7756097560975608,1.977351916376307,2.77,2.19
POST:2024_4Q:330256079,1.1804878048780487,1.9247386759581881,2.15,1.58
POST:2024_4Q:330256084,1.5512195121951218,1.9547038327526138,2.53,1.95
POST:2024_4Q:330256085,0.9512195121951218,1.9832752613240425,1.94,1.35
POST:2024_4Q:330256127,0.6634146341463415,2.301742160278746,1.81,1.13
POST:2024_4Q:330256128,0.0,8.9,4.45,1.81
POST:2024_4Q:330256129,0.19512195121951192,10.595470383275263,5.49,2.34
POST:2024_4Q:330256130,1.5024390243902441,9.45226480836237,6.23,3.42
POST:2024_4Q:330256131,0.9073170731707315,9.471080139372825,5.64,2.83
POST:2024_4Q:330256417,4.61,5.17455782312925,9.23,7.68
POST:2024_4Q:330256418,4.219090909090909,5.178144712430426,8.84,7.29
POST:2024_4Q:330256419,4.741818181818182,10.28235003092146,9.87,6.78
POST:2024_4Q:330256420,4.350909090909091,10.285936920222635,9.48,6.39
POST:2024_4Q:330256421,4.3918181818181825,2.062622139764997,5.42,4.8
POST:2024_4Q:330256422,4.001818181818182,2.0589486703772404,5.03,4.41
POST:2024_4Q:330256423,4.390909090909091,3.5011750154607313,6.23,5.18
POST:2024_4Q:330256424,4.00090909090909,3.497501546072976,5.84,4.79
POST:2024_4Q:330256425,4.684545454545455,2.851317254174396,6.07,5.22
POST:2024_4Q:330256426,4.295454545454546,2.8485466914038327,5.68,4.83
POST:2024_4Q:330256427,4.481818181818182,2.4295609152751996,5.7,4.97
POST:2024_4Q:330256428,4.09,2.4349659863945576,5.31,4.58
POST:2024_4Q:330256429,4.501818181818181,2.3188126159554745,5.84,5.15
POST:2024_4Q:330256430,4.109999999999999,2.324217687074831,5.45,4.76
POST:2024_4Q:330256433,1.5840000000000003,1.7777894736842097,2.48,1.95
POST:2024_4Q:330256434,1.1619130434782605,1.775647597254005,2.06,1.53
POST:2024_4Q:330256435,0.8655652173913045,1.7725537757437064,1.76,1.23
POST:2024_4Q:330256444,0.9228260869565216,6.075659301496794,7.29,5.46
POST:2024_4Q:330256445,0.7054347826086956,1.6809337134711329,1.56,1.05
POST:2024_4Q:330256446,1.1032608695652173,2.855773342836778,2.56,1.7
POST:2024_4Q:330256447,0.8141304347826086,2.060263720598717,1.87,1.25
POST:2024_4Q:330256448,0.7945652173913043,2.568246614397719,1.9,1.13
POST:2024_4Q:330256449,0.9836956521739129,2.842444761225945,2.39,1.54
POST:2024_4Q:330256456,0.5566265060240936,51.46920312830269,26.32,11.06
POST:2024_4Q:330256473,1.1600000000000001,3.0999999999999996,2.73,1.8
POST:2024_4Q:330256474,0.6133333333333333,4.213333333333334,2.74,1.48
POST:2024_4Q:330256477,0.7066666666666666,2.486666666666667,2.01,1.26
POST:2024_4Q:330256478,0.9533333333333333,2.0733333333333333,1.98,1.36
POST:2024_4Q:330256479,0.8933333333333333,3.0533333333333332,2.49,1.57
POST:2025_1Q:521250258,0.0,1.3571428571428572,0.6799999999999999,0.27999999999999997
POST:2025_1Q:521250259,2.039024390243902,5.7076655052264815,4.89,3.2
POST:2025_1Q:521250260,0.4390243902439022,9.43623693379791,5.07,2.26
POST:2025_1Q:521250261,0.42499999999999993,1.4000000000000001,1.0,0.58
POST:2025_1Q:521250262,4.120833333333334,1.383333333333333,4.82,4.41
POST:2025_1Q:521250263,3.4250000000000003,1.399999999999999,4.14,3.7199999999999998
POST:2025_1Q:521250264,0.3958333333333332,3.770833333333333,2.06,0.9299999999999999
POST:2025_1Q:521250265,3.85,3.7624999999999997,5.74,4.61
POST:2025_1Q:521250266,3.158333333333333,3.758333333333334,5.050000000000001,3.92
POST:2025_1Q:521250267,0.44800000000000006,0.4792631578947368,0.74,0.59
POST:2025_1Q:521250268,2.006086956521739,0.47940503432494325,3.18,3.0300000000000002
POST:2025_1Q:521250269,1.3850434782608698,0.4788604118993128,2.55,2.41
POST:2025_1Q:521250270,1.8634146341463418,1.0874564459930307,3.36,3.0300000000000002
POST:2025_1Q:521250271,1.326829268292683,1.0891986062717773,2.82,2.5
POST:2025_1Q:521250272,0.8195121951219511,4.603832752613241,3.17,1.7999999999999998
POST:2025_1Q:521250273,2.209756097560976,6.694773519163761,5.57,3.58
POST:2025_1Q:521250274,1.678048780487805,6.6867595818815335,5.029999999999999,3.04
POST:2025_1Q:521250275,0.6048780487804879,1.590243902439024,1.4200000000000002,0.95
POST:2025_1Q:521250276,1.9999999999999998,1.5714285714285723,2.8400000000000003,2.37
POST:2025_1Q:521250277,1.4682926829268295,1.563414634146341,2.3,1.8399999999999999
POST:2025_1Q:521250278,2.04390243902439,5.697909407665506,4.82,3.1300000000000003
POST:2025_1Q:521250279,3.409756097560976,5.737630662020904,6.279999999999999,4.569999999999999
POST:2025_1Q:521250280,2.882926829268293,5.719860627177699,5.74,4.04
POST:2025_1Q:521250281,0.6878048780487805,2.5529616724738675,1.76,1.01
POST:2025_1Q:521250282,2.0731707317073167,2.5679442508710815,3.19,2.42
POST:2025_1Q:521250283,1.5463414634146342,2.5501742160278744,2.82,1.9
POST:2025_1Q:521250284,0.7166666666666667,2.9666666666666672,4.91,4.02
POST:2025_1Q:521250285,2.927777777777778,2.977777777777777,6.88,5.9799999999999995
POST:2025_1Q:521250286,1.372222222222222,2.9388888888888896,5.3,4.42
POST:2025_1Q:521250287,0.95,0.8833333333333334,1.41,1.15
POST:2025_1Q:521250288,3.155555555555555,0.9055555555555564,3.63,3.36
POST:2025_1Q:521250289,1.5944444444444446,0.911111111111111,2.07,1.7999999999999998
POST:2025_1Q:521250290,0.7111111111111112,6.094444444444444,3.7600000000000002,1.9300000000000002
POST:2025_1Q:521250291,2.922222222222222,4.122222222222223,4.91,3.6799999999999997
POST:2025_1Q:521250292,1.3666666666666667,4.1,3.35,2.12
POST:2025_1Q:521250293,0.49444444444444446,1.1944444444444444,1.32,0.96
POST:2025_1Q:521250294,2.722222222222222,1.1555555555555557,3.3099999999999996,2.96
POST:2025_1Q:521250295,1.1500000000000001,1.183333333333333,1.7500000000000002,1.4000000000000001
POST:2025_1Q:521250296,1.0444444444444443,2.227777777777778,2.17,1.5
POST:2025_1Q:521250297,3.25,2.233333333333333,4.38,3.71
POST:2025_1Q:521250298,1.688888888888889,2.255555555555555,2.83,2.15
POST:2025_1Q:521250299,0.49444444444444446,3.2277777777777774,2.13,1.16
POST:2025_1Q:521250300,2.711111111111111,3.244444444444445,4.35,3.38
POST:2025_1Q:521250301,1.15,3.216666666666667,2.78,1.81
POST:2025_1Q:521250302,0.711111111111111,2.211111111111112,2.0500000000000003,1.38
POST:2025_1Q:521250303,3.316666666666667,2.2499999999999996,4.46,3.7900000000000005
POST:2025_1Q:521250304,1.7555555555555553,2.272222222222223,2.91,2.23
POST:2025_1Q:521250305,0.5888888888888888,1.6555555555555557,1.68,1.18
POST:2025_1Q:521250306,2.8000000000000003,1.6833333333333336,3.73,3.2300000000000004
POST:2025_1Q:521250307,1.2388888888888887,1.6722222222222232,2.17,1.66
POST:2025_1Q:521250308,0.6,1.0166666666666668,1.34,1.03
POST:2025_1Q:521250309,2.8277777777777775,0.9777777777777781,3.34,3.04
POST:2025_1Q:521250310,1.261111111111111,0.9944444444444441,1.78,1.48
POST:2025_1Q:521250311,1.6833333333333336,1.9666666666666661,3.37,2.79
POST:2025_1Q:521250312,2.988888888888889,1.9888888888888896,4.61,4.04
POST:2025_1Q:521250313,1.4277777777777776,1.9777777777777779,3.05,2.46
POST:2025_1Q:521250314,0.44444444444444464,1.8944444444444437,1.6199999999999999,1.05
POST:2025_1Q:521250315,3.022222222222222,1.8722222222222227,4.02,3.46
POST:2025_1Q:521250316,1.4555555555555555,1.8888888888888886,2.46,1.8900000000000001
POST:2025_1Q:521250317,0.5833333333333333,2.2,1.9300000000000002,1.27
POST:2025_1Q:521250318,2.7944444444444447,2.2277777777777783,3.91,3.2399999999999998
POST:2025_1Q:521250319,1.2277777777777774,2.2277777777777787,2.34,1.67
POST:2025_1Q:521250320,0.5888888888888882,10.455555555555557,5.82,2.68
POST:2025_1Q:521250321,2.805555555555555,10.455555555555557,8.03,4.9
POST:2025_1Q:521250322,1.2388888888888892,10.455555555555554,6.47,3.3300000000000005
POST:2025_1Q:521250323,0.46829268292682924,1.0919860627177698,1.7000000000000002,1.34
POST:2025_1Q:521250324,1.8634146341463418,1.0874564459930307,3.36,3.0300000000000002
POST:2025_1Q:521250325,1.326829268292683,1.0891986062717773,2.82,2.5
POST:2025_1Q:521250326,3.9062,2.40324705882353,5.11,4.390000000000001
POST:2025_1Q:521250327,1.1206521739130428,5.601318602993587,3.88,2.1999999999999997
POST:2025_1Q:521250328,0.7065217391304348,1.6230220955096222,1.53,1.04
POST:2025_1Q:521250329,0.6758064516129032,1.5112903225806453,1.6,1.15
POST:2025_1Q:521250330,0.4774193548387097,1.153225806451613,1.06,0.72
POST:2025_1Q:521250331,2.076923076923077,5.86153846153846,5.029999999999999,3.27
POST:2025_1Q:521250332,0.6658914728682173,0.4519379844961236,1.49,1.37
POST:2025_1Q:521250333,2.3449612403100777,0.4565891472868212,3.52,3.39
POST:2025_1Q:521250334,1.844186046511628,0.4511627906976743,3.02,2.88
POST:2025_1Q:521250335,0.6155844155844156,3.145754245754246,2.29,1.35
POST:2025_1Q:521250336,0.4,0.8538461538461538,0.8099999999999999,0.5499999999999999
POST:2025_1Q:521250337,0.843333333333333,2.343333333333334,5.58,4.87
POST:2025_1Q:521250338,6.796666666666666,3.926666666666668,12.5,11.32
POST:2025_1Q:521250339,1.9600000000000002,3.9099999999999997,7.66,6.4799999999999995
POST:2025_1Q:521250340,1.15,0.8500000000000001,1.6,1.34
POST:2025_1Q:521250341,0.8466666666666668,3.256666666666667,2.44,1.46
POST:2025_1Q:521250342,6.800000000000001,4.77,9.19,7.75
POST:2025_1Q:521250343,1.96,3.2700000000000005,3.56,2.5700000000000003
POST:2025_1Q:521250344,2.1433333333333335,2.503333333333333,3.38,2.62
POST:2025_1Q:521250345,8.020000000000001,2.4999999999999964,9.43,8.68
POST:2025_1Q:521250346,3.2433333333333336,2.5133333333333328,4.66,3.91
POST:2025_1Q:521250347,1.5599999999999998,5.9,4.53,2.76
POST:2025_1Q:521250348,7.3966666666666665,5.906666666666666,10.37,8.6
POST:2025_1Q:521250349,2.5866666666666673,5.916666666666665,5.57,3.7900000000000005
POST:2025_1Q:521250350,1.05,7.670000000000001,4.92,2.6100000000000003
POST:2025_1Q:521250351,6.920000000000001,7.649999999999997,10.780000000000001,8.48
POST:2025_1Q:521250352,2.0866666666666673,7.666666666666664,5.949999999999999,3.65
POST:2025_1Q:521250353,0.63,1.0599999999999998,1.16,0.84
POST:2025_1Q:521250354,0.6266666666666668,1.0566666666666664,1.13,0.8099999999999999
POST:2025_1Q:521250355,6.593333333333335,1.0633333333333308,7.13,6.81
POST:2025_1Q:521250356,1.7466666666666666,1.0466666666666669,2.27,1.96
POST:2025_1Q:521250357,1.1733333333333331,1.813333333333334,1.9900000000000002,1.4500000000000002
POST:2025_1Q:521250358,0.7266666666666667,1.0166666666666668,1.31,1.0
POST:2025_1Q:521250359,6.686666666666667,1.0166666666666657,7.21,6.9
POST:2025_1Q:521250360,1.8400000000000003,1.0299999999999994,2.37,2.06
POST:2025_1Q:521250361,1.16,1.7900000000000007,2.07,1.53
POST:2025_1Q:521250362,7.156666666666668,1.776666666666664,8.07,7.53
POST:2025_1Q:521250363,2.333333333333334,1.7933333333333321,3.25,2.71
POST:2025_1Q:521250364,0.7100000000000001,1.4399999999999997,1.51,1.08
POST:2025_1Q:521250365,6.673333333333333,1.4333333333333336,7.470000000000001,7.04
POST:2025_1Q:521250366,1.83,1.4299999999999997,2.63,2.1999999999999997
POST:2025_1Q:521250367,0.7333333333333334,0.9133333333333332,1.1900000000000002,0.9199999999999999
POST:2025_1Q:521250368,0.7200000000000002,1.6299999999999994,1.54,1.05
POST:2025_1Q:521250369,6.676666666666667,1.6566666666666663,7.5200000000000005,7.02
POST:2025_1Q:521250370,1.8300000000000003,1.649999999999999,2.67,2.17
POST:2025_1Q:521250371,0.5666666666666667,0.6866666666666668,1.8399999999999999,1.63
POST:2025_1Q:521250372,6.466666666666667,0.6766666666666659,7.739999999999999,7.53
POST:2025_1Q:521250373,1.6066666666666667,0.6966666666666668,2.58,2.37
POST:2025_1Q:521250374,0.71,1.79,1.59,1.05
POST:2025_1Q:521250375,6.663333333333334,1.8233333333333324,7.580000000000001,7.03
POST:2025_1Q:521250376,1.82,1.8199999999999998,2.73,2.18
POST:2025_1Q:521250377,0.7966666666666669,8.406666666666666,5.029999999999999,2.5100000000000002
POST:2025_1Q:521250378,6.6800000000000015,8.409999999999997,10.92,8.39
POST:2025_1Q:521250379,1.836666666666666,8.396666666666668,6.069999999999999,3.55
POST:2025_1Q:521253090,1.8292682926829267,9.45574912891986,6.6000000000000005,3.7900000000000005
POST:2025_1Q:521253091,1.2926829268292683,9.457491289198607,6.0600000000000005,3.25
POST:2025_1Q:521253092,1.9219512195121948,2.241811846689896,3.05,2.39
POST:2025_1Q:521253093,1.3902439024390243,2.2195121951219514,2.5100000000000002,1.8499999999999999
POST:2025_1Q:521253094,0.41666666666666674,1.8999999999999997,1.34,0.77
POST:2025_1Q:521253095,2.6388888888888893,1.8888888888888882,3.5999999999999996,3.04
POST:2025_1Q:521253096,1.0777777777777775,1.861111111111112,2.03,1.47
POST:2025_1Q:521253102,0.3833333333333333,1.3833333333333335,0.66,0.24
POST:2025_1Q:521253103,2.6055555555555556,1.372222222222222,3.3000000000000003,2.8899999999999997
POST:2025_1Q:521253104,1.038888888888889,1.3722222222222218,1.7399999999999998,1.32
POST:2025_1Q:521253105,0.3722222222222222,1.6222222222222225,1.13,0.65
POST:2025_1Q:521253106,2.5944444444444446,1.6111111111111114,3.4000000000000004,2.92
POST:2025_1Q:521253107,1.0333333333333332,1.583333333333333,1.83,1.35
POST:2025_1Q:521253110,0.49268292682926823,1.957491289198607,1.47,0.89
POST:2025_1Q:521253111,1.8780487804878052,1.9867595818815316,2.87,2.2800000000000002
POST:2025_1Q:521253112,1.3463414634146342,1.9644599303135886,2.33,1.7399999999999998
POST:2025_1Q:521253131,0.4390243902439022,9.43623693379791,5.2,2.39
POST:2025_1Q:521253151,0.49268292682926823,1.957491289198607,1.47,0.89
POST:2025_1Q:521253407,1.053658536585366,1.2926829268292679,1.71,1.3299999999999998
POST:2025_1Q:521253408,2.4390243902439024,1.2933797909407672,3.1,2.71
POST:2025_1Q:521253409,1.907317073170732,1.2853658536585355,2.56,2.18
POST:2025_1Q:521253410,2.039024390243902,5.7076655052264815,4.89,3.2
POST:2025_1Q:521253411,3.409756097560976,5.737630662020904,6.279999999999999,4.569999999999999
POST:2025_1Q:521253412,2.882926829268293,5.719860627177699,5.74,4.04
POST:2025_1Q:521253414,0.7121951219512196,1.389895470383275,1.4500000000000002,1.03
POST:2025_1Q:521253415,2.107317073170732,1.3567944250871071,2.83,2.42
POST:2025_1Q:521253416,1.5756097560975606,1.363066202090593,2.3,1.8900000000000001
POST:2025_1Q:521253463,0.6299999999999999,2.2300000000000004,1.77,1.0999999999999999
POST:2025_1Q:521253518,0.526829268292683,2.246341463414634,1.66,0.9900000000000001
POST:2025_1Q:521253519,1.9219512195121948,2.241811846689896,3.05,2.39
POST:2025_1Q:521253520,1.3902439024390243,2.2195121951219514,2.5100000000000002,1.8499999999999999
POST:2025_1Q:521253555,0.5944444444444443,1.9277777777777783,1.59,1.01
POST:2025_1Q:521253556,2.8055555555555554,1.9722222222222217,3.82,3.2300000000000004
POST:2025_1Q:521253557,1.2388888888888892,1.9722222222222214,2.26,1.66
POST:2025_1Q:521253923,0.7533333333333335,5.043333333333333,3.2099999999999995,1.69
POST:2025_1Q:521253924,0.5433333333333332,1.4033333333333338,1.26,0.83
POST:2025_1Q:521253925,0.5366666666666668,3.6766666666666663,2.41,1.3
POST:2025_1Q:521253935,0.45000000000000007,1.1499999999999997,1.06,0.7100000000000001
POST:2025_1Q:521253936,1.8066666666666664,1.146666666666667,2.41,2.07
POST:2025_1Q:521253937,0.8166666666666669,1.146666666666666,1.4200000000000002,1.08
POST:2025_1Q:521253938,0.6233333333333334,1.9233333333333331,1.6500000000000001,1.0699999999999998
POST:2025_1Q:521253939,0.6499999999999999,1.1800000000000002,1.25,0.8999999999999999
POST:2025_1Q:521253968,2.2634146341463413,1.244599303135889,2.92,2.55
POST:2025_1Q:521253969,1.7365853658536587,1.2125435540069678,2.37,2.01
POST:2025_1Q:521254028,0.8195121951219511,4.618118466898954,3.1399999999999997,1.76
POST:2025_1Q:521254029,2.209756097560976,6.809059233449477,5.63,3.61
POST:2025_1Q:521254030,1.678048780487805,6.801045296167247,5.1,3.08
POST:2025_1Q:521254182,0.5205128205128206,1.1128205128205126,1.13,0.79
POST:2025_1Q:521254215,1.053658536585366,1.2926829268292679,1.71,1.3299999999999998
POST:2025_1Q:521254323,0.5466666666666665,1.366666666666667,1.27,0.86
POST:2025_1Q:521254324,0.6133333333333332,2.493333333333334,1.9,1.15
POST:2025_1Q:521254355,1.18136,2.092574117647059,2.26,1.63
POST:2025_1Q:521254356,0.7357199999999998,2.4183247058823536,1.97,1.26
POST:2025_1Q:521254357,0.8431600000000001,2.8055623529411764,2.25,1.41
POST:2025_1Q:521254358,0.8255199999999999,3.2944894117647063,2.4899999999999998,1.51
POST:2025_1Q:521254359,0.8141600000000002,3.573444705882352,2.6100000000000003,1.55
POST:2025_1Q:521254366,0.5025641025641027,1.6717948717948714,1.23,0.73
POST:2025_1Q:521254368,0.6103896103896106,2.3484515484515476,4.63,3.93
POST:2025_1Q:521254375,0.4,0.8615384615384617,0.19,-0.06999999999999999
POST:2025_1Q:521254376,0.38961038961038963,2.582317682317682,1.7500000000000002,0.98
POST:2025_1Q:521254377,0.30389610389610383,0.6768231768231768,0.88,0.6799999999999999
POST:2025_1Q:521254378,0.48311688311688294,1.2722277722277726,1.1400000000000001,0.76
POST:2025_1Q:521254380,0.5064935064935066,0.7100899100899102,0.96,0.75
POST:2025_1Q:521254381,0.48831168831168814,1.5002997002997007,1.25,0.8
POST:2025_1Q:521254547,0.6097560975609754,3.566202090592335,2.4,1.34
POST:2025_1Q:521254548,2.0000000000000004,3.57142857142857,3.81,2.74
POST:2025_1Q:521254549,1.4634146341463417,3.5731707317073167,3.27,2.21
POST:2025_1Q:521254879,0.9512195121951216,10.354703832752614,6.08,3.0
POST:2025_1Q:521254880,2.3414634146341466,10.345644599303133,7.53,4.46
POST:2025_1Q:521254881,1.8000000000000005,10.385714285714283,7.01,3.93
POST:2025_1Q:521255583,0.8243902439024392,3.2940766550522644,4.75,3.7699999999999996
POST:2025_1Q:521255584,2.209756097560976,5.409059233449477,8.41,6.81
POST:2025_1Q:521255585,1.678048780487805,5.401045296167247,7.88,6.2700000000000005
POST:2025_1Q:521255794,1.9999999999999998,1.5857142857142867,2.83,2.36
POST:2025_1Q:521255795,1.4634146341463417,1.5874564459930314,2.3,1.83
POST:2025_1Q:521255799,3.409756097560976,5.737630662020904,6.279999999999999,4.569999999999999
POST:2025_1Q:521255800,2.882926829268293,5.719860627177699,5.74,4.04
POST:2025_1Q:521255803,1.8292682926829267,9.45574912891986,6.6000000000000005,3.7900000000000005
POST:2025_1Q:521255804,1.2926829268292683,9.457491289198607,6.0600000000000005,3.25
POST:2025_1Q:521256067,2.4390243902439024,1.2933797909407672,3.1,2.71
POST:2025_1Q:521256068,1.907317073170732,1.2853658536585355,2.56,2.18
POST:2025_1Q:521256071,2.2097560975609754,4.609059233449479,4.52,3.15
POST:2025_1Q:521256072,1.6829268292682924,4.5912891986062725,3.9699999999999998,2.6
POST:2025_1Q:521256093,2.107317073170732,1.3567944250871071,2.83,2.42
POST:2025_1Q:521256094,1.5756097560975606,1.363066202090593,2.3,1.8900000000000001
POST:2025_1Q:521256099,1.8780487804878052,1.9867595818815316,2.87,2.2800000000000002
POST:2025_1Q:521256100,1.3463414634146342,1.9644599303135886,2.33,1.7399999999999998
POST:2025_1Q:521256142,0.8829268292682928,1.2198606271777,1.52,1.16
POST:2025_1Q:521256143,0.0,8.9,4.45,1.81
POST:2025_1Q:521256144,0.4390243902439022,9.43623693379791,5.2,2.39
POST:2025_1Q:521256145,1.8292682926829267,9.45574912891986,6.6000000000000005,3.7900000000000005
POST:2025_1Q:521256146,1.2926829268292683,9.457491289198607,6.0600000000000005,3.25
POST:2025_1Q:521256422,2.221391304347826,1.775112128146453,3.1300000000000003,2.59
POST:2025_1Q:521256423,1.6013913043478256,1.7756384439359278,2.5100000000000002,1.97
POST:2025_1Q:521256424,0.6666086956521741,1.7757299771167043,1.23,0.7000000000000001
POST:2025_1Q:521256433,0.9217391304347826,6.087669280114041,7.59,5.76
POST:2025_1Q:521256434,0.7054347826086956,1.6809337134711329,1.5699999999999998,1.06
POST:2025_1Q:521256435,1.5021739130434784,2.8579472558802563,2.93,2.07
POST:2025_1Q:521256436,0.8141304347826087,2.056985032074127,1.8599999999999999,1.24
POST:2025_1Q:521256437,0.7956521739130435,2.559515324305061,2.1,1.3299999999999998
POST:2025_1Q:521256438,0.7847826086956522,2.8468282252316466,2.19,1.3299999999999998
POST:2025_1Q:521256445,0.5578313253012043,51.47030226167829,26.43,11.18
POST:2025_1Q:521256487,1.1633333333333333,3.0933333333333333,2.86,1.9300000000000002
POST:2025_1Q:521256488,0.9199999999999999,3.91,2.91,1.73
POST:2025_1Q:521256491,1.0133333333333332,2.213333333333334,2.23,1.5699999999999998
POST:2025_1Q:521256492,1.03,1.5699999999999998,1.7999999999999998,1.32
POST:2025_1Q:521256493,1.0066666666666664,2.7166666666666677,2.3,1.48
POST:2025_3Q:1212250018,4.901818181818181,3.3147309833024123,10.89,9.9
POST:2025_3Q:1212250019,4.531818181818182,3.314594928880643,10.52,9.53
POST:2025_3Q:1212250020,4.515454545454544,9.793580705009282,9.42,6.49
POST:2025_3Q:1212250021,4.1445454545454545,9.795262832405689,9.05,6.12
POST:2025_3Q:1212250022,4.182727272727273,2.1216202844774266,5.24,4.61
POST:2025_3Q:1212250023,3.810909090909091,2.1196784168212726,4.87,4.24
POST:2025_3Q:1212250024,4.181818181818181,3.334322820037108,5.85,4.85
POST:2025_3Q:1212250025,3.80909090909091,3.3341991341991326,5.48,4.48
POST:2025_3Q:1212250026,4.746363636363637,2.711354359925788,6.1,5.29
POST:2025_3Q:1212250027,4.376363636363637,2.7084972170686434,5.73,4.92
POST:2025_3Q:1212250028,4.191818181818182,2.321125541125542,5.49,4.8
POST:2025_3Q:1212250029,3.819090909090909,2.3210018552875704,5.12,4.42
POST:2025_3Q:1212250030,4.287272727272727,1.8036858379715526,5.21,4.67
POST:2025_3Q:1212250031,3.9145454545454546,1.8144465058750767,4.84,4.3
POST:2025_3Q:1212250264,0.6066666666666667,1.8766666666666665,1.6,1.03
POST:2025_3Q:1212250273,0.7333333333333334,4.593333333333333,3.13,1.75
POST:2025_3Q:1212250274,0.52,1.2599999999999998,1.17,0.79
POST:2025_3Q:1212250275,0.5166666666666666,3.3066666666666666,2.18,1.19
POST:2025_3Q:1212250280,0.42666666666666675,0.7966666666666664,0.85,0.61
POST:2025_3Q:1212250281,1.3933333333333333,0.7933333333333334,1.81,1.57
POST:2025_3Q:1212250282,0.7166666666666667,0.7866666666666667,1.13,0.89
POST:2025_3Q:1212250283,0.6066666666666667,1.5466666666666664,1.51,1.05
POST:2025_3Q:1212250284,0.6266666666666666,0.8266666666666669,1.05,0.8
POST:2025_3Q:1212250285,0.5166666666666666,1.0266666666666668,1.08,0.77
POST:2025_3Q:1212250286,0.6,2.0999999999999996,1.66,1.03
POST:2025_3Q:1212250524,0.0,1.3571428571428572,0.68,0.28
POST:2025_3Q:1212250590,0.6341463414634146,1.2174216027874563,1.26,0.9
POST:2025_3Q:1212250591,0.4390243902439022,9.421951219512195,5.2,2.4
POST:2025_3Q:1212250592,1.8292682926829267,9.45574912891986,6.65,3.84
POST:2025_3Q:1212250593,1.2292682926829268,9.427177700348432,5.96,3.16
POST:2025_3Q:1212250614,0.7951219512195126,10.252613240418116,5.92,2.88
POST:2025_3Q:1212250615,0.0,8.9,4.45,1.81
POST:2025_3Q:1212250616,1.3999999999999997,10.25714285714286,6.53,3.48
POST:2025_3Q:1212250631,2.034146341463414,5.731707317073172,4.92,3.22
POST:2025_3Q:1212250632,0.4390243902439022,9.421951219512195,5.2,2.4
POST:2025_3Q:1212250932,1.0099999999999998,2.2200000000000006,2.25,1.58
POST:2025_3Q:1212250966,1.4266666666666665,3.146666666666667,3.2,2.25
POST:2025_3Q:1212251001,1.03,1.5699999999999998,1.9,1.42
POST:2025_3Q:1212251002,0.9199999999999999,3.91,2.88,1.7
POST:2025_3Q:1212251003,1.4699999999999998,3.7700000000000005,3.35,2.22
POST:2025_3Q:1212251004,1.0066666666666664,2.7166666666666677,2.37,1.55
POST:2025_3Q:1212251016,0.42500000000000004,1.4124999999999999,1.13,0.71
POST:2025_3Q:1212251017,3.879166666666666,1.3916666666666677,4.58,4.16
POST:2025_3Q:1212251018,2.4875000000000003,1.3874999999999993,3.18,2.77
POST:2025_3Q:1212251019,0.39999999999999986,3.7500000000000004,2.28,1.15
POST:2025_3Q:1212251020,3.854166666666667,3.7416666666666667,5.73,4.6
POST:2025_3Q:1212251021,2.4541666666666666,3.7666666666666666,4.34,3.21
POST:2025_3Q:1212251098,0.7052173913043478,1.223775743707094,2.19,1.82
POST:2025_3Q:1212251099,2.2593043478260877,1.2240228832951936,3.74,3.37
POST:2025_3Q:1212251100,1.8537391304347826,1.223048054919909,3.34,2.97
POST:2025_3Q:1212251107,2.221391304347826,1.775112128146453,3.11,2.57
POST:2025_3Q:1212251108,1.815478260869565,1.7748329519450803,2.7,2.17
POST:2025_3Q:1212251109,0.6666086956521738,1.7752036613272313,1.55,1.02
POST:2025_3Q:1212251215,2.034146341463414,5.731707317073172,4.92,3.22
POST:2025_3Q:1212251216,3.409756097560976,5.72334494773519,6.29,4.59
POST:2025_3Q:1212251217,2.8146341463414637,5.72787456445993,5.7,4.0
POST:2025_3Q:1212251218,2.117073170731707,2.10871080139373,4.07,3.44
POST:2025_3Q:1212251219,1.5121951219512197,2.1184668989547037,3.47,2.84
POST:2025_3Q:1212251405,1.8292682926829267,9.45574912891986,6.65,3.84
POST:2025_3Q:1212251406,1.2292682926829268,9.427177700348432,5.96,3.16
POST:2025_3Q:1212251416,0.526829268292683,2.246341463414634,1.65,0.98
POST:2025_3Q:1212251417,1.9219512195121948,2.241811846689896,3.04,2.38
POST:2025_3Q:1212251418,1.3170731707317074,2.2372822299651567,2.44,1.77
POST:2025_3Q:1212251429,2.029268292682927,1.2271777003484319,2.66,2.3
POST:2025_3Q:1212251430,1.4243902439024392,1.208362369337979,2.05,1.69
POST:2025_3Q:1212251569,0.7951219512195122,1.3526132404181186,1.47,1.07
POST:2025_3Q:1212251640,1.053658536585366,1.2783972125435539,1.69,1.31
POST:2025_3Q:1212251654,1.9219512195121948,2.241811846689896,3.04,2.38
POST:2025_3Q:1212251655,1.3170731707317074,2.2372822299651567,2.44,1.77
POST:2025_3Q:1212251656,0.4878048780487805,1.9815331010452957,1.49,0.9
POST:2025_3Q:1212251748,2.439024390243903,1.2790940766550507,3.08,2.7
POST:2025_3Q:1212251749,1.8390243902439023,1.2933797909407665,2.49,2.1
POST:2025_3Q:1212251752,2.2097560975609754,4.2804878048780495,4.35,3.08
POST:2025_3Q:1212251753,1.609756097560976,4.280487804878048,3.75,2.48
POST:2025_3Q:1212251774,2.107317073170732,1.371080139372822,2.79,2.39
POST:2025_3Q:1212251775,1.5024390243902441,1.380836236933797,2.19,1.78
POST:2025_3Q:1212251778,1.882926829268293,1.9627177700348422,2.87,2.29
POST:2025_3Q:1212251779,1.278048780487805,1.9581881533101049,2.27,1.69
POST:2025_3Q:1212251840,0.8243902439024392,4.265505226480835,2.96,1.69
POST:2025_3Q:1212251841,2.2097560975609754,4.2804878048780495,4.35,3.08
POST:2025_3Q:1212251842,1.609756097560976,4.280487804878048,3.75,2.48
POST:2025_3Q:1212251843,0.6097560975609757,1.5662020905923342,1.46,1.0
POST:2025_3Q:1212251844,1.9951219512195122,1.5811846689895463,2.86,2.39
POST:2025_3Q:1212251845,1.3951219512195123,1.5811846689895472,2.26,1.79
POST:2025_3Q:1212251846,2.034146341463414,5.731707317073172,4.92,3.22
POST:2025_3Q:1212251847,3.409756097560976,5.72334494773519,6.29,4.59
POST:2025_3Q:1212251848,2.8146341463414637,5.72787456445993,5.7,4.0
POST:2025_3Q:1212251849,0.6878048780487805,2.5386759581881537,1.96,1.2
POST:2025_3Q:1212251850,2.0780487804878045,2.543902439024392,3.35,2.59
POST:2025_3Q:1212251851,1.4731707317073173,2.56794425087108,2.76,1.99
POST:2025_3Q:1212252113,0.8055555555555557,2.972222222222222,4.94,4.05
POST:2025_3Q:1212252114,3.0166666666666666,2.983333333333334,7.16,6.26
POST:2025_3Q:1212252115,1.4500000000000002,2.9999999999999996,5.6,4.7
POST:2025_3Q:1212252116,2.638888888888889,-0.011111111111110628,2.63,2.64
POST:2025_3Q:1212252117,0.9444444444444444,0.911111111111111,1.4,1.13
POST:2025_3Q:1212252118,3.155555555555555,0.8888888888888901,3.6,3.33
POST:2025_3Q:1212252119,1.5944444444444446,0.8944444444444447,2.04,1.77
POST:2025_3Q:1212252120,0.7166666666666667,3.900000000000001,2.67,1.5
POST:2025_3Q:1212252121,2.9222222222222225,3.938888888888888,4.89,3.71
POST:2025_3Q:1212252122,1.3666666666666667,3.916666666666667,3.33,2.15
POST:2025_3Q:1212252123,0.49999999999999994,1.1833333333333336,1.09,0.74
POST:2025_3Q:1212252124,2.711111111111111,1.1944444444444453,3.31,2.95
POST:2025_3Q:1212252125,1.15,1.15,1.72,1.38
POST:2025_3Q:1212252126,1.0444444444444447,3.2277777777777774,2.67,1.7
POST:2025_3Q:1212252127,3.25,3.2166666666666663,4.87,3.9
POST:2025_3Q:1212252128,1.6944444444444442,3.227777777777778,3.32,2.35
POST:2025_3Q:1212252129,0.49999999999999994,3.2,2.11,1.15
POST:2025_3Q:1212252130,2.711111111111111,3.227777777777778,4.34,3.37
POST:2025_3Q:1212252131,1.15,3.216666666666667,2.78,1.81
POST:2025_3Q:1212252132,1.0888888888888888,2.2055555555555553,2.19,1.53
POST:2025_3Q:1212252133,3.2888888888888883,2.222222222222223,4.4,3.73
POST:2025_3Q:1212252134,1.7277777777777774,2.2277777777777787,2.84,2.17
POST:2025_3Q:1212252135,0.5888888888888888,1.6555555555555557,1.55,1.05
POST:2025_3Q:1212252136,2.8055555555555554,1.6888888888888887,3.78,3.27
POST:2025_3Q:1212252137,1.238888888888889,1.6388888888888893,2.19,1.7
POST:2025_3Q:1212252138,0.6055555555555556,0.9888888888888888,1.11,0.81
POST:2025_3Q:1212252139,2.822222222222222,1.005555555555556,3.34,3.03
POST:2025_3Q:1212252140,1.261111111111111,0.9777777777777777,1.76,1.47
POST:2025_3Q:1212252141,2.4499999999999997,1.9666666666666677,5.36,4.77
POST:2025_3Q:1212252142,4.622222222222223,1.9722222222222228,7.54,6.95
POST:2025_3Q:1212252143,3.0888888888888886,1.9555555555555562,6.0,5.41
POST:2025_3Q:1212252144,0.6611111111111111,1.911111111111111,1.5,0.92
POST:2025_3Q:1212252145,2.8777777777777778,1.911111111111111,3.71,3.14
POST:2025_3Q:1212252146,1.311111111111111,1.9111111111111116,2.15,1.57
POST:2025_3Q:1212252147,0.5777777777777778,2.2277777777777774,1.69,1.02
POST:2025_3Q:1212252148,2.7944444444444447,2.2277777777777783,3.91,3.24
POST:2025_3Q:1212252149,1.2333333333333332,2.2,2.33,1.67
POST:2025_3Q:1212252150,0.5833333333333327,10.483333333333334,5.83,2.68
POST:2025_3Q:1212252151,2.805555555555555,10.455555555555557,8.03,4.9
POST:2025_3Q:1212252152,1.2388888888888892,10.455555555555554,6.47,3.33
POST:2025_3Q:1212252452,0.4222222222222223,1.8888888888888888,1.38,0.81
POST:2025_3Q:1212252453,2.6388888888888893,1.8888888888888882,3.58,3.02
POST:2025_3Q:1212252454,1.072222222222222,1.8722222222222231,2.01,1.45
POST:2025_3Q:1212252460,0.3888888888888889,1.3555555555555554,1.08,0.67
POST:2025_3Q:1212252461,2.6111111111111116,1.3444444444444437,3.29,2.89
POST:2025_3Q:1212252462,1.038888888888889,1.3722222222222218,1.73,1.32
POST:2025_3Q:1212252463,0.3833333333333334,1.5833333333333328,1.18,0.7
POST:2025_3Q:1212252464,2.6,1.5833333333333346,3.39,2.92
POST:2025_3Q:1212252465,1.0333333333333332,1.583333333333333,1.83,1.35
POST:2025_3Q:1212252497,0.588888888888889,1.9722222222222217,1.64,1.04
POST:2025_3Q:1212252498,2.8055555555555554,1.9555555555555555,3.85,3.27
POST:2025_3Q:1212252499,1.2388888888888892,1.9722222222222214,2.3,1.7
POST:2025_3Q:1212252784,1.077777777777778,1.877777777777777,1.98,1.41
POST:2025_3Q:1212252811,0.41666666666666674,1.8999999999999997,1.32,0.75
POST:2025_3Q:1212252929,0.726829268292683,2.117770034843205,2.69,2.06
POST:2025_3Q:1212252930,2.117073170731707,2.10871080139373,4.07,3.44
POST:2025_3Q:1212252931,1.5121951219512197,2.1184668989547037,3.47,2.84
POST:2025_3Q:1212252985,0.4878048780487805,1.9815331010452957,1.49,0.9
POST:2025_3Q:1212252986,1.882926829268293,1.9627177700348422,2.87,2.29
POST:2025_3Q:1212252987,1.278048780487805,1.9581881533101049,2.27,1.69
POST:2025_3Q:1212252988,1.053658536585366,1.2783972125435539,1.69,1.31
POST:2025_3Q:1212252989,2.439024390243903,1.2790940766550507,3.08,2.7
POST:2025_3Q:1212252990,1.8390243902439023,1.2933797909407665,2.49,2.1
POST:2025_3Q:1212252991,2.034146341463414,5.731707317073172,4.92,3.22
POST:2025_3Q:1212252992,3.409756097560976,5.72334494773519,6.29,4.59
POST:2025_3Q:1212252993,2.8146341463414637,5.72787456445993,5.7,4.0
POST:2025_3Q:1212252994,0.7121951219512196,1.389895470383275,1.41,0.99
POST:2025_3Q:1212252995,2.107317073170732,1.371080139372822,2.79,2.39
POST:2025_3Q:1212252996,1.5024390243902441,1.380836236933797,2.19,1.78
POST:2025_3Q:1212253007,0.8243902439024392,4.265505226480835,2.96,1.69
POST:2025_3Q:1212253008,2.2097560975609754,4.2804878048780495,4.35,3.08
POST:2025_3Q:1212253009,1.609756097560976,4.280487804878048,3.75,2.48
POST:2025_3Q:1212253012,0.6097560975609754,3.566202090592335,2.4,1.34
POST:2025_3Q:1212253013,1.9951219512195126,3.5811846689895455,3.8,2.73
POST:2025_3Q:1212253014,1.3951219512195123,3.581184668989547,3.2,2.13
POST:2025_3Q:1212253017,0.9512195121951216,10.354703832752614,6.15,3.07
POST:2025_3Q:1212253018,2.336585365853659,10.369686411149823,7.54,4.46
POST:2025_3Q:1212253019,1.7365853658536587,10.35540069686411,6.93,3.86
POST:2025_3Q:1212253081,0.8926829268292685,3.3146341463414624,6.21,5.23
POST:2025_3Q:1212253082,2.2829268292682925,3.2912891986062722,7.59,6.61
POST:2025_3Q:1212253083,1.6780487804878046,3.315331010452962,7.0,6.01
POST:2025_3Q:1212253369,4.0312399999999995,2.3985788235294128,5.25,4.54
POST:2025_3Q:1212253380,1.30932,2.086065882352941,2.36,1.74
POST:2025_3Q:1212253381,0.8725200000000002,2.6322541176470584,2.19,1.41
POST:2025_3Q:1212253382,0.975,2.164705882352941,2.06,1.41
POST:2025_3Q:1212253383,0.9524799999999998,3.3148047058823535,2.66,1.67
POST:2025_3Q:1212253384,0.93752,3.5793129411764704,2.74,1.67
POST:2025_3Q:1212253508,4.752,2.0959999999999996,8.18,7.02
POST:2025_3Q:1212253852,0.7663043478260868,1.919850320741269,1.75,1.17
POST:2025_3Q:1212253853,1.1402173913043476,3.6769422665716327,6.82,5.71
POST:2025_3Q:1212253862,1.3499999999999999,2.8442622950819674,2.77,1.92
POST:2025_3Q:1212253863,0.765217391304348,1.6236635780470414,1.58,1.09
POST:2025_3Q:1212253864,0.981521739130435,4.722202423378475,3.34,1.92
POST:2025_3Q:1212253865,0.8728260869565216,1.4412330719885962,1.59,1.16
POST:2025_3Q:1212253866,0.8532608695652174,2.5656094084105487,2.17,1.39
POST:2025_3Q:1212253867,0.8456521739130434,2.8365645046329298,2.26,1.41
POST:2025_3Q:1212254039,0.43902439024390266,10.064808362369337,5.52,2.53
POST:2025_3Q:1212254067,1.9999999999999998,1.8142857142857154,2.92,2.38
POST:2025_3Q:1212254068,1.3902439024390245,1.8337979094076657,2.32,1.77
POST:2025_3Q:1212254071,3.409756097560976,5.72334494773519,6.29,4.59
POST:2025_3Q:1212254072,2.8146341463414637,5.72787456445993,5.7,4.0
POST:2025_3Q:1212254073,1.8292682926829267,9.45574912891986,6.65,3.84
POST:2025_3Q:1212254074,1.2292682926829268,9.427177700348432,5.96,3.16
POST:2025_3Q:1212254154,0.675268817204301,1.5123655913978498,1.56,1.11
POST:2025_3Q:1212254155,0.4774193548387097,1.153225806451613,1.05,0.71
POST:2025_3Q:1212254226,1.8051282051282054,3.7897435897435883,3.76,2.62
POST:2025_3Q:1212254449,0.517948717948718,0.6410256410256412,0.82,0.63
POST:2025_3Q:1212254450,0.4871794871794873,1.7487179487179483,1.39,0.87
POST:2025_3Q:1212254499,0.9224806201550386,1.0573643410852718,2.29,1.97
POST:2025_3Q:1212254500,2.597674418604651,1.058139534883721,3.97,3.65
POST:2025_3Q:1212254501,2.0201550387596896,1.057364341085273,3.39,3.07
POST:2025_3Q:1212254524,1.053658536585366,1.2783972125435539,1.69,1.31
POST:2025_3Q:1212254729,0.6181818181818184,3.04055944055944,2.15,1.24
POST:2025_3Q:1212254730,0.39740259740259737,0.866733266733267,0.83,0.57
POST:2025_3Q:1212254767,0.8363636363636363,2.334965034965035,5.97,5.28
POST:2025_3Q:1212254768,0.39740259740259737,1.043656343656344,0.92,0.61
POST:2025_3Q:1212254769,0.4,2.546153846153846,1.68,0.92
POST:2025_3Q:1212254770,0.30909090909090914,0.6587412587412587,0.65,0.45
POST:2025_3Q:1212254771,0.4883116883116884,1.2541458541458539,1.26,0.88
POST:2025_3Q:1212254772,0.5064935064935066,0.7100899100899102,0.86,0.65
POST:2025_3Q:1212254773,0.48831168831168825,1.4849150849150852,1.23,0.79
POST:2025_3Q:1212254934,2.105769230769231,3.5519909502262434,3.89,2.82
POST:2025_3Q:1212254935,1.9023076923076925,3.5530316742081443,3.69,2.61
POST:2025_3Q:1212254936,1.8919230769230768,1.0326244343891404,2.41,2.1
POST:2025_3Q:1212254937,1.6880769230769226,1.0309049773755665,2.2,1.89
POST:2025_3Q:1212254989,0.8230769230769233,3.565610859728506,2.61,1.53
POST:2025_3Q:1212254990,0.6069230769230769,1.030859728506787,1.15,0.84
POST:2025_3Q:1212255114,0.5566265060240969,51.476220672162334,26.29,11.04
POST:2025_3Q:1212255203,0.9533333333333335,2.343333333333333,6.46,5.75
POST:2025_3Q:1212255204,6.9,2.349999999999998,12.41,11.7
POST:2025_3Q:1212255205,2.01,2.3500000000000005,7.52,6.81
POST:2025_3Q:1212255206,1.0733333333333333,0.8433333333333338,1.5,1.24
POST:2025_3Q:1212255207,0.8466666666666665,3.2866666666666675,2.49,1.5
POST:2025_3Q:1212255208,6.799999999999999,3.2900000000000027,8.45,7.46
POST:2025_3Q:1212255209,1.9000000000000004,3.299999999999999,3.55,2.56
POST:2025_3Q:1212255210,2.1433333333333335,2.503333333333333,3.4,2.64
POST:2025_3Q:1212255211,8.023333333333333,2.4933333333333323,9.27,8.52
POST:2025_3Q:1212255212,3.186666666666667,2.4966666666666653,4.44,3.69
POST:2025_3Q:1212255213,1.4766666666666666,5.926666666666668,4.64,2.86
POST:2025_3Q:1212255214,7.3966666666666665,5.906666666666666,10.55,8.78
POST:2025_3Q:1212255215,2.526666666666666,5.9266666666666685,5.69,3.91
POST:2025_3Q:1212255216,0.9766666666666667,7.636666666666667,4.81,2.52
POST:2025_3Q:1212255217,6.920000000000001,7.649999999999997,10.76,8.47
POST:2025_3Q:1212255218,2.0299999999999994,7.660000000000002,5.88,3.58
POST:2025_3Q:1212255219,0.6266666666666668,1.2266666666666663,1.24,0.87
POST:2025_3Q:1212255220,0.6266666666666668,1.0566666666666664,1.16,0.84
POST:2025_3Q:1212255221,6.596666666666666,1.0566666666666684,7.12,6.81
POST:2025_3Q:1212255222,1.6866666666666665,1.0666666666666673,2.22,1.9
POST:2025_3Q:1212255223,1.1733333333333336,2.523333333333333,2.44,1.68
POST:2025_3Q:1212255224,0.7266666666666666,1.0066666666666668,1.26,0.96
POST:2025_3Q:1212255225,6.69,1.0,7.22,6.92
POST:2025_3Q:1212255226,1.7866666666666666,1.0066666666666668,2.32,2.02
POST:2025_3Q:1212255227,1.21,1.79,2.11,1.58
POST:2025_3Q:1212255228,7.1466666666666665,1.7666666666666657,8.04,7.51
POST:2025_3Q:1212255229,2.2666666666666666,1.7766666666666664,3.16,2.63
POST:2025_3Q:1212255230,0.7166666666666668,1.4066666666666663,1.56,1.14
POST:2025_3Q:1212255231,6.676666666666667,1.4266666666666659,7.53,7.1
POST:2025_3Q:1212255232,1.7733333333333334,1.4333333333333336,2.63,2.2
POST:2025_3Q:1212255233,0.5666666666666671,6.986666666666665,4.06,1.96
POST:2025_3Q:1212255234,0.7200000000000002,1.6299999999999994,1.56,1.07
POST:2025_3Q:1212255235,6.68,1.6400000000000006,7.52,7.03
POST:2025_3Q:1212255236,1.7766666666666664,1.6366666666666676,2.62,2.12
POST:2025_3Q:1212255237,0.7433333333333334,1.2833333333333332,2.24,1.85
POST:2025_3Q:1212255238,6.706666666666668,1.2766666666666637,8.2,7.81
POST:2025_3Q:1212255239,1.8033333333333335,1.2933333333333334,3.3,2.91
POST:2025_3Q:1212255240,0.7066666666666668,1.7966666666666666,1.6,1.07
POST:2025_3Q:1212255241,6.67,1.8000000000000005,7.57,7.03
POST:2025_3Q:1212255242,1.7666666666666668,1.8066666666666662,2.67,2.13
POST:2025_3Q:1212255243,0.7200000000000001,8.4,4.92,2.4
POST:2025_3Q:1212255244,6.6800000000000015,8.409999999999997,10.89,8.36
POST:2025_3Q:1212255245,1.776666666666666,8.40666666666667,5.98,3.46
POST:2025_3Q:1212256441,1.8222222222222224,2.6055555555555556,3.15,2.36
POST:2025_3Q:1212256442,4.016666666666667,2.5833333333333344,5.33,4.55
POST:2025_3Q:1212256443,2.466666666666667,2.6166666666666663,3.8,3.01
