source_code,corridors,median_wise_total,median_share_cheaper,median_gap_vs_median
GBR,18,2.2175,25.384199134199132,-1.0724999999999998
USA,17,3.75,36.700336700336706,-0.4900000000000002
AUS,9,1.525,9.642857142857142,-2.0475000000000003
ITA,9,3.085,36.574074074074076,-1.1199999999999999
SGP,9,1.0,12.632275132275133,-1.8499999999999999
MYS,8,2.2025,9.090511204481793,-0.75875
ARE,7,5.875,100.0,3.535
CAN,6,2.6174999999999997,4.707883490778228,-2.8374999999999995
DEU,6,2.6199999999999997,26.153846153846153,-0.7350000000000001
JPN,6,2.34,0.0,-3.545
ESP,5,2.4925,12.5,-1.5125000000000002
FRA,4,3.7325,35.26785714285714,-0.4625
AUT,4,3.0575,37.5,-0.8112499999999998
NZL,3,1.4849999999999999,0.0,-2.58
NLD,3,5.8,58.57142857142857,1.5299999999999998
CZE,2,2.175,5.769230769230769,-5.779999999999999
CHE,2,4.592499999999999,47.7827380952381,-0.11124999999999996
BEL,2,5.0775,69.94047619047619,1.11125
NOR,2,1.2550000000000001,22.52041742286751,-1.6225
SWE,2,2.9450000000000003,18.83116883116883,-1.9000000000000001
POL,1,2.475,24.572649572649574,-0.9949999999999999
PRT,1,1.7,0.0,-5.050000000000001
TUR,1,26.375,35.833333333333336,-39.870000000000005
