corridor_key,amount_scenario,source_code,destination_code,destination_region,periods,wise_total,wise_fee_pct,wise_fx,other_median,other_providers,share_cheaper_all,share_cheaper_lfl,gap_vs_median_pp,gap_vs_min_pp,gap_vs_p10_pp,position
AREBGD,cc1,ARE,BGD,South Asia,3,10.705,7.002721088435374,4.33,6.59,6.0,100.0,,4.415,5.965,5.593,more expensive than median
AREBGD,cc2,ARE,BGD,South Asia,3,9.715,5.451226158038147,4.33,5.03,6.0,100.0,,4.175,5.055,5.014999999999999,more expensive than median
AREEGY,cc1,ARE,EGY,Middle East & North Africa,3,9.625,9.688435374149659,-0.01,3.06,8.0,100.0,100.0,6.484999999999999,8.875,7.039000000000001,more expensive than median
AREEGY,cc2,ARE,EGY,Middle East & North Africa,3,6.545,6.60599455040872,-0.02,1.59,8.0,100.0,100.0,4.7749999999999995,5.805,5.257,more expensive than median
AREIDN,cc1,ARE,IDN,East Asia & Pacific,3,5.225,5.227210884353742,0.0,4.63,5.0,66.66666666666666,,0.7249999999999996,3.2649999999999997,2.1899999999999995,more expensive than median
AREIDN,cc2,ARE,IDN,East Asia & Pacific,3,4.605,4.609536784741144,0.0,2.5700000000000003,5.0,100.0,,2.035,3.285,2.8800000000000003,more expensive than median
ARELKA,cc1,ARE,LKA,South Asia,3,6.035,5.945578231292517,0.09,2.5,6.0,100.0,100.0,3.535,5.755,4.509,more expensive than median
ARELKA,cc2,ARE,LKA,South Asia,3,4.984999999999999,4.896730245231607,0.09,1.31,6.0,100.0,100.0,3.624999999999999,4.704999999999999,4.206999999999999,more expensive than median
ARENPL,cc1,ARE,NPL,South Asia,3,5.875,5.914965986394558,0.0,2.95,9.0,100.0,100.0,2.945,4.825,3.933,more expensive than median
ARENPL,cc2,ARE,NPL,South Asia,3,5.025,5.0607629427792915,0.0,1.71,9.0,100.0,100.0,3.3150000000000004,4.465,3.979,more expensive than median
AREPAK,cc1,ARE,PAK,South Asia,3,5.305,5.502040816326531,0.0,0.63,7.0,80.0,100.0,4.675,5.265,5.255,more expensive than median
AREPAK,cc2,ARE,PAK,South Asia,3,4.609999999999999,4.773024523160763,0.0,0.63,7.0,90.0,100.0,3.9799999999999995,4.534999999999999,4.5249999999999995,more expensive than median
AREPHL,cc1,ARE,PHL,East Asia & Pacific,3,5.645,5.466666666666667,0.18,3.43,8.0,100.0,100.0,1.975,4.784999999999999,4.1290000000000004,more expensive than median
AREPHL,cc2,ARE,PHL,East Asia & Pacific,3,4.955,4.770844686648501,0.18,1.47,8.0,100.0,100.0,3.0149999999999997,4.245,4.043,more expensive than median
AUSCHN,cc1,AUS,CHN,East Asia & Pacific,4,3.76,3.7800000000000002,0.015,3.2749999999999995,6.5,63.07692307692308,68.57142857142857,0.5,2.42,1.8574999999999997,more expensive than median
AUSCHN,cc2,AUS,CHN,East Asia & Pacific,4,1.97,1.965,0.015,2.66,6.5,37.61904761904762,32.5,-0.7049999999999998,1.04,0.7315,cheaper than median
AUSIDN,cc1,AUS,IDN,East Asia & Pacific,4,1.2349999999999999,1.2225000000000001,0.015,3.2575000000000003,10.5,8.187134502923977,13.636363636363637,-2.0475000000000003,0.495,-0.19450000000000012,top decile
AUSIDN,cc2,AUS,IDN,East Asia & Pacific,4,0.815,0.813,0.015,2.3499999999999996,10.5,8.187134502923977,13.636363636363637,-1.535,0.14500000000000002,-0.1265,top decile
AUSIND,cc1,AUS,IND,South Asia,4,1.255,1.23,0.03,3.61,18.0,14.705882352941178,25.657894736842103,-2.3600000000000003,0.585,0.21800000000000003,cheaper than median
AUSIND,cc2,AUS,IND,South Asia,4,0.835,0.8150000000000002,0.03,2.2725,18.0,11.764705882352942,20.394736842105264,-1.4224999999999999,0.29499999999999993,0.01799999999999996,cheaper than median
AUSLKA,cc1,AUS,LKA,South Asia,4,2.41,2.3725,0.035,3.88,9.0,9.642857142857142,29.76190476190476,-1.385,1.21,0.1399999999999999,top decile
AUSLKA,cc2,AUS,LKA,South Asia,4,1.3050000000000002,1.272,0.035,2.2700000000000005,9.0,7.261904761904762,22.619047619047617,-0.8750000000000002,0.44999999999999996,-0.1110000000000001,top decile
AUSMYS,cc1,AUS,MYS,East Asia & Pacific,4,1.355,1.3875,0.015,4.2375,7.5,5.131578947368421,10.0,-2.8725,0.32999999999999996,-0.832,top decile
AUSMYS,cc2,AUS,MYS,East Asia & Pacific,4,1.005,1.045,0.015,3.0549999999999997,7.5,2.631578947368421,5.0,-2.035,0.030000000000000027,-0.33699999999999986,top decile
AUSPAK,cc1,AUS,PAK,South Asia,4,1.525,1.5899999999999999,0.0,1.82,7.5,23.574561403508774,0.0,-0.235,0.98,0.492,cheaper than median
AUSPAK,cc2,AUS,PAK,South Asia,4,1.06,1.009,0.075,1.15,7.5,46.52777777777778,75.0,-0.07499999999999996,0.9600000000000001,0.7285,cheaper than median
AUSPHL,cc1,AUS,PHL,East Asia & Pacific,4,1.395,1.3775,0.015,3.545,13.0,6.929510155316606,16.666666666666664,-2.025,0.5700000000000001,-0.508,top decile
AUSPHL,cc2,AUS,PHL,East Asia & Pacific,4,0.955,0.94,0.015,2.715,13.0,5.077658303464755,16.666666666666664,-1.725,0.26,-0.676,top decile
AUSTHA,cc1,AUS,THA,East Asia & Pacific,4,1.685,1.665,0.03,4.57,8.0,16.228070175438596,33.33333333333333,-2.87,0.15000000000000002,0.07200000000000006,cheaper than median
AUSTHA,cc2,AUS,THA,East Asia & Pacific,4,1.045,1.028,0.03,3.0975,8.0,0.0,0.0,-2.0325,-0.42000000000000004,-0.587,top decile
AUSVNM,cc1,AUS,VNM,East Asia & Pacific,4,1.96,1.9449999999999998,0.01,4.17,9.0,5.756578947368421,8.333333333333332,-2.3274999999999997,0.7099999999999999,-0.5640000000000001,top decile
AUSVNM,cc2,AUS,VNM,East Asia & Pacific,4,1.22,1.2069999999999999,0.01,3.0825,9.0,8.388157894736842,8.333333333333332,-1.9074999999999998,0.08000000000000007,-0.528,top decile
AUTHRV,cc1,AUT,HRV,..,4,0.68,0.6785714285714286,0.0,2.85,6.0,10.131578947368421,19.841269841269842,-2.1525,0.68,0.08499999999999991,cheaper than median
AUTHRV,cc2,AUT,HRV,..,4,0.28,0.27536231884057966,0.0,1.5949999999999998,6.0,12.5,35.71428571428571,-1.085,0.28,0.030500000000000013,cheaper than median
AUTHUN,cc1,AUT,HUN,Europe & Central Asia,4,1.665,1.6535714285714287,0.01,4.1275,6.0,25.0,42.857142857142854,-2.7375,0.5550000000000002,0.505,cheaper than median
AUTHUN,cc2,AUT,HUN,Europe & Central Asia,4,1.145,1.1304347826086958,0.01,2.5424999999999995,6.0,21.875,28.57142857142857,-1.48,0.5449999999999999,0.23250000000000004,cheaper than median
AUTKSV,cc1,AUT,KSV,Europe & Central Asia,4,4.45,4.45,0.0,3.92,6.0,50.0,100.0,0.5300000000000002,4.45,4.45,cheaper than median
AUTKSV,cc2,AUT,KSV,Europe & Central Asia,4,1.81,1.8057971014492753,0.0,1.9725,6.0,44.44444444444444,83.33333333333333,-0.19499999999999984,1.52,1.235,cheaper than median
AUTTUR,cc1,AUT,TUR,Europe & Central Asia,4,5.8,5.792857142857143,0.02,3.76,8.5,82.00757575757575,100.0,2.0600000000000005,4.925000000000001,3.874,more expensive than median
AUTTUR,cc2,AUT,TUR,Europe & Central Asia,4,2.995,2.9855072463768115,0.02,2.3099999999999996,8.5,67.5,87.5,0.7300000000000002,2.5,1.8369999999999997,more expensive than median
BELMAR,cc1,BEL,MAR,Middle East & North Africa,4,4.984999999999999,4.910714285714286,0.03,3.96,9.0,75.5952380952381,100.0,1.1249999999999998,3.24,2.198,more expensive than median
BELMAR,cc2,BEL,MAR,Middle East & North Africa,4,3.335,3.259420289855073,0.015,2.965,9.0,66.96428571428572,100.0,0.32250000000000023,2.305,1.62,more expensive than median
BELTUR,cc1,BEL,TUR,Europe & Central Asia,4,5.17,5.1535714285714285,0.0,4.182499999999999,7.5,64.28571428571428,100.0,1.0975000000000001,2.9800000000000004,2.614,more expensive than median
BELTUR,cc2,BEL,TUR,Europe & Central Asia,4,2.37,2.352173913043478,0.0,3.36,7.5,39.58333333333333,100.0,-0.7849999999999999,1.025,0.6989999999999998,cheaper than median
CANGHA,cc1,CAN,GHA,Sub-Saharan Africa,1,3.2,3.0,0.2,6.015,6.0,12.5,100.0,-2.8149999999999995,1.1,-0.4299999999999997,cheaper than median
CANGHA,cc2,CAN,GHA,Sub-Saharan Africa,1,2.25,2.056,0.19,4.725,6.0,6.25,100.0,-2.4749999999999996,0.1499999999999999,-0.6299999999999999,top decile
CANKEN,cc1,CAN,KEN,Sub-Saharan Africa,4,2.8099999999999996,2.7125,0.03,7.327500000000001,7.0,4.006410256410256,50.0,-4.5175,0.6249999999999998,-1.1970000000000003,top decile
CANKEN,cc2,CAN,KEN,Sub-Saharan Africa,4,1.875,1.783,0.03,5.1175,7.0,0.0,0.0,-3.3074999999999997,-0.30999999999999994,-1.745,top decile
CANLKA,cc1,CAN,LKA,South Asia,4,2.81,2.7975000000000003,0.025,5.6850000000000005,4.0,0.0,,-2.86,-1.4800000000000002,-2.1425,top decile
CANLKA,cc2,CAN,LKA,South Asia,4,1.5899999999999999,1.579,0.025,4.205,4.0,0.0,,-2.725,-1.2349999999999999,-1.6475,top decile
CANPAK,cc1,CAN,PAK,South Asia,4,2.12,2.08,0.08499999999999999,4.300000000000001,5.5,14.318181818181817,,-2.1700000000000004,0.5299999999999998,0.3129999999999997,cheaper than median
CANPAK,cc2,CAN,PAK,South Asia,4,1.415,1.3319999999999999,0.08499999999999999,4.140000000000001,5.5,5.0,,-2.5650000000000004,0.4149999999999999,-0.32700000000000007,top decile
CANPHL,cc1,CAN,PHL,East Asia & Pacific,4,1.9249999999999998,1.865,0.009999999999999998,4.244999999999999,12.0,0.0,0.0,-2.3699999999999997,-0.18000000000000016,-0.5899999999999999,top decile
CANPHL,cc2,CAN,PHL,East Asia & Pacific,4,1.34,1.3439999999999999,0.009999999999999998,2.5300000000000002,12.0,5.555555555555555,29.166666666666664,-1.215,0.30000000000000004,-0.28,top decile
CANVNM,cc1,CAN,VNM,East Asia & Pacific,4,2.425,2.3925,-0.005,5.7725,8.0,5.409356725146198,25.0,-3.3775,0.2749999999999999,-0.8965000000000001,top decile
CANVNM,cc2,CAN,VNM,East Asia & Pacific,4,1.56,1.55,-0.005,4.375,8.0,5.131578947368421,0.0,-2.8049999999999997,0.19000000000000006,-0.5075000000000001,top decile
CHEHUN,cc1,CHE,HUN,Europe & Central Asia,4,4.119999999999999,4.124999999999999,0.005,3.565,3.0,55.833333333333336,100.0,0.09499999999999997,3.36,2.181,more expensive than median
CHEHUN,cc2,CHE,HUN,Europe & Central Asia,4,3.7,3.705,0.005,1.95,3.0,72.5,100.0,1.295,2.955,2.5955,more expensive than median
CHELKA,cc1,CHE,LKA,South Asia,4,5.065,5.0375000000000005,0.025,5.0125,3.0,39.73214285714286,100.0,-0.3174999999999999,1.79,1.7550000000000006,cheaper than median
CHELKA,cc2,CHE,LKA,South Asia,4,3.935,3.91,0.025,3.94,3.0,39.73214285714286,85.71428571428572,-0.27500000000000036,1.0150000000000001,0.8575000000000004,cheaper than median
CZEUKR,cc1,CZE,UKR,Europe & Central Asia,4,2.065,1.305657894736842,0.73,7.0600000000000005,7.0,11.538461538461538,25.0,-4.93,0.74,-0.19700000000000029,cheaper than median
CZEUKR,cc2,CZE,UKR,Europe & Central Asia,4,1.92,1.160890052356021,0.73,5.29,7.0,11.538461538461538,25.0,-3.305,0.7350000000000002,0.21600000000000008,cheaper than median
CZEVNM,cc1,CZE,VNM,East Asia & Pacific,4,2.285,2.269473684210526,0.01,8.805,6.0,0.0,0.0,-6.629999999999999,-1.4049999999999998,-1.433,top decile
CZEVNM,cc2,CZE,VNM,East Asia & Pacific,4,1.75,1.7349214659685863,0.01,5.08,6.0,0.0,0.0,-3.415,-1.5050000000000001,-1.5330000000000001,top decile
DEUBGR,cc1,DEU,BGR,Europe & Central Asia,4,2.455,2.446428571428571,0.01,3.7225,5.0,10.0,0.0,-1.3925,2.455,0.011499999999999844,top decile
DEUBGR,cc2,DEU,BGR,Europe & Central Asia,4,1.795,1.7884057971014493,0.01,2.505,5.0,10.0,0.0,-0.8500000000000002,1.795,0.007999999999999785,top decile
DEUHUN,cc1,DEU,HUN,Europe & Central Asia,4,2.4974999999999996,2.4749999999999996,0.0225,7.835000000000001,4.0,0.0,0.0,-5.6225000000000005,-1.4475,-1.5675000000000001,top decile
DEUHUN,cc2,DEU,HUN,Europe & Central Asia,4,2.1374999999999997,2.1115942028985506,0.0225,5.865,4.0,0.0,0.0,-4.025,-0.23749999999999993,-0.23749999999999993,top decile
DEUKSV,cc1,DEU,KSV,Europe & Central Asia,1,1.47,1.4714285714285715,0.0,4.99,6.0,9.090909090909092,100.0,-3.5200000000000005,1.17,-1.0200000000000002,top decile
DEUKSV,cc2,DEU,KSV,Europe & Central Asia,1,1.07,1.0695652173913044,0.0,2.61,6.0,9.090909090909092,100.0,-1.5399999999999998,0.77,-0.22999999999999998,top decile
DEUMAR,cc1,DEU,MAR,"Middle East, North Africa, Afghanistan & Pakistan",1,5.7,5.678571428571429,0.02,3.825,9.0,90.0,100.0,1.875,3.46,3.2,more expensive than median
DEUMAR,cc2,DEU,MAR,"Middle East, North Africa, Afghanistan & Pakistan",1,4.0,3.976811594202899,0.02,2.58,9.0,90.0,100.0,1.42,2.6399999999999997,2.2119999999999997,more expensive than median
DEUTUR,cc1,DEU,TUR,Europe & Central Asia,4,6.12,6.092857142857143,0.02,3.0175,6.5,86.60714285714286,100.0,3.0974999999999997,3.6025,3.6025,more expensive than median
DEUTUR,cc2,DEU,TUR,Europe & Central Asia,4,3.3125,3.284782608695652,0.02,2.21,6.5,77.97619047619048,100.0,1.1100000000000003,1.6350000000000002,1.6350000000000002,more expensive than median
DEUUKR,cc1,DEU,UKR,Europe & Central Asia,4,2.7424999999999997,1.9607142857142859,0.755,2.8049999999999997,6.0,42.30769230769231,66.66666666666666,-0.07750000000000012,1.0225,0.9524999999999999,cheaper than median
DEUUKR,cc2,DEU,UKR,Europe & Central Asia,4,2.415,1.6355072463768117,0.755,2.63,6.0,34.61538461538462,66.66666666666666,-0.3425,2.415,2.1614999999999998,cheaper than median
ESPBGR,cc1,ESP,BGR,Europe & Central Asia,4,2.7225,2.7160714285714285,0.01,4.405,4.0,8.391608391608392,0.0,-1.8250000000000002,0.3200000000000003,-0.7454999999999998,top decile
ESPBGR,cc2,ESP,BGR,Europe & Central Asia,4,2.0625,2.0550724637681155,0.01,2.755,4.0,12.937062937062938,0.0,-0.8049999999999999,0.8925000000000001,-0.16499999999999992,cheaper than median
ESPBRA,cc1,ESP,BRA,Latin America & Caribbean,4,2.4925,2.4892857142857143,0.005,4.765,7.5,9.791666666666668,5.555555555555555,-2.25,1.1100000000000003,-0.4584999999999999,top decile
ESPBRA,cc2,ESP,BRA,Latin America & Caribbean,4,2.1075,2.091304347826087,0.005,2.925,7.5,23.333333333333336,16.666666666666664,-0.6524999999999996,1.3375000000000001,0.7770000000000001,cheaper than median
ESPCHN,cc1,ESP,CHN,East Asia & Pacific,4,4.34,4.316071428571429,0.015,5.755000000000001,4.0,18.181818181818183,25.0,-1.5125000000000002,0.27499999999999947,0.27499999999999947,cheaper than median
ESPCHN,cc2,ESP,CHN,East Asia & Pacific,4,2.8275,2.8289855072463768,0.015,4.6875,4.0,29.090909090909093,37.5,-2.04,0.46250000000000013,0.4355,cheaper than median
ESPPHL,cc1,ESP,PHL,East Asia & Pacific,4,2.49,2.4732142857142856,0.025,3.12,6.0,25.043478260869563,58.33333333333333,-0.6449999999999998,0.8025000000000001,0.37750000000000017,cheaper than median
ESPPHL,cc2,ESP,PHL,East Asia & Pacific,4,2.0025,1.9789855072463767,0.025,1.8649999999999998,6.0,70.26086956521739,83.33333333333333,0.17250000000000032,1.0450000000000002,0.9450000000000001,more expensive than median
ESPROU,cc1,ESP,ROU,Europe & Central Asia,4,2.11,2.1,0.005,3.02,6.0,12.5,0.0,-1.0,0.9099999999999999,0.4900000000000001,cheaper than median
ESPROU,cc2,ESP,ROU,Europe & Central Asia,4,1.525,1.5144927536231885,0.005,2.3049999999999997,6.0,29.166666666666664,36.666666666666664,-0.6649999999999999,0.635,0.5674999999999999,cheaper than median
FRACHN,cc1,FRA,CHN,East Asia & Pacific,4,4.565,4.525,0.02,5.0,6.0,43.75,100.0,-0.7999999999999998,1.6599999999999997,1.2375000000000003,cheaper than median
FRACHN,cc2,FRA,CHN,East Asia & Pacific,4,2.575,2.5594202898550726,0.02,3.7725,6.0,44.09722222222222,100.0,-0.9275,1.1749999999999998,0.685,cheaper than median
FRAIND,cc1,FRA,IND,South Asia,4,2.085,2.0428571428571427,0.030000000000000002,5.0625,7.5,26.785714285714285,45.0,-2.9575000000000005,0.6149999999999998,0.6074999999999997,cheaper than median
FRAIND,cc2,FRA,IND,South Asia,4,1.595,1.5536231884057972,0.030000000000000002,3.2475,7.5,35.71428571428571,67.5,-1.7075000000000002,0.6249999999999999,0.5924999999999998,cheaper than median
FRAMAR,cc1,FRA,MAR,Middle East & North Africa,4,5.595000000000001,5.521428571428571,0.015,3.8150000000000004,11.5,87.5,95.45454545454545,1.7825000000000002,4.215,2.9680000000000004,more expensive than median
FRAMAR,cc2,FRA,MAR,Middle East & North Africa,4,3.895,3.8188405797101455,0.015,2.5949999999999998,11.5,87.5,95.45454545454545,1.2975,2.95,2.0700000000000003,more expensive than median
FRAVNM,cc1,FRA,VNM,East Asia & Pacific,4,2.9,2.9214285714285717,-0.025,2.915,4.5,26.666666666666668,50.0,-0.12500000000000022,0.030000000000000027,0.010000000000000009,cheaper than median
FRAVNM,cc2,FRA,VNM,East Asia & Pacific,4,2.095,2.160869565217391,-0.025,1.55,4.5,57.43589743589744,100.0,0.3949999999999999,0.5599999999999999,0.504,more expensive than median
GBRBGD,cc1,GBR,BGD,South Asia,4,5.6899999999999995,3.2874999999999996,2.5549999999999997,4.8675,9.0,60.84033613445378,57.14285714285714,1.185,3.955,3.4675000000000002,more expensive than median
GBRBGD,cc2,GBR,BGD,South Asia,4,4.5600000000000005,2.0733333333333333,2.5549999999999997,4.13,9.0,65.11156186612575,57.14285714285714,0.6849999999999998,2.9699999999999998,2.343,more expensive than median
GBRBGR,cc1,GBR,BGR,Europe & Central Asia,4,2.035,2.01875,0.005,6.4775,4.0,0.0,0.0,-4.465,-0.49750000000000016,-2.5759999999999996,top decile
GBRBGR,cc2,GBR,BGR,Europe & Central Asia,4,1.4649999999999999,1.45,0.005,4.1025,4.0,0.0,0.0,-2.6525000000000003,-1.06,-1.8855000000000002,top decile
GBRBRA,cc1,GBR,BRA,Latin America & Caribbean,4,1.905,1.9041666666666668,0.005,3.7625,7.0,2.380952380952381,8.333333333333332,-1.8825000000000003,-0.07500000000000007,-0.665,top decile
GBRBRA,cc2,GBR,BRA,Latin America & Caribbean,4,1.635,1.6333333333333333,0.005,2.7800000000000002,7.0,21.428571428571427,33.33333333333333,-1.1750000000000003,0.15499999999999992,0.019999999999999907,cheaper than median
GBRCHN,cc1,GBR,CHN,East Asia & Pacific,4,3.9400000000000004,3.9208333333333334,0.015,5.18,4.0,44.72222222222222,63.07692307692308,-1.2149999999999996,1.8700000000000003,1.3719999999999999,cheaper than median
GBRCHN,cc2,GBR,CHN,East Asia & Pacific,4,2.235,2.235,0.015,3.2199999999999998,4.0,17.15686274509804,30.0,-0.99,0.9149999999999998,0.2629999999999997,cheaper than median
GBRGHA,cc1,GBR,GHA,Sub-Saharan Africa,1,3.8,3.775,0.02,1.3399999999999999,11.0,71.875,100.0,2.46,3.21,2.88,more expensive than median
GBRGHA,cc2,GBR,GHA,Sub-Saharan Africa,1,3.01,2.99,0.02,1.3399999999999999,11.0,71.875,100.0,1.67,2.42,2.09,more expensive than median
GBRIND,cc1,GBR,IND,South Asia,4,1.605,1.6083333333333334,0.005,2.4850000000000003,10.5,20.726495726495727,28.181818181818183,-0.87,1.1300000000000001,0.30500000000000005,cheaper than median
GBRIND,cc2,GBR,IND,South Asia,4,1.25,1.2466666666666666,0.005,1.4474999999999998,10.5,33.76068376068376,46.81818181818181,-0.18749999999999978,0.7650000000000001,0.4520000000000001,cheaper than median
GBRKEN,cc1,GBR,KEN,Sub-Saharan Africa,4,2.79,2.7,0.030000000000000002,3.5949999999999998,9.0,37.03703703703704,100.0,-0.9299999999999999,1.8850000000000002,0.665,cheaper than median
GBRKEN,cc2,GBR,KEN,Sub-Saharan Africa,4,2.0999999999999996,2.0083333333333333,0.030000000000000002,3.4050000000000002,9.0,15.232974910394265,16.666666666666664,-1.3050000000000002,1.21,0.19799999999999984,cheaper than median
GBRLKA,cc1,GBR,LKA,South Asia,4,2.65,2.6166666666666667,0.025,3.33,6.0,17.272727272727273,30.0,-0.685,0.7299999999999999,0.13199999999999967,cheaper than median
GBRLKA,cc2,GBR,LKA,South Asia,4,1.6800000000000002,1.6516666666666666,0.025,2.475,6.0,28.043478260869563,30.0,-0.8,0.7350000000000001,0.42300000000000004,cheaper than median
GBRNPL,cc1,GBR,NPL,South Asia,4,2.5300000000000002,2.5375,-0.005,2.4924999999999997,4.0,43.88111888111888,91.66666666666667,-0.32999999999999985,0.9850000000000001,0.9800000000000001,cheaper than median
GBRNPL,cc2,GBR,NPL,South Asia,4,1.8599999999999999,1.8666666666666663,-0.005,1.945,4.0,32.34265734265735,50.0,-0.12750000000000006,0.8200000000000001,0.5625000000000001,cheaper than median
GBRPAK,cc1,GBR,PAK,South Asia,4,1.96,1.9250000000000003,0.024999999999999998,1.335,6.0,53.77777777777778,100.0,0.43500000000000005,1.705,1.466,more expensive than median
GBRPAK,cc2,GBR,PAK,South Asia,4,1.455,1.4283333333333332,0.024999999999999998,0.97,6.0,71.58333333333333,100.0,0.46249999999999997,1.3849999999999998,1.115,more expensive than median
GBRPHL,cc1,GBR,PHL,East Asia & Pacific,4,1.7650000000000001,1.7500000000000002,0.015,3.705,8.0,17.954545454545453,22.727272727272727,-1.9300000000000002,0.815,0.43100000000000005,cheaper than median
GBRPHL,cc2,GBR,PHL,East Asia & Pacific,4,1.3900000000000001,1.37,0.015,1.9900000000000002,8.0,16.375291375291376,29.92424242424243,-0.5950000000000001,0.645,0.09200000000000008,cheaper than median
GBRPOL,cc1,GBR,POL,..,4,1.625,1.6,0.025,2.49,8.0,27.5,45.0,-0.8750000000000002,1.53,1.158,cheaper than median
GBRPOL,cc2,GBR,POL,..,4,1.2000000000000002,1.1766666666666667,0.025,1.9899999999999998,8.0,24.56896551724138,40.0,-0.8049999999999999,1.0,0.736,cheaper than median
GBRROU,cc1,GBR,ROU,Europe & Central Asia,4,1.695,1.6916666666666667,0.0,3.2249999999999996,5.0,23.268398268398265,62.5,-1.5349999999999997,0.885,0.665,cheaper than median
GBRROU,cc2,GBR,ROU,Europe & Central Asia,4,1.215,1.21,0.0,2.0524999999999998,5.0,21.428571428571427,37.5,-0.8424999999999998,0.4050000000000001,0.1900000000000001,cheaper than median
GBRTHA,cc1,GBR,THA,East Asia & Pacific,4,2.0999999999999996,2.0833333333333335,0.03,4.345000000000001,7.0,0.0,0.0,-2.2,-1.2750000000000001,-1.345,top decile
GBRTHA,cc2,GBR,THA,East Asia & Pacific,4,1.505,1.4916666666666667,0.03,3.3825,7.0,0.0,0.0,-1.8624999999999998,-1.235,-1.46,top decile
GBRTZA,cc1,GBR,TZA,Sub-Saharan Africa,4,3.13,2.6125,0.48,5.295,6.0,34.77564102564102,100.0,-1.6199999999999999,1.375,1.1589999999999998,cheaper than median
GBRTZA,cc2,GBR,TZA,Sub-Saharan Africa,4,2.545,2.0233333333333334,0.49,4.245,6.0,20.192307692307693,100.0,-1.4449999999999998,0.9599999999999999,0.7099999999999996,cheaper than median
GBRUGA,cc1,GBR,UGA,Sub-Saharan Africa,4,2.04,2.0999999999999996,0.02,4.415,8.5,17.8494623655914,0.0,-2.375,0.8099999999999999,0.235,cheaper than median
GBRUGA,cc2,GBR,UGA,Sub-Saharan Africa,4,1.48,1.5316666666666667,0.02,3.915,8.5,10.0,0.0,-2.4450000000000003,0.41500000000000015,-0.22749999999999992,top decile
GBRVNM,cc1,GBR,VNM,East Asia & Pacific,4,2.335,2.3374999999999995,0.0,5.0825,6.0,12.499999999999998,31.25,-2.7574999999999994,1.325,0.2489999999999999,cheaper than median
GBRVNM,cc2,GBR,VNM,East Asia & Pacific,4,1.67,1.6733333333333333,0.0,2.75,6.0,12.499999999999998,26.136363636363633,-1.12,0.6599999999999999,0.15599999999999992,cheaper than median
GBRZAF,cc1,GBR,ZAF,Sub-Saharan Africa,4,6.335,6.329166666666667,0.0,5.98,7.0,52.272727272727266,100.0,0.355,4.22,3.744999999999999,more expensive than median
GBRZAF,cc2,GBR,ZAF,Sub-Saharan Africa,4,3.1950000000000003,3.1883333333333335,0.0,4.435,7.0,31.81818181818182,62.5,-1.3649999999999993,1.575,1.2260000000000002,cheaper than median
ITABGD,cc1,ITA,BGD,South Asia,4,7.57,3.996428571428572,3.58,6.13,13.0,69.01939655172413,82.85714285714286,1.455,5.98,3.3,more expensive than median
ITABGD,cc2,ITA,BGD,South Asia,4,6.1,2.378260869565217,3.58,5.055,13.0,68.24596774193549,64.28571428571428,0.895,4.59,2.515,more expensive than median
ITABRA,cc1,ITA,BRA,Latin America & Caribbean,4,2.365,2.342857142857143,0.005,5.62,9.0,7.5,11.11111111111111,-3.2199999999999998,-0.05499999999999994,-0.33000000000000007,top decile
ITABRA,cc2,ITA,BRA,Latin America & Caribbean,4,1.96,1.9420289855072466,0.005,4.5875,9.0,12.5,33.33333333333333,-2.5874999999999995,0.014999999999999902,-0.10149999999999981,cheaper than median
ITACHN,cc1,ITA,CHN,East Asia & Pacific,4,4.470000000000001,4.428571428571429,0.025,4.955,6.0,45.45454545454545,100.0,-0.5300000000000002,1.805,1.805,cheaper than median
ITACHN,cc2,ITA,CHN,East Asia & Pacific,4,2.575,2.5594202898550726,0.025,3.765,6.0,27.272727272727273,50.0,-1.07,0.51,0.51,cheaper than median
ITAEGY,cc1,ITA,EGY,Middle East & North Africa,4,6.945,6.771428571428571,0.02,7.75,10.0,46.2566844919786,100.0,-0.9500000000000002,5.234999999999999,4.789,cheaper than median
ITAEGY,cc2,ITA,EGY,Middle East & North Africa,4,3.87,3.6782608695652175,0.02,6.5875,10.0,38.63636363636364,100.0,-2.9124999999999996,2.325,1.993,cheaper than median
ITALKA,cc1,ITA,LKA,South Asia,4,3.085,3.0428571428571427,0.015,4.385,10.0,36.574074074074076,75.0,-1.2649999999999997,1.375,0.9100000000000001,cheaper than median
ITALKA,cc2,ITA,LKA,South Asia,4,2.0,1.9594202898550726,0.015,3.2199999999999998,10.0,23.0106100795756,33.33333333333333,-1.18,0.9249999999999999,0.3175000000000001,cheaper than median
ITAMAR,cc1,ITA,MAR,Middle East & North Africa,4,5.595000000000001,5.521428571428571,0.015,4.449999999999999,13.0,65.07056451612902,100.0,1.1650000000000005,4.535,3.2,more expensive than median
ITAMAR,cc2,ITA,MAR,Middle East & North Africa,4,3.895,3.8188405797101455,0.015,3.0549999999999997,13.0,60.23185483870968,83.33333333333333,0.8600000000000001,3.13,2.2649999999999997,more expensive than median
ITAPHL,cc1,ITA,PHL,East Asia & Pacific,4,2.215,2.189285714285714,0.025,3.3899999999999997,9.0,20.45977011494253,66.66666666666666,-1.1199999999999999,1.325,0.816,cheaper than median
ITAPHL,cc2,ITA,PHL,East Asia & Pacific,4,1.7000000000000002,1.6768115942028987,0.025,1.8375,9.0,49.13793103448276,100.0,-0.0824999999999999,1.045,0.5745,cheaper than median
ITAROU,cc1,ITA,ROU,Europe & Central Asia,4,2.135,2.1214285714285714,0.005,4.41,12.0,19.604086845466156,66.66666666666666,-2.4399999999999995,1.1800000000000002,0.74,cheaper than median
ITAROU,cc2,ITA,ROU,Europe & Central Asia,4,1.525,1.5144927536231885,0.005,2.365,12.0,27.586206896551726,66.66666666666666,-0.9850000000000002,0.855,0.7310000000000001,cheaper than median
ITAUKR,cc1,ITA,UKR,Europe & Central Asia,4,2.46,1.6785714285714286,0.755,6.0375,10.0,10.521739130434781,66.66666666666666,-3.3575,1.0999999999999999,-0.05500000000000027,cheaper than median
ITAUKR,cc2,ITA,UKR,Europe & Central Asia,4,2.135,1.3521739130434782,0.755,4.345000000000001,10.0,22.869565217391305,66.66666666666666,-2.3225,0.9950000000000001,0.813,cheaper than median
JPNBRA,cc1,JPN,BRA,Latin America & Caribbean,4,2.215,2.233294117647059,0.009999999999999998,7.485,7.0,0.0,0.0,-5.1725,-3.6950000000000003,-4.1225000000000005,top decile
JPNBRA,cc2,JPN,BRA,Latin America & Caribbean,4,1.605,1.6067857142857143,0.009999999999999998,4.95,7.0,0.0,0.0,-3.01,-1.59,-2.0985000000000005,top decile
JPNIDN,cc1,JPN,IDN,East Asia & Pacific,4,1.96,1.9438235294117647,0.005,5.32,11.0,0.0,0.0,-3.2800000000000002,-0.575,-0.8880000000000001,top decile
JPNIDN,cc2,JPN,IDN,East Asia & Pacific,4,1.245,1.2247261904761904,0.005,2.5325,11.0,0.0,0.0,-1.2125000000000004,-0.16500000000000004,-0.61,top decile
JPNIND,cc1,JPN,IND,South Asia,4,5.1,5.0915,0.005,6.225,11.5,27.53623188405797,37.22222222222222,-1.1400000000000001,2.9800000000000004,2.2844999999999995,cheaper than median
JPNIND,cc2,JPN,IND,South Asia,4,4.390000000000001,4.387238095238096,0.005,4.202500000000001,11.5,51.086956521739125,52.77777777777778,0.17250000000000032,2.9000000000000004,2.3600000000000003,more expensive than median
JPNPHL,cc1,JPN,PHL,East Asia & Pacific,4,2.1550000000000002,2.2435294117647056,0.0,5.984999999999999,14.0,0.0,0.0,-3.8099999999999996,-2.26,-2.571,top decile
JPNPHL,cc2,JPN,PHL,East Asia & Pacific,4,1.41,1.4105595238095239,0.0,4.055,14.0,0.0,0.0,-2.62,-1.105,-1.3535,top decile
JPNTHA,cc1,JPN,THA,East Asia & Pacific,4,2.465,2.4779411764705883,-0.01,6.61,8.0,0.0,0.0,-4.1450000000000005,-2.8049999999999997,-2.85,top decile
JPNTHA,cc2,JPN,THA,East Asia & Pacific,4,1.48,1.494047619047619,-0.01,3.92,8.0,0.0,0.0,-2.4050000000000002,-1.5450000000000002,-1.6300000000000001,top decile
JPNVNM,cc1,JPN,VNM,East Asia & Pacific,4,2.755,2.748558823529412,0.005,2.9625000000000004,10.0,26.470588235294116,0.0,-0.28749999999999987,0.1750000000000005,0.1140000000000001,cheaper than median
JPNVNM,cc2,JPN,VNM,East Asia & Pacific,4,1.7,1.6942142857142857,0.005,1.91,10.0,23.529411764705884,0.0,-0.245,0.30999999999999994,0.242,cheaper than median
MYSBGD,cc1,MYS,BGD,South Asia,4,7.4399999999999995,3.9631147540983607,3.73,6.1325,17.5,70.9375,75.0,1.5674999999999994,3.545,2.9129999999999994,more expensive than median
MYSBGD,cc2,MYS,BGD,South Asia,4,5.734999999999999,2.134640522875817,3.73,5.1925,17.5,65.4094827586207,70.83333333333333,0.6775000000000002,2.3449999999999998,1.7920000000000003,more expensive than median
MYSCHN,cc1,MYS,CHN,East Asia & Pacific,4,4.199999999999999,4.186885245901639,0.015,4.205,7.5,52.272727272727266,50.0,0.32499999999999973,1.795,1.6449999999999996,more expensive than median
MYSCHN,cc2,MYS,CHN,East Asia & Pacific,4,2.285,2.283660130718954,0.015,2.815,7.5,38.18181818181819,50.0,-0.41999999999999993,1.085,0.8825000000000001,cheaper than median
MYSIDN,cc1,MYS,IDN,East Asia & Pacific,4,1.565,1.5459016393442624,0.015,3.875,22.5,1.1627906976744187,0.0,-2.315,0.029999999999999916,-1.1435,top decile
MYSIDN,cc2,MYS,IDN,East Asia & Pacific,4,1.0550000000000002,1.0405228758169933,0.015,2.4924999999999997,22.5,2.3255813953488373,3.8461538461538463,-1.4375,0.08500000000000008,-0.587,top decile
MYSIND,cc1,MYS,IND,South Asia,4,1.53,1.521311475409836,0.005,2.4075,12.0,5.0,0.0,-0.8575000000000002,0.29000000000000004,-0.37149999999999994,top decile
MYSIND,cc2,MYS,IND,South Asia,4,1.04,1.030718954248366,0.005,1.2850000000000001,12.0,36.54761904761905,22.22222222222222,-0.22499999999999998,0.16500000000000004,0.07550000000000007,cheaper than median
MYSNPL,cc1,MYS,NPL,South Asia,4,2.665,2.651639344262295,0.0,2.4524999999999997,9.5,61.32478632478633,25.0,0.2925000000000002,0.6350000000000002,0.42400000000000015,more expensive than median
MYSNPL,cc2,MYS,NPL,South Asia,4,1.81,1.7947712418300652,0.0,1.5975000000000001,9.5,54.700854700854705,25.0,0.28749999999999976,0.6349999999999999,0.42699999999999994,more expensive than median
MYSPHL,cc1,MYS,PHL,East Asia & Pacific,4,1.775,1.8418032786885248,0.01,2.755,18.5,11.722689075630251,12.5,-0.9750000000000001,0.24,-0.10199999999999987,cheaper than median
MYSPHL,cc2,MYS,PHL,East Asia & Pacific,4,1.2,1.223856209150327,0.01,1.625,18.5,24.324324324324326,35.416666666666664,-0.46499999999999997,0.25,0.1329999999999999,cheaper than median
MYSTHA,cc1,MYS,THA,East Asia & Pacific,4,2.08,2.078688524590164,0.0,3.95,8.5,0.0,0.0,-1.85,-0.5700000000000001,-0.6949999999999998,top decile
MYSTHA,cc2,MYS,THA,East Asia & Pacific,4,1.31,1.3065359477124183,0.0,2.6225,8.5,0.0,0.0,-1.3925,-0.3550000000000001,-0.5990000000000002,top decile
MYSVNM,cc1,MYS,VNM,East Asia & Pacific,4,2.325,2.3262295081967217,-0.005,2.955,6.0,6.458333333333334,0.0,-0.6599999999999999,0.18999999999999995,-0.09450000000000003,top decile
MYSVNM,cc2,MYS,VNM,East Asia & Pacific,4,1.475,1.4777777777777776,-0.005,2.205,6.0,21.875,50.0,-0.73,0.19500000000000006,0.05499999999999983,cheaper than median
NLDIDN,cc1,NLD,IDN,East Asia & Pacific,4,2.38,2.35,0.015,9.205,4.5,0.0,66.66666666666666,-6.8425,-1.6775,-2.5465,top decile
NLDIDN,cc2,NLD,IDN,East Asia & Pacific,4,1.8975,1.8753623188405797,0.015,6.08,4.5,5.555555555555555,66.66666666666666,-4.1875,-0.21250000000000002,-1.0915000000000004,top decile
NLDMAR,cc1,NLD,MAR,Middle East & North Africa,4,5.8875,5.8125,0.015,4.3149999999999995,7.0,80.35714285714286,100.0,1.58,3.9125,2.8225,more expensive than median
NLDMAR,cc2,NLD,MAR,Middle East & North Africa,4,4.1875,4.112318840579711,0.015,3.4225000000000003,7.0,86.33540372670808,100.0,0.7699999999999998,2.9575,2.0264999999999995,more expensive than median
NLDTUR,cc1,NLD,TUR,Europe & Central Asia,4,5.8,5.792857142857143,0.02,4.455,5.5,58.57142857142857,100.0,1.5299999999999998,3.295,2.4144999999999994,more expensive than median
NLDTUR,cc2,NLD,TUR,Europe & Central Asia,4,2.995,2.9855072463768115,0.02,3.4799999999999995,5.5,32.083333333333336,50.0,-0.4399999999999997,1.51,0.9890000000000001,cheaper than median
NORPAK,cc1,NOR,PAK,South Asia,4,1.455,1.4314516129032258,0.025,1.835,10.0,39.868421052631575,46.15384615384616,-0.42499999999999993,0.805,0.71,cheaper than median
NORPAK,cc2,NOR,PAK,South Asia,4,1.0050000000000001,0.9779032258064516,0.025,1.8675000000000002,10.0,15.920608108108109,18.406593406593405,-0.7825,0.72,0.20850000000000002,cheaper than median
NORPOL,cc1,NOR,POL,..,4,1.0550000000000002,1.0540322580645163,0.005,3.855,9.0,5.172413793103448,9.791666666666668,-2.8200000000000003,0.22500000000000003,-0.29000000000000015,top decile
NORPOL,cc2,NOR,POL,..,4,0.715,0.7082258064516129,0.005,2.88,9.0,5.300127713920817,9.583333333333334,-2.185,0.030000000000000027,-0.30900000000000005,top decile
NZLCHN,cc1,NZL,CHN,East Asia & Pacific,4,4.82,4.799999999999999,0.03,4.63,7.0,51.5625,74.60317460317461,0.14249999999999963,3.955,2.9434999999999993,more expensive than median
NZLCHN,cc2,NZL,CHN,East Asia & Pacific,4,3.105,3.0876923076923077,0.03,3.295,7.0,45.031796502384736,66.66666666666666,-0.19000000000000017,2.285,1.5469999999999997,cheaper than median
NZLPHL,cc1,NZL,PHL,East Asia & Pacific,4,1.14,1.0673076923076923,0.06,3.685,10.0,0.0,0.0,-2.58,-0.41500000000000004,-1.115,top decile
NZLPHL,cc2,NZL,PHL,East Asia & Pacific,4,0.8,0.7384615384615385,0.06,2.35,10.0,0.0,0.0,-1.6300000000000001,-0.16500000000000004,-0.7590000000000001,top decile
NZLVNM,cc1,NZL,VNM,East Asia & Pacific,4,1.4849999999999999,1.4596153846153848,0.01,6.67,10.0,0.0,0.0,-4.890000000000001,-1.255,-1.8559999999999999,top decile
NZLVNM,cc2,NZL,VNM,East Asia & Pacific,4,0.96,0.9361538461538461,0.005,5.34,10.0,0.0,0.0,-4.15,-0.6299999999999999,-1.3079999999999998,top decile
POLUKR,cc1,POL,UKR,Europe & Central Asia,4,2.475,1.6482558139534884,0.7749999999999999,3.2375,6.0,24.572649572649574,50.0,-0.9949999999999999,1.5150000000000001,0.9575,cheaper than median
POLUKR,cc2,POL,UKR,Europe & Central Asia,4,2.335,1.512558139534884,0.7749999999999999,2.59,6.0,37.535612535612536,55.0,-0.45500000000000007,1.375,0.8865000000000001,cheaper than median
PRTBRA,cc1,PRT,BRA,Latin America & Caribbean,4,1.7,1.707142857142857,0.005,7.025,2.0,0.0,0.0,-5.050000000000001,-1.705,-2.2775,top decile
PRTBRA,cc2,PRT,BRA,Latin America & Caribbean,4,1.3199999999999998,1.3144927536231883,0.005,5.085,2.0,0.0,0.0,-3.755,-1.67,-1.835,top decile
SGPBGD,cc1,SGP,BGD,South Asia,4,5.625,2.323076923076923,3.39,5.545,9.0,57.70750988142292,33.33333333333333,0.15249999999999986,1.9449999999999998,1.2415000000000003,more expensive than median
SGPBGD,cc2,SGP,BGD,South Asia,4,4.67,1.3705426356589148,3.39,4.63,9.0,50.0,33.33333333333333,0.017500000000000293,1.575,0.8955000000000004,cheaper than median
SGPCHN,cc1,SGP,CHN,East Asia & Pacific,4,2.64,2.5673076923076925,0.03,3.9850000000000003,8.0,30.95238095238095,25.0,-1.34,1.66,1.65,cheaper than median
SGPCHN,cc2,SGP,CHN,East Asia & Pacific,4,1.4700000000000002,1.4023255813953488,0.03,3.5675,8.0,25.824175824175825,25.0,-2.1750000000000003,0.54,0.4820000000000001,cheaper than median
SGPIDN,cc1,SGP,IDN,East Asia & Pacific,4,0.81,0.8269230769230769,-0.01,2.925,17.5,0.0,0.0,-2.315,-0.28500000000000003,-0.8350000000000001,top decile
SGPIDN,cc2,SGP,IDN,East Asia & Pacific,4,0.56,0.5720930232558139,-0.01,2.0675,17.5,0.0,0.0,-1.5074999999999998,-0.35500000000000004,-0.7469999999999999,top decile
SGPIND,cc1,SGP,IND,South Asia,4,0.83,0.8288461538461538,0.0,2.67,14.0,12.632275132275133,17.5,-1.8499999999999999,0.365,-0.07000000000000012,cheaper than median
SGPIND,cc2,SGP,IND,South Asia,4,0.57,0.5720930232558139,0.0,1.7000000000000002,14.0,5.626780626780627,14.090909090909092,-1.1400000000000001,0.10999999999999999,-0.1830000000000001,top decile
SGPLKA,cc1,SGP,LKA,South Asia,4,1.6949999999999998,1.673076923076923,0.025,3.6550000000000002,6.5,13.571428571428571,33.33333333333333,-1.9349999999999998,0.85,0.018000000000000016,cheaper than median
SGPLKA,cc2,SGP,LKA,South Asia,4,0.935,0.9116279069767441,0.025,2.7199999999999998,6.5,10.238095238095237,16.666666666666664,-1.765,0.15999999999999998,-0.07300000000000006,cheaper than median
SGPMYS,cc1,SGP,MYS,East Asia & Pacific,4,0.7050000000000001,0.6403846153846153,0.005,3.44,18.0,1.7241379310344827,5.555555555555555,-2.685,-0.05499999999999999,-0.24,top decile
SGPMYS,cc2,SGP,MYS,East Asia & Pacific,4,0.475,0.4418604651162791,0.005,2.33,18.0,0.0,0.0,-1.855,-0.18000000000000002,-0.358,top decile
SGPPAK,cc1,SGP,PAK,South Asia,4,1.0,1.1173076923076923,-0.1,1.44,3.0,20.833333333333332,50.0,-0.44,0.12500000000000006,0.11900000000000005,cheaper than median
SGPPAK,cc2,SGP,PAK,South Asia,4,0.635,0.7403100775193798,-0.1,1.44,3.0,0.0,0.0,-0.805,-0.255,-0.261,top decile
SGPPHL,cc1,SGP,PHL,East Asia & Pacific,4,0.9450000000000001,0.9653846153846155,0.015,2.67,18.0,2.817460317460317,10.555555555555555,-1.725,0.19500000000000006,-0.45999999999999996,top decile
SGPPHL,cc2,SGP,PHL,East Asia & Pacific,4,0.7,0.6945736434108527,0.015,1.6099999999999999,18.0,0.0,0.0,-0.9349999999999998,-0.12,-0.3375000000000001,top decile
SGPTHA,cc1,SGP,THA,East Asia & Pacific,4,1.135,1.228846153846154,-0.005,4.34,9.5,2.7777777777777777,8.333333333333332,-3.2249999999999996,0.025000000000000022,-0.51,top decile
SGPTHA,cc2,SGP,THA,East Asia & Pacific,4,0.6950000000000001,0.7868217054263567,-0.005,3.8325,9.5,0.0,0.0,-3.0375,-0.42,-0.8469999999999999,top decile
SWECHN,cc1,SWE,CHN,East Asia & Pacific,1,3.69,3.678823529411765,0.01,6.73,6.0,28.57142857142857,28.57142857142857,-3.0400000000000005,0.14000000000000012,0.14000000000000012,cheaper than median
SWECHN,cc2,SWE,CHN,East Asia & Pacific,1,2.61,2.604651162790698,0.01,5.31,6.0,28.57142857142857,28.57142857142857,-2.6999999999999997,0.48,0.48,cheaper than median
SWEIND,cc1,SWE,IND,South Asia,1,2.2,2.203529411764706,0.0,2.96,8.0,9.090909090909092,16.666666666666664,-0.7599999999999998,1.4800000000000002,-0.13999999999999968,top decile
SWEIND,cc2,SWE,IND,South Asia,1,1.89,1.891860465116279,0.0,2.17,8.0,36.36363636363637,50.0,-0.28,1.17,0.6099999999999999,cheaper than median
TURBGR,cc1,TUR,BGR,Europe & Central Asia,4,26.375,26.293859649122805,0.08499999999999999,66.245,8.0,35.833333333333336,20.0,-39.870000000000005,14.195,13.352,cheaper than median
TURBGR,cc2,TUR,BGR,Europe & Central Asia,4,11.120000000000001,11.035714285714286,0.08499999999999999,27.83,8.0,30.833333333333336,20.0,-16.709999999999997,3.4250000000000007,2.7364999999999995,cheaper than median
USABGD,cc1,USA,BGD,South Asia,4,7.655,4.785,3.92,7.4975000000000005,8.0,61.11111111111111,70.83333333333333,1.1925,4.025,3.1785,more expensive than median
USABGD,cc2,USA,BGD,South Asia,4,6.619999999999999,2.7009999999999996,3.92,6.137499999999999,8.0,61.111111111111114,66.66666666666666,0.4950000000000001,2.6849999999999996,1.6509999999999994,more expensive than median
USABRA,cc1,USA,BRA,Latin America & Caribbean,4,2.9400000000000004,2.9675000000000002,0.0,5.9875,8.0,9.020310633213859,13.636363636363635,-2.8549999999999995,0.8650000000000001,-0.5229999999999999,top decile
USABRA,cc2,USA,BRA,Latin America & Caribbean,4,1.7650000000000001,1.803,0.0,4.5024999999999995,8.0,3.464755077658303,4.545454545454546,-2.7874999999999996,0.15000000000000013,-0.6079999999999999,top decile
USACHN,cc1,USA,CHN,East Asia & Pacific,4,3.92,3.9225000000000003,0.01,5.32,7.0,34.21052631578947,50.0,-0.4900000000000002,1.8350000000000002,1.334,cheaper than median
USACHN,cc2,USA,CHN,East Asia & Pacific,4,2.6950000000000003,2.702,0.01,3.2199999999999998,7.0,36.84210526315789,37.5,-0.53,1.37,1.0799999999999998,cheaper than median
USACOL,cc1,USA,COL,Latin America & Caribbean,4,5.5,5.3625,0.135,5.3,14.0,60.37296037296037,75.0,0.56,3.06,2.1790000000000003,more expensive than median
USACOL,cc2,USA,COL,Latin America & Caribbean,4,3.885,3.745,0.135,4.1274999999999995,14.0,44.44444444444444,45.83333333333333,-0.20999999999999996,2.7,2.1310000000000002,cheaper than median
USACRI,cc1,USA,CRI,Latin America & Caribbean,4,6.415,6.407500000000001,0.11,6.380000000000001,7.5,66.74641148325358,80.0,0.37250000000000005,4.34,3.1719999999999997,more expensive than median
USACRI,cc2,USA,CRI,Latin America & Caribbean,4,3.8500000000000005,3.771,0.11,4.465,7.5,42.33409610983982,65.71428571428572,-0.75,2.775,2.31,cheaper than median
USAEGY,cc1,USA,EGY,Middle East & North Africa,4,6.824999999999999,6.7924999999999995,0.025,4.595,4.0,85.64102564102564,100.0,2.3049999999999997,4.914999999999999,4.548,more expensive than median
USAEGY,cc2,USA,EGY,Middle East & North Africa,4,3.62,3.609,0.025,3.245,4.0,53.58974358974359,50.0,0.395,2.3099999999999996,2.0349999999999997,more expensive than median
USAIDN,cc1,USA,IDN,East Asia & Pacific,4,2.45,2.4475,0.0,5.85,8.0,2.083333333333333,0.0,-3.3024999999999993,-0.4199999999999998,-1.3704999999999998,top decile
USAIDN,cc2,USA,IDN,East Asia & Pacific,4,1.165,1.167,0.0,4.6,8.0,0.0,0.0,-3.105,-0.775,-1.201,top decile
USAIND,cc1,USA,IND,South Asia,4,3.1500000000000004,3.1475,0.0,3.6399999999999997,12.0,39.33139534883721,62.142857142857146,-0.25499999999999967,2.49,1.6880000000000002,cheaper than median
USAIND,cc2,USA,IND,South Asia,4,1.96,1.9549999999999996,0.0,2.54,12.0,39.750290360046456,53.57142857142857,-0.5800000000000001,1.5,1.0095,cheaper than median
USAKEN,cc1,USA,KEN,Sub-Saharan Africa,4,3.705,3.6825,0.02,5.609999999999999,8.0,34.346642468239565,49.99999999999999,-1.6275000000000006,2.67,1.4949999999999997,cheaper than median
USAKEN,cc2,USA,KEN,Sub-Saharan Africa,4,2.145,2.125,0.02,4.575000000000001,8.0,16.335978835978835,33.33333333333333,-2.3550000000000004,1.1099999999999999,0.2579999999999999,cheaper than median
USAMEX,cc1,USA,MEX,Latin America & Caribbean,4,3.225,3.2175000000000002,0.02,4.83,13.5,19.90771259063942,34.285714285714285,-1.5850000000000006,1.39,0.252,cheaper than median
USAMEX,cc2,USA,MEX,Latin America & Caribbean,4,2.0549999999999997,2.0460000000000003,0.02,2.9299999999999997,13.5,15.694444444444445,14.285714285714285,-0.8749999999999998,0.93,0.5,cheaper than median
USANPL,cc1,USA,NPL,South Asia,4,3.815,3.8025,0.005,5.2250000000000005,9.0,28.42809364548495,71.42857142857143,-1.3425000000000002,2.7300000000000004,1.9834999999999998,cheaper than median
USANPL,cc2,USA,NPL,South Asia,4,2.48,2.479,0.005,3.855,9.0,26.6798418972332,71.42857142857143,-1.645,1.46,1.073,cheaper than median
USAPAK,cc1,USA,PAK,South Asia,4,3.445,3.4175,0.07,3.825,6.0,46.30952380952381,87.5,-0.47250000000000014,2.2699999999999996,1.9649999999999999,cheaper than median
USAPAK,cc2,USA,PAK,South Asia,4,2.19,2.117,0.07,2.8275,5.0,38.88888888888889,75.0,-0.6375000000000002,1.2499999999999998,1.1199999999999999,cheaper than median
USAPHL,cc1,USA,PHL,East Asia & Pacific,4,4.16,4.154999999999999,0.005,4.81,13.0,36.700336700336706,52.77777777777778,-0.8899999999999997,3.6999999999999997,1.8649999999999998,cheaper than median
USAPHL,cc2,USA,PHL,East Asia & Pacific,4,2.005,2.002,0.005,3.24,13.0,21.47099930118798,23.61111111111111,-1.3925000000000003,1.545,0.40849999999999975,cheaper than median
USATHA,cc1,USA,THA,East Asia & Pacific,4,3.56,3.5300000000000002,0.015,6.895,10.0,15.612648221343875,60.0,-3.4749999999999996,2.08,1.0145,cheaper than median
USATHA,cc2,USA,THA,East Asia & Pacific,4,2.165,2.161,0.015,5.96,9.0,22.727272727272727,50.0,-3.82,1.185,0.52,cheaper than median
USAUKR,cc1,USA,UKR,Europe & Central Asia,4,3.75,3.0824999999999996,0.79,3.9600000000000004,6.0,54.779411764705884,,-0.11500000000000021,2.6449999999999996,1.7719999999999998,more expensive than median
USAUKR,cc2,USA,UKR,Europe & Central Asia,4,2.4299999999999997,1.8319999999999999,0.79,3.9600000000000004,6.0,16.666666666666668,,-1.5800000000000003,1.3199999999999998,0.8539999999999998,cheaper than median
USAVNM,cc1,USA,VNM,East Asia & Pacific,4,3.7,3.7,0.005,5.9675,8.0,22.098214285714285,28.57142857142857,-2.27,3.7,0.8214999999999997,cheaper than median
USAVNM,cc2,USA,VNM,East Asia & Pacific,4,2.285,2.282,0.005,3.295,7.0,25.62724014336918,14.285714285714285,-0.9999999999999998,2.285,0.5130000000000001,cheaper than median
USAZAF,cc1,USA,ZAF,Sub-Saharan Africa,4,6.925,6.9125,0.01,7.202500000000001,5.5,56.69642857142857,70.23809523809524,0.45250000000000057,3.4949999999999997,3.2325000000000004,more expensive than median
USAZAF,cc2,USA,ZAF,Sub-Saharan Africa,4,3.49,3.487,0.01,6.4575,5.5,16.904761904761905,21.428571428571427,-2.9274999999999998,1.1749999999999996,0.5745,cheaper than median
