corridor_key,fee_bearing,zero_fee,amount_scenario
AREEGY,3.17,0.625,cc1
AREIND,3.06,0.81,cc1
ARELKA,2.505,0.33,cc1
AREPAK,5.215,-0.015,cc1
AREPHL,3.4400000000000004,0.835,cc1
AUSCHN,3.34,0.83,cc1
AUSFJI,4.26,3.165,cc1
AUSIDN,3.21,4.015,cc1
AUSIND,3.39,1.13,cc1
AUSLBN,13.77,3.8,cc1
AUSPAK,2.58,1.25,cc1
AUSPHL,3.46,2.8200000000000003,cc1
AUSSOM,3.8899999999999997,3.84,cc1
AUSTHA,4.68,1.645,cc1
AUSTON,6.725,3.6500000000000004,cc1
AUSVNM,3.87,6.28,cc1
AUSVUT,9.87,6.29,cc1
AUSWSM,7.24,6.245,cc1
AUSZWE,5.48,2.99,cc1
AUTBIH,6.2,1.25,cc1
AUTHRV,2.85,0.0,cc1
AUTHUN,4.05,1.14,cc1
AUTKSV,4.99,0.0,cc1
AUTSRB,4.859999999999999,2.21,cc1
AUTTUR,4.05,1.245,cc1
BELCOD,6.24,3.21,cc1
BELDZA,2.48,1.2850000000000001,cc1
BELMAR,4.05,1.145,cc1
BELTUR,4.28,0.12,cc1
BHREGY,3.45,2.81,cc1
BHRIND,2.67,0.41,cc1
BHRPAK,2.67,0.05,cc1
BRABOL,11.565,1.44,cc1
BRAPER,7.445,1.69,cc1
BRAPRY,7.609999999999999,1.65,cc1
CANGHA,6.305,2.1,cc1
CANGUY,9.135,3.98,cc1
CANHTI,5.6,2.185,cc1
CANIND,3.87,1.685,cc1
CANJAM,6.13,2.135,cc1
CANKEN,7.47,4.265000000000001,cc1
CANLBN,8.73,2.185,cc1
CANNGA,4.2,1.96,cc1
CANPAK,4.85,3.6999999999999997,cc1
CANPHL,4.075,2.185,cc1
CANRWA,6.660000000000001,2.455,cc1
CANVNM,6.1,3.375,cc1
CANZWE,7.64,3.61,cc1
CHEALB,8.45,4.41,cc1
CHEHUN,4.23,0.81,cc1
CHEKSV,8.51,3.2300000000000004,cc1
CHELKA,5.5,3.3,cc1
CHESRB,6.34,0.59,cc1
CZEUKR,6.35,3.0,cc1
CZEVNM,8.28,4.27,cc1
DEUBGR,3.56,0.0,cc1
DEUGHA,5.37,1.27,cc1
DEUHRV,3.56,0.0,cc1
DEUIND,2.87,0.57,cc1
DEUKGZ,7.14,8.08,cc1
DEUMKD,3.56,0.0,cc1
DEUNGA,3.4,1.49,cc1
DEUROU,2.79,0.0,cc1
DEUSRB,3.56,0.0,cc1
DEUTHA,4.46,2.19,cc1
DEUTJK,3.46,1.75,cc1
DEUUKR,2.83,2.77,cc1
DEUVNM,2.68,1.32,cc1
ESPBGR,4.4,0.89,cc1
ESPBOL,4.84,2.0,cc1
ESPBRA,4.385,-1.52,cc1
ESPCHN,5.855,0.59,cc1
ESPCOL,4.62,-1.29,cc1
ESPDOM,4.75,0.14,cc1
ESPECU,4.3,-1.45,cc1
ESPHND,4.77,-0.86,cc1
ESPMAR,4.2,-1.03,cc1
ESPNGA,4.025,1.105,cc1
ESPPER,3.46,0.13,cc1
ESPPHL,3.09,-0.92,cc1
ESPROU,2.77,0.2,cc1
FRACHN,4.415,3.11,cc1
FRACMR,4.44,1.26,cc1
FRADZA,45.13,2.4899999999999998,cc1
FRAMAR,4.02,2.425,cc1
FRAMDG,4.88,2.37,cc1
FRATUN,4.43,1.7550000000000001,cc1
GBRALB,6.6,1.84,cc1
GBRBGD,5.785,3.24,cc1
GBRBGR,6.06,2.51,cc1
GBRBRA,3.81,1.365,cc1
GBRCHN,4.91,2.63,cc1
GBRETH,7.249999999999999,4.5,cc1
GBRGHA,4.85,0.9900000000000001,cc1
GBRGMB,11.16,8.29,cc1
GBRIND,2.51,2.255,cc1
GBRJAM,5.94,-1.27,cc1
GBRKEN,4.87,2.18,cc1
GBRLKA,3.5999999999999996,1.88,cc1
GBRLTU,4.81,1.315,cc1
GBRNGA,4.42,0.25,cc1
GBRNPL,3.325,1.59,cc1
GBRPAK,2.94,0.38,cc1
GBRPHL,3.84,1.41,cc1
GBRPOL,3.63,0.68,cc1
GBRROU,3.39,1.15,cc1
GBRRWA,7.7700000000000005,2.26,cc1
GBRTHA,4.35,3.41,cc1
GBRTZA,6.68,1.9,cc1
GBRUGA,4.46,2.27,cc1
GBRVNM,4.205,1.37,cc1
GBRZAF,6.7,4.01,cc1
GBRZWE,5.95,4.495,cc1
GHANGA,11.1,3.1,cc1
INDLKA,4.89,2.9,cc1
INDNPL,1.65,2.9,cc1
ITABGD,6.6899999999999995,4.88,cc1
ITABRA,4.720000000000001,5.055,cc1
ITACHN,4.545,2.94,cc1
ITAECU,4.86,3.55,cc1
ITAEGY,7.51,1.88,cc1
ITAIND,2.93,0.6599999999999999,cc1
ITALKA,4.08,1.98,cc1
ITAMAR,4.83,2.4850000000000003,cc1
ITANGA,3.82,0.485,cc1
ITAPHL,2.92,0.81,cc1
ITAROU,4.18,0.665,cc1
ITATUN,5.72,1.99,cc1
ITAUKR,4.64,2.795,cc1
JPNIND,5.800000000000001,-0.11,cc1
KWTPAK,0.26,0.3,cc1
MYSIND,2.1399999999999997,2.67,cc1
MYSNPL,2.56,4.75,cc1
NLDDOM,4.53,1.195,cc1
NLDGHA,6.1,2.81,cc1
NLDIDN,4.87,-1.37,cc1
NLDMAR,4.32,-0.43,cc1
NLDNGA,4.2,0.76,cc1
NLDSUR,7.49,2.71,cc1
NORPAK,4.51,1.29,cc1
NORPOL,3.95,1.07,cc1
NZLCHN,4.6,1.0,cc1
NZLFJI,5.39,2.8449999999999998,cc1
NZLIND,3.525,1.41,cc1
NZLPHL,3.77,2.15,cc1
NZLTON,7.7,4.25,cc1
NZLVUT,9.97,5.645,cc1
NZLWSM,7.105,4.83,cc1
OMNPAK,2.675,-0.060000000000000005,cc1
POLUKR,3.79,1.845,cc1
PRTBRA,5.41,-2.32,cc1
PRTCPV,4.01,0.45,cc1
PRTMOZ,5.49,2.09,cc1
QATPAK,3.2649999999999997,-0.29,cc1
QATPHL,3.39,0.81,cc1
QATSDN,8.62,2.28,cc1
RWAKEN,7.14,4.03,cc1
SAUPAK,3.31,1.21,cc1
SGPCHN,4.19,0.985,cc1
SGPIDN,2.93,1.58,cc1
SGPIND,2.7,1.09,cc1
SGPMYS,4.18,0.99,cc1
SGPPAK,3.5700000000000003,1.36,cc1
SGPPHL,2.6799999999999997,1.375,cc1
SGPTHA,4.824999999999999,1.43,cc1
SWECHN,4.65,5.16,cc1
SWEIND,3.59,0.715,cc1
SWELBN,6.515,3.14,cc1
SWESOM,7.265,10.56,cc1
THAMMR,16.3,11.72,cc1
TZAKEN,83.74,0.72,cc1
TZAUGA,74.24,1.3,cc1
USAARM,6.93,2.03,cc1
USABGD,7.59,5.19,cc1
USABRA,5.71,3.29,cc1
USACOL,5.140000000000001,1.37,cc1
USACPV,8.54,0.32,cc1
USADOM,5.0,-0.84,cc1
USAECU,4.0,0.0,cc1
USAETH,6.0,3.91,cc1
USAGHA,5.6899999999999995,0.8999999999999999,cc1
USAGTM,4.39,-2.07,cc1
USAGUY,9.78,2.8449999999999998,cc1
USAHND,3.86,0.29,cc1
USAHTI,5.5,0.0,cc1
USAIDN,5.68,-0.12000000000000002,cc1
USAIND,3.57,0.42,cc1
USAJAM,6.61,-0.48,cc1
USAJOR,6.195,0.0,cc1
USAKEN,5.949999999999999,1.66,cc1
USALBR,6.0,0.0,cc1
USAMEX,4.625,-0.9349999999999999,cc1
USANGA,3.41,-0.105,cc1
USANPL,5.25,1.1199999999999999,cc1
USAPAK,4.32,1.97,cc1
USAPHL,4.865,1.83,cc1
USASLV,4.0,0.0,cc1
USATHA,6.645,0.62,cc1
USAUKR,4.11,3.375,cc1
USAVNM,6.0,0.0,cc1
ZAFCHN,20.64,3.76,cc1
ZAFLSO,10.95,0.0,cc1
ZAFNGA,14.68,4.99,cc1
ZAFSWZ,10.95,0.0,cc1
ZAFZWE,10.61,5.41,cc1
AREEGY,1.7,0.625,cc2
AREIND,1.85,0.81,cc2
ARELKA,1.26,0.33,cc2
AREPAK,4.09,-0.015,cc2
AREPHL,1.51,0.835,cc2
AUSCHN,2.27,0.83,cc2
AUSFJI,3.18,3.165,cc2
AUSIDN,2.01,4.015,cc2
AUSIND,2.08,1.03,cc2
AUSLBN,7.539999999999999,3.8,cc2
AUSPAK,2.18,0.63,cc2
AUSPHL,2.22,2.8200000000000003,cc2
AUSSOM,2.745,3.84,cc2
AUSTHA,3.67,1.645,cc2
AUSTON,5.48,3.6500000000000004,cc2
AUSVNM,2.67,6.28,cc2
AUSVUT,7.7700000000000005,6.29,cc2
AUSWSM,5.625,6.245,cc2
AUSZWE,4.84,2.99,cc2
AUTBIH,3.47,1.25,cc2
AUTHRV,1.45,0.0,cc2
AUTHUN,2.65,1.13,cc2
AUTKSV,2.145,0.0,cc2
AUTSRB,3.01,2.21,cc2
AUTTUR,2.52,0.9199999999999999,cc2
BELCOD,4.38,3.2199999999999998,cc2
BELDZA,2.02,1.2850000000000001,cc2
BELMAR,3.05,2.09,cc2
BELTUR,2.865,0.12,cc2
BHREGY,2.85,2.81,cc2
BHRIND,1.54,0.41,cc2
BHRPAK,0.9550000000000001,0.06,cc2
BRABOL,9.76,1.245,cc2
BRAPER,7.445,1.2,cc2
BRAPRY,7.1850000000000005,1.4449999999999998,cc2
CANCHN,4.65,1.205,cc2
CANGHA,4.895,2.1,cc2
CANGUY,8.17,3.98,cc2
CANHTI,4.58,2.185,cc2
CANIND,3.21,1.2850000000000001,cc2
CANJAM,4.3,2.135,cc2
CANKEN,5.52,4.34,cc2
CANLBN,7.03,2.185,cc2
CANNGA,2.53,1.96,cc2
CANPAK,3.96,3.6999999999999997,cc2
CANPHL,2.39,1.11,cc2
CANRWA,4.9,2.455,cc2
CANVNM,4.615,3.375,cc2
CANZWE,6.14,3.61,cc2
CHEALB,6.25,4.41,cc2
CHEHUN,3.11,0.81,cc2
CHEKSV,6.745,3.2300000000000004,cc2
CHELKA,4.2700000000000005,3.3,cc2
CHESRB,4.88,0.59,cc2
CZEUKR,4.79,3.0,cc2
CZEVNM,4.92,4.27,cc2
DEUBGR,2.37,0.0,cc2
DEUGHA,4.08,1.27,cc2
DEUHRV,2.32,0.0,cc2
DEUIND,1.61,1.16,cc2
DEUKGZ,4.35,8.08,cc2
DEUMKD,3.19,0.0,cc2
DEUNGA,2.31,1.49,cc2
DEUROU,1.52,0.0,cc2
DEUSRB,2.665,0.0,cc2
DEUTHA,3.62,2.19,cc2
DEUTJK,2.61,1.0,cc2
DEUUKR,2.425,2.76,cc2
DEUVNM,1.84,1.32,cc2
ESPBOL,2.83,2.0,cc2
ESPBRA,2.87,-1.52,cc2
ESPCHN,4.51,0.59,cc2
ESPCOL,2.705,0.255,cc2
ESPDOM,2.99,0.14,cc2
ESPECU,2.62,-0.6799999999999999,cc2
ESPHND,2.785,0.49,cc2
ESPMAR,2.98,-1.03,cc2
ESPNGA,2.06,1.105,cc2
ESPPER,1.85,0.13,cc2
ESPPHL,1.8499999999999999,0.39,cc2
ESPROU,2.29,0.175,cc2
FRACHN,2.435,3.11,cc2
FRACMR,3.55,1.26,cc2
FRADZA,18.39,2.4899999999999998,cc2
FRAMAR,3.2,1.97,cc2
FRAMDG,4.04,2.37,cc2
FRATUN,3.5999999999999996,1.7550000000000001,cc2
GBRALB,4.145,1.84,cc2
GBRBGD,4.4,3.24,cc2
GBRBGR,4.06,2.51,cc2
GBRBRA,3.24,1.365,cc2
GBRCHN,3.13,2.63,cc2
GBRETH,5.58,4.5,cc2
GBRGHA,4.38,0.9900000000000001,cc2
GBRGMB,9.67,8.29,cc2
GBRIND,1.43,0.66,cc2
GBRJAM,3.69,-1.27,cc2
GBRKEN,3.88,2.18,cc2
GBRLKA,1.87,1.88,cc2
GBRLTU,3.3099999999999996,1.315,cc2
GBRNGA,2.51,0.25,cc2
GBRNPL,2.23,1.59,cc2
GBRPAK,1.5699999999999998,0.38,cc2
GBRPHL,2.16,1.41,cc2
GBRPOL,2.87,0.64,cc2
GBRROU,2.47,1.15,cc2
GBRRWA,5.3,2.26,cc2
GBRTHA,3.26,3.41,cc2
GBRTZA,4.9,1.9,cc2
GBRUGA,3.95,2.27,cc2
GBRVNM,2.8,1.37,cc2
GBRZAF,4.6850000000000005,4.01,cc2
GBRZWE,3.7600000000000002,4.495,cc2
GHANGA,7.53,3.1,cc2
INDLKA,3.33,2.9,cc2
INDNPL,0.67,2.9,cc2
ITABGD,5.41,4.88,cc2
ITABRA,3.4850000000000003,5.055,cc2
ITACHN,3.185,2.94,cc2
ITAECU,3.59,3.55,cc2
ITAEGY,5.85,1.88,cc2
ITAIND,1.67,0.6599999999999999,cc2
ITALKA,3.1,1.98,cc2
ITAMAR,3.22,2.4850000000000003,cc2
ITANGA,2.42,0.485,cc2
ITAPHL,1.8499999999999999,0.81,cc2
ITAROU,2.17,0.665,cc2
ITATUN,4.43,1.99,cc2
ITAUKR,3.62,2.795,cc2
JPNIND,4.18,-0.11,cc2
KWTPAK,0.05,0.3,cc2
MYSIND,1.1749999999999998,2.67,cc2
MYSNPL,1.745,4.75,cc2
NLDDOM,2.97,2.2350000000000003,cc2
NLDGHA,4.76,2.81,cc2
NLDIDN,3.35,0.12,cc2
NLDMAR,3.47,0.95,cc2
NLDNGA,2.49,0.76,cc2
NLDSUR,4.205,2.71,cc2
NORPAK,2.785,1.36,cc2
NORPOL,2.895,1.07,cc2
NZLCHN,3.22,1.0,cc2
NZLFJI,4.39,2.8449999999999998,cc2
NZLIND,2.4,1.41,cc2
NZLPHL,2.39,2.15,cc2
NZLTON,6.18,4.25,cc2
NZLVUT,7.69,5.645,cc2
NZLWSM,5.69,4.83,cc2
OMNPAK,1.03,-0.060000000000000005,cc2
POLUKR,2.635,1.8499999999999999,cc2
PRTBRA,4.09,-2.32,cc2
PRTMOZ,3.38,2.09,cc2
QATPAK,1.625,-0.29,cc2
QATPHL,1.88,0.81,cc2
QATSDN,6.57,2.28,cc2
RWAKEN,7.09,4.03,cc2
SAUPAK,2.11,1.27,cc2
SGPCHN,3.92,0.985,cc2
SGPIDN,1.98,1.58,cc2
SGPIND,1.8250000000000002,1.1,cc2
SGPMYS,2.41,0.99,cc2
SGPPAK,4.21,1.36,cc2
SGPPHL,1.6199999999999999,1.375,cc2
SGPTHA,4.515000000000001,1.43,cc2
SWECHN,3.5999999999999996,5.16,cc2
SWEIND,2.19,0.715,cc2
SWELBN,5.445,3.14,cc2
SWESOM,7.265,10.57,cc2
THAMMR,6.83,11.72,cc2
TZAKEN,43.28,0.72,cc2
TZAUGA,38.58,1.3,cc2
USAARM,5.37,2.03,cc2
USABGD,6.285,5.19,cc2
USABRA,4.4,3.29,cc2
USACOL,4.25,1.995,cc2
USACPV,6.995,0.32,cc2
USADOM,3.9,1.375,cc2
USAETH,4.8,3.91,cc2
USAGHA,4.665,0.46,cc2
USAGTM,2.98,2.1,cc2
USAGUY,7.61,2.8449999999999998,cc2
USAHND,2.5149999999999997,0.29,cc2
USAHTI,2.84,0.0,cc2
USAIDN,4.37,-0.12000000000000002,cc2
USAIND,2.2750000000000004,0.42,cc2
USAJAM,5.26,-0.7,cc2
USAJOR,4.5,0.0,cc2
USAKEN,4.66,1.66,cc2
USALBR,3.0,0.0,cc2
USAMEX,2.82,-0.20500000000000002,cc2
USANGA,2.13,-0.105,cc2
USANPL,4.03,1.1199999999999999,cc2
USAPAK,3.0,1.96,cc2
USAPHL,3.165,1.83,cc2
USASLV,2.1999999999999997,0.0,cc2
USATHA,6.109999999999999,0.62,cc2
USAUKR,4.11,3.0549999999999997,cc2
USAVNM,3.4,0.0,cc2
ZAFCHN,9.91,3.76,cc2
ZAFLSO,8.21,0.0,cc2
ZAFNGA,10.25,4.99,cc2
ZAFSWZ,4.4,0.0,cc2
ZAFZWE,9.53,5.41,cc2
