dataset,flag,sheet,rows,flagged,share_pct
records,flag_fx_undisclosed_by_flag,POST,204469,3361,1.644
records,flag_fx_undisclosed_by_flag,PRE,49491,4057,8.197
records,flag_note_says_not_transparent,POST,204469,3597,1.759
records,flag_note_says_not_transparent,PRE,49491,3996,8.074
records,flag_note_zero_margin_disclaimer,POST,204469,4317,2.111
records,flag_note_zero_margin_disclaimer,PRE,49491,4938,9.978
records,flag_interbank_rate_placeholder,POST,204469,24520,11.992
records,flag_interbank_rate_placeholder,PRE,49491,10811,21.844
records,flag_corridor_mismatch,POST,204469,95,0.046
records,flag_corridor_mismatch,PRE,49491,0,0.0
records,flag_lcu_code_differs_cc1_cc2,POST,204469,0,0.0
records,flag_lcu_code_differs_cc1_cc2,PRE,49491,46,0.093
records,flag_any_numeric_parse_failure,POST,204469,0,0.0
records,flag_any_numeric_parse_failure,PRE,49491,0,0.0
records,flag_numeric_stored_as_text,POST,204469,13291,6.5
records,flag_numeric_stored_as_text,PRE,49491,0,0.0
records,flag_date_unparsed,POST,204469,0,0.0
records,flag_date_unparsed,PRE,49491,0,0.0
records,flag_date_outside_period,POST,204469,181,0.089
records,flag_date_outside_period,PRE,49491,6,0.012
records,flag_access_not_collected,POST,204469,0,0.0
records,flag_access_not_collected,PRE,49491,16559,33.459
records,flag_pickup_not_collected,POST,204469,0,0.0
records,flag_pickup_not_collected,PRE,49491,9388,18.969
records,flag_income_label_inferred,POST,204469,1490,0.729
records,flag_income_label_inferred,PRE,49491,0,0.0
records,flag_duplicate_except_id,POST,204469,372,0.182
records,flag_duplicate_except_id,PRE,49491,266,0.537
records,flag_duplicate_surplus,POST,204469,189,0.092
records,flag_duplicate_surplus,PRE,49491,133,0.269
records,fx_margin_disclosed,POST,204469,200826,98.218
records,fx_margin_disclosed,PRE,49491,45428,91.79
quotes,flag_fx_undisclosed_by_flag,POST,408938,6722,1.644
quotes,flag_fx_undisclosed_by_flag,PRE,98982,8114,8.197
quotes,flag_note_says_not_transparent,POST,408938,7194,1.759
quotes,flag_note_says_not_transparent,PRE,98982,7992,8.074
quotes,flag_note_zero_margin_disclaimer,POST,408938,8634,2.111
quotes,flag_note_zero_margin_disclaimer,PRE,98982,9876,9.978
quotes,flag_interbank_rate_placeholder,POST,408938,49040,11.992
quotes,flag_interbank_rate_placeholder,PRE,98982,21622,21.844
quotes,flag_corridor_mismatch,POST,408938,190,0.046
quotes,flag_corridor_mismatch,PRE,98982,0,0.0
quotes,flag_lcu_code_differs_cc1_cc2,POST,408938,0,0.0
quotes,flag_lcu_code_differs_cc1_cc2,PRE,98982,92,0.093
quotes,flag_any_numeric_parse_failure,POST,408938,0,0.0
quotes,flag_any_numeric_parse_failure,PRE,98982,0,0.0
quotes,flag_numeric_stored_as_text,POST,408938,26582,6.5
quotes,flag_numeric_stored_as_text,PRE,98982,0,0.0
quotes,flag_date_unparsed,POST,408938,0,0.0
quotes,flag_date_unparsed,PRE,98982,0,0.0
quotes,flag_date_outside_period,POST,408938,362,0.089
quotes,flag_date_outside_period,PRE,98982,12,0.012
quotes,flag_access_not_collected,POST,408938,0,0.0
quotes,flag_access_not_collected,PRE,98982,33118,33.459
quotes,flag_pickup_not_collected,POST,408938,0,0.0
quotes,flag_pickup_not_collected,PRE,98982,18776,18.969
quotes,flag_income_label_inferred,POST,408938,2980,0.729
quotes,flag_income_label_inferred,PRE,98982,0,0.0
quotes,flag_duplicate_except_id,POST,408938,744,0.182
quotes,flag_duplicate_except_id,PRE,98982,532,0.537
quotes,flag_duplicate_surplus,POST,408938,378,0.092
quotes,flag_duplicate_surplus,PRE,98982,266,0.269
quotes,flag_cost_identity_fail,POST,408938,138,0.034
quotes,flag_cost_identity_fail,PRE,98982,388,0.392
quotes,flag_cost_identity_untestable,POST,408938,1097,0.268
quotes,flag_cost_identity_untestable,PRE,98982,423,0.427
quotes,flag_fee_omitted_from_total,POST,408938,12,0.003
quotes,flag_fee_omitted_from_total,PRE,98982,47,0.047
quotes,flag_denomination_nonstandard,POST,408938,0,0.0
quotes,flag_denomination_nonstandard,PRE,98982,175,0.177
quotes,flag_total_cost_missing,POST,408938,1090,0.267
quotes,flag_total_cost_missing,PRE,98982,187,0.189
quotes,flag_negative_fx_margin,POST,408938,18298,4.475
quotes,flag_negative_fx_margin,PRE,98982,3609,3.646
quotes,flag_negative_total_cost,POST,408938,3282,0.803
quotes,flag_negative_total_cost,PRE,98982,398,0.402
quotes,flag_extreme_total_cost,POST,408938,347,0.085
quotes,flag_extreme_total_cost,PRE,98982,11,0.011
quotes,flag_applied_rate_placeholder,POST,408938,48908,11.96
quotes,flag_applied_rate_placeholder,PRE,98982,21534,21.755
quotes,flag_zero_margin_undisclosed,POST,408938,6767,1.655
quotes,flag_zero_margin_undisclosed,PRE,98982,8031,8.114
quotes,cost_analysis_eligible,POST,408938,407325,99.606
quotes,cost_analysis_eligible,PRE,98982,97740,98.745
quotes,complete_cost_eligible,POST,408938,400097,97.838
quotes,complete_cost_eligible,PRE,98982,89692,90.614
