corridor_key,source_name,destination_name,quotes,providers,median_total,min_total,p10,max_total,p25,p75,share_digital,spread_median_minus_p10
TZAKEN,Tanzania,Kenya,42,9,83.17,0.72,8.313,91.77,11.695,86.57,0.119,74.857
TZAUGA,Tanzania,Uganda,40,7,73.755,1.3,9.357,92.64,66.12,78.91,0.1,64.398
TURBGR,Türkiye,Bulgaria,48,10,67.2,11.84,12.79,307.2,19.682,124.148,0.438,54.41
TZARWA,Tanzania,Rwanda,24,6,43.885,6.01,8.014,97.89,10.048,73.9,0.167,35.871
SENMLI,Senegal,Mali,23,6,26.88,1.5,1.5,37.63,15.045,30.645,0.174,25.38
ZAFCHN,South Africa,China,38,6,19.36,3.76,15.813,38.06,16.55,32.79,0.158,3.547
THACHN,Thailand,China,70,10,17.335,2.51,4.53,21.57,5.738,18.892,0.5,12.805
ZAFMWI,South Africa,Malawi,101,14,16.74,0.39,-35.28,87.71,0.42,32.94,0.356,52.02
ZAFAGO,South Africa,Angola,60,9,16.55,6.12,8.063,33.89,9.54,22.083,0.383,8.487
THAMMR,Thailand,Myanmar,59,10,16.3,0.26,0.332,31.79,1.85,19.205,0.424,15.968
THALAO,Thailand,Lao PDR,66,10,15.49,2.72,3.01,19.86,4.72,17.498,0.364,12.48
ZAFTZA,South Africa,Tanzania,62,7,15.24,4.91,6.619,33.89,7.445,18.2,0.419,8.621
ARESDN,United Arab Emirates,Sudan,16,4,14.705,2.97,-27.375,33.61,2.97,19.308,0.0,42.08
THAVNM,Thailand,Vietnam,89,11,14.01,2.3,4.704,22.51,5.75,17.12,0.483,9.306
ISRMAR,Israel,Morocco,12,3,13.785,8.93,9.225,17.07,10.282,16.812,0.0,4.56
SAUSYR,Saudi Arabia,Syrian Arab Republic,4,1,13.51,8.88,10.236,22.15,12.27,15.752,0.0,3.274
AGONAM,Angola,Namibia,7,2,12.88,5.61,8.208,19.87,10.205,16.55,0.0,4.672
THAIDN,Thailand,Indonesia,68,9,12.185,1.58,3.811,27.34,5.47,17.76,0.529,8.374
ZAFNGA,South Africa,Nigeria,80,9,12.175,1.35,4.14,35.52,6.52,18.29,0.375,8.035
THAIND,Thailand,India,85,12,12.11,0.67,2.644,27.5,4.63,19.37,0.471,9.466
USACUB,United States,Cuba,32,3,11.99,2.5,5.5,19.5,6.0,13.602,0.906,6.49
KENSSD,Kenya,South Sudan,96,10,11.96,2.46,4.295,35.51,5.76,16.08,0.292,7.665
KENTZA,Kenya,Tanzania,104,11,11.83,0.46,4.69,35.51,5.948,15.59,0.346,7.14
KENUGA,Kenya,Uganda,108,12,11.81,2.68,4.73,35.51,5.797,15.59,0.333,7.08
ZAFZMB,South Africa,Zambia,145,13,11.16,4.73,5.96,35.09,9.37,16.74,0.379,5.2
GBRGMB,United Kingdom,"Gambia, The",91,10,11.16,7.21,9.38,25.62,10.15,13.23,0.824,1.78
GHANGA,Ghana,Nigeria,28,3,11.1,3.1,7.501,23.82,10.645,12.53,0.143,3.599
GBRAFG,United Kingdom,Afghanistan,21,2,10.96,5.69,8.05,16.09,9.59,13.19,0.381,2.91
ZAFSWZ,South Africa,Eswatini,36,6,10.95,0.0,1.82,31.75,3.19,20.578,0.333,9.13
ZAFLSO,South Africa,Lesotho,44,7,10.765,0.0,1.931,31.75,7.66,16.098,0.455,8.834
ZAFZWE,South Africa,Zimbabwe,156,14,10.54,4.97,5.36,33.89,6.8,15.985,0.462,5.18
ZAFBWA,South Africa,Botswana,117,11,10.43,4.13,6.546,41.44,9.75,19.15,0.333,3.884
USAGUY,United States,Guyana,93,5,9.78,2.53,6.35,13.99,6.8,11.01,0.688,3.43
NZLVUT,New Zealand,Vanuatu,59,6,9.72,2.53,6.156,26.73,7.295,13.505,0.61,3.564
USAAFG,United States,Afghanistan,24,3,9.71,6.87,7.576,12.65,8.852,12.132,0.542,2.134
BRABOL,Brazil,Bolivia,20,6,9.545,1.4,1.448,51.76,5.362,17.09,0.45,8.097
CANGUY,Canada,Guyana,49,4,9.09,3.98,7.456,15.18,8.25,11.07,0.735,1.634
JPNCHN,Japan,China,54,10,8.665,3.57,5.054,60.68,5.6,12.652,0.593,3.611
SAUETH,Saudi Arabia,Ethiopia,15,3,8.66,3.75,3.768,10.19,6.0,9.29,0.533,4.892
USACPV,United States,Cabo Verde,53,4,8.51,0.32,4.336,22.5,5.39,11.97,0.547,4.174
CHEKSV,Switzerland,Kosovo,38,6,8.44,3.17,3.307,29.81,5.72,13.178,0.579,5.133
GBRSSD,United Kingdom,South Sudan,34,4,8.32,4.75,5.89,16.22,6.148,9.792,0.559,2.43
AUSVUT,Australia,Vanuatu,53,7,8.31,3.79,6.066,25.59,6.67,17.97,0.547,2.244
CHEALB,Switzerland,Albania,37,4,8.25,4.41,5.28,20.15,6.59,10.68,0.541,2.97
DEUCHN,Germany,China,64,7,8.16,3.07,3.83,22.97,5.825,12.59,0.656,4.33
AUSLBN,Australia,Lebanon,123,15,8.05,2.39,3.188,26.99,4.03,17.02,0.537,4.862
DEUAFG,Germany,Afghanistan,23,2,7.83,1.65,5.238,14.16,6.705,13.185,0.696,2.592
JORSYR,Jordan,Syrian Arab Republic,36,10,7.64,2.29,3.8,15.86,5.462,10.052,0.0,3.84
ZAFKEN,South Africa,Kenya,141,11,7.63,3.44,4.64,35.15,7.17,11.98,0.376,2.99
DOMHTI,Dominican Republic,Haiti,12,3,7.62,5.76,6.312,8.47,6.615,8.382,0.0,1.308
USALBN,United States,Lebanon,61,7,7.5,2.5,3.0,25.0,6.0,22.5,0.492,4.5
SAUBGD,Saudi Arabia,Bangladesh,36,7,7.48,3.51,4.995,19.82,7.03,13.882,0.333,2.485
USABGD,United States,Bangladesh,87,9,7.47,1.48,4.818,12.5,5.6,8.835,0.782,2.652
JPNBRA,Japan,Brazil,44,8,7.42,2.16,5.784,20.12,6.635,11.11,0.636,1.636
NZLTON,New Zealand,Tonga,122,14,7.41,0.17,3.945,27.29,5.182,9.69,0.525,3.465
SWESOM,Sweden,Somalia,39,3,7.27,5.56,5.708,15.72,5.84,7.4,0.923,1.562
BRAPRY,Brazil,Paraguay,28,4,7.185,1.3,1.984,25.48,5.555,11.245,0.429,5.201
CANKEN,Canada,Kenya,102,9,7.175,0.86,2.733,28.33,4.355,7.99,0.716,4.442
DEUKGZ,Germany,Kyrgyz Republic,29,5,7.14,2.19,2.22,20.49,3.45,11.39,0.586,4.92
NLDSUR,Netherlands,Suriname,43,7,7.14,2.71,4.16,25.0,4.93,10.825,0.558,2.98
ITAETH,Italy,Ethiopia,82,7,7.12,2.44,4.1,14.23,5.47,8.988,0.78,3.02
ZAFIND,South Africa,India,66,8,7.12,3.41,4.32,32.78,5.29,17.232,0.288,2.8
RWAKEN,Rwanda,Kenya,32,6,7.085,2.38,4.606,46.17,6.285,37.272,0.375,2.479
ITASRB,Italy,Serbia,57,7,7.07,2.85,2.85,35.89,3.21,27.5,0.421,4.22
NZLWSM,New Zealand,Samoa,132,13,7.02,0.74,3.94,26.63,4.71,9.105,0.485,3.08
ITAEGY,Italy,"Egypt, Arab Rep.",91,12,6.97,1.28,1.92,36.24,3.52,14.22,0.604,5.05
CANLBN,Canada,Lebanon,38,4,6.965,2.1,4.158,28.33,5.948,11.09,0.632,2.807
USAZAF,United States,South Africa,71,7,6.86,1.72,3.3,12.31,5.34,8.59,0.831,3.56
NLDSOM,Netherlands,Somalia,36,2,6.85,4.28,4.42,7.67,4.472,6.92,1.0,2.43
AUSWSM,Australia,Samoa,66,8,6.845,1.52,1.755,22.91,5.252,10.095,0.667,5.09
USAERI,United States,Eritrea,31,3,6.82,4.5,4.5,8.02,4.9,7.32,0.516,2.32
NZLVNM,New Zealand,Vietnam,142,11,6.795,0.95,2.912,23.18,3.745,9.408,0.556,3.883
USAARM,United States,Armenia,49,5,6.79,0.49,3.938,12.02,4.9,8.0,0.735,2.852
BRAPER,Brazil,Peru,22,5,6.755,1.1,1.98,18.48,4.922,11.375,0.455,4.775
FRASRB,France,Serbia,47,4,6.71,3.57,4.78,14.22,4.89,11.19,0.681,1.93
USATHA,United States,Thailand,105,11,6.62,0.62,2.172,25.0,3.18,9.03,0.705,4.448
QATBGD,Qatar,Bangladesh,16,4,6.54,2.33,2.88,7.87,5.5,7.04,0.25,3.66
AUSTON,Australia,Tonga,70,10,6.48,0.92,2.495,22.49,5.138,9.37,0.686,3.985
OMNBGD,Oman,Bangladesh,36,7,6.48,2.45,2.68,8.22,5.302,6.94,0.0,3.8
USAJAM,United States,Jamaica,79,8,6.43,1.32,2.634,19.01,4.255,7.79,0.671,3.796
DEUHUN,Germany,Hungary,66,5,6.41,1.55,2.91,21.62,4.012,12.685,0.833,3.5
GBRETH,United Kingdom,Ethiopia,74,7,6.41,2.03,2.59,19.37,4.5,8.28,0.784,3.82
AREBGD,United Arab Emirates,Bangladesh,34,7,6.375,1.83,4.186,14.99,5.175,7.71,0.294,2.189
GBRSOM,United Kingdom,Somalia,67,6,6.37,3.89,4.55,18.37,5.08,7.1,0.716,1.82
KORCHN,"Korea, Rep.",China,89,12,6.36,3.03,3.13,10.22,4.34,7.27,0.404,3.23
GBRERI,United Kingdom,Eritrea,53,6,6.34,3.86,4.378,17.25,5.67,8.62,0.566,1.962
JPNTHA,Japan,Thailand,48,9,6.315,2.3,5.221,24.32,5.405,8.245,0.667,1.094
CANRWA,Canada,Rwanda,67,6,6.29,1.94,2.332,11.67,2.86,7.6,0.761,3.958
CANCHN,Canada,China,62,6,6.25,1.41,3.59,11.8,5.53,7.41,0.645,2.66
SWELBN,Sweden,Lebanon,43,4,6.24,2.94,3.166,32.35,4.495,7.76,0.837,3.074
ITABGD,Italy,Bangladesh,139,16,6.21,0.27,2.836,39.12,4.88,8.15,0.683,3.374
GBRALB,United Kingdom,Albania,118,6,6.2,1.77,4.02,20.09,4.67,8.88,0.441,2.18
CHESRB,Switzerland,Serbia,44,3,6.2,0.53,0.66,23.55,3.078,7.915,0.636,5.54
CANGHA,Canada,Ghana,89,8,6.17,1.73,1.922,28.33,4.19,7.98,0.742,4.248
SAUJOR,Saudi Arabia,Jordan,48,8,6.15,3.18,4.171,16.17,4.73,8.238,0.167,1.979
AUTBIH,Austria,Bosnia and Herzegovina,59,7,6.09,1.25,2.678,14.21,4.11,8.43,0.814,3.412
SAUMMR,Saudi Arabia,Myanmar,12,3,6.075,4.21,4.29,33.67,4.792,14.163,0.667,1.785
CANZWE,Canada,Zimbabwe,74,6,6.055,2.1,2.673,28.33,3.62,8.64,0.811,3.382
KENRWA,Kenya,Rwanda,48,6,6.035,1.43,2.78,35.51,2.902,7.02,0.333,3.255
USASOM,United States,Somalia,20,5,6.0,4.0,5.125,6.0,6.0,6.0,0.0,0.875
USASSD,United States,South Sudan,25,5,6.0,3.0,3.0,6.0,3.0,6.0,0.56,3.0
USAJOR,United States,Jordan,83,5,6.0,0.0,3.0,15.28,4.06,7.365,0.602,3.0
USACRI,United States,Costa Rica,108,9,6.0,0.58,0.58,18.74,3.748,7.34,0.787,5.42
USALBR,United States,Liberia,74,6,6.0,0.0,3.0,8.5,5.0,7.5,0.743,3.0
USAETH,United States,Ethiopia,76,8,6.0,1.28,3.0,10.6,3.625,6.605,0.487,3.0
GBRBGR,United Kingdom,Bulgaria,89,5,5.99,1.32,2.026,21.63,3.6,8.76,0.618,3.964
USAVNM,United States,Vietnam,128,9,5.97,0.0,2.649,17.5,4.44,6.0,0.82,3.321
MYSBGD,Malaysia,Bangladesh,131,21,5.96,1.24,3.81,15.81,5.17,8.385,0.573,2.15
USACHN,United States,China,88,8,5.945,1.81,2.609,22.5,3.255,8.038,0.727,3.336
GBRJAM,United Kingdom,Jamaica,83,6,5.94,2.53,3.96,9.16,5.06,7.105,0.711,1.98
GBRZAF,United Kingdom,South Africa,99,9,5.83,2.07,2.39,16.73,4.85,8.0,0.859,3.44
NLDGHA,Netherlands,Ghana,112,8,5.83,0.52,2.412,16.59,3.62,7.762,0.545,3.418
THAKHM,Thailand,Cambodia,87,11,5.83,2.23,2.806,19.91,3.94,16.865,0.46,3.024
SGPBGD,Singapore,Bangladesh,94,11,5.82,1.22,3.109,11.96,4.18,6.85,0.457,2.711
JPNPHL,Japan,Philippines,176,19,5.81,2.06,4.05,65.23,4.638,6.42,0.307,1.76
JPNIND,Japan,India,91,13,5.78,1.22,2.79,29.41,5.055,12.955,0.538,2.99
ZAFMOZ,South Africa,Mozambique,138,12,5.76,2.72,4.027,35.75,4.212,11.295,0.413,1.733
QATEGY,Qatar,"Egypt, Arab Rep.",23,5,5.76,2.53,2.638,8.82,4.535,7.94,0.304,3.122
ITATUN,Italy,Tunisia,88,14,5.71,1.24,2.45,35.88,3.45,6.73,0.705,3.26
SAUAFG,Saudi Arabia,Afghanistan,8,2,5.705,4.09,4.167,7.34,4.47,6.605,0.5,1.538
USABRA,United States,Brazil,118,12,5.67,0.73,2.737,14.09,4.08,9.128,0.746,2.933
CANLKA,Canada,Sri Lanka,45,5,5.64,2.65,3.006,7.91,4.92,6.1,0.711,2.634
USAIDN,United States,Indonesia,99,9,5.64,0.29,3.596,17.5,5.09,8.195,0.778,2.044
GBRRWA,United Kingdom,Rwanda,84,7,5.63,1.76,2.02,34.74,2.49,8.39,0.738,3.61
KORVNM,"Korea, Rep.",Vietnam,107,11,5.61,2.01,3.03,10.1,3.135,6.505,0.495,2.58
USAEGY,United States,"Egypt, Arab Rep.",68,5,5.6,1.75,2.277,13.98,3.068,6.407,0.853,3.323
KWTBGD,Kuwait,Bangladesh,112,8,5.58,0.93,1.56,8.83,4.41,6.2,0.321,4.02
DEULBN,Germany,Lebanon,23,2,5.56,3.0,3.598,12.31,4.575,9.93,0.696,1.962
BELCOD,Belgium,"Congo, Dem. Rep.",72,7,5.555,1.33,1.97,12.67,3.22,7.79,0.583,3.585
CANHTI,Canada,Haiti,61,6,5.53,2.1,4.67,9.06,5.0,6.75,0.656,0.86
USAHTI,United States,Haiti,58,7,5.5,0.0,0.7,11.34,4.22,7.0,0.586,4.8
CANVNM,Canada,Vietnam,82,10,5.465,0.24,2.502,24.18,3.57,7.93,0.756,2.963
SAULBN,Saudi Arabia,Lebanon,8,2,5.455,5.07,5.077,5.62,5.095,5.528,0.5,0.378
AUSZWE,Australia,Zimbabwe,83,8,5.44,2.36,3.904,19.08,4.24,6.68,0.819,1.536
ESPCHN,Spain,China,51,5,5.41,0.18,4.03,23.72,4.09,7.33,0.941,1.38
FRACOM,France,Comoros,60,5,5.4,2.75,2.85,9.22,3.31,5.7,0.6,2.55
CZEVNM,Czechia,Vietnam,70,7,5.395,1.23,2.48,15.37,3.88,10.57,0.7,2.915
BHRBGD,Bahrain,Bangladesh,53,9,5.39,0.38,2.99,9.27,3.96,6.27,0.208,2.4
PRTBRA,Portugal,Brazil,44,4,5.36,1.61,1.634,14.28,3.695,10.82,0.864,3.726
AREJOR,United Arab Emirates,Jordan,24,5,5.29,4.11,4.484,5.86,4.71,5.735,0.167,0.806
CANJAM,Canada,Jamaica,63,8,5.26,2.1,2.788,10.14,4.175,7.065,0.794,2.472
USANPL,United States,Nepal,105,10,5.23,0.76,1.65,10.31,2.47,6.53,0.752,3.58
JPNIDN,Japan,Indonesia,73,14,5.23,1.91,2.51,20.17,2.87,5.75,0.452,2.72
GBRLBN,United Kingdom,Lebanon,63,4,5.19,1.99,3.06,24.59,4.865,8.35,0.794,2.13
NLDTUR,Netherlands,Türkiye,80,9,5.17,2.49,3.533,32.22,3.78,10.64,0.612,1.637
SWECHN,Sweden,China,64,7,5.16,2.61,2.94,18.88,3.74,6.95,0.922,2.22
ITAALB,Italy,Albania,86,11,5.16,0.64,2.85,36.5,3.21,11.79,0.535,2.31
NZLFJI,New Zealand,Fiji,131,14,5.15,0.06,2.67,26.24,3.57,9.335,0.58,2.48
USACOL,United States,Colombia,163,15,5.1,0.34,3.19,17.5,3.895,6.635,0.644,1.91
FRALBN,France,Lebanon,47,4,5.1,2.37,2.46,16.86,4.685,6.35,0.851,2.64
GBRBGD,United Kingdom,Bangladesh,144,10,5.095,0.64,2.41,10.1,3.992,6.87,0.75,2.685
CHLPER,Chile,Peru,28,7,5.0,3.49,4.064,7.03,4.46,5.53,0.0,0.936
FRAHTI,France,Haiti,36,5,4.99,2.35,3.605,19.78,4.535,7.012,0.667,1.385
USAKEN,United States,Kenya,133,10,4.98,0.27,1.66,16.82,2.65,7.04,0.82,3.32
GBRZMB,United Kingdom,Zambia,103,7,4.93,1.25,2.32,15.71,3.06,7.3,0.806,2.61
CHELKA,Switzerland,Sri Lanka,72,5,4.92,2.06,2.8,17.66,3.318,6.15,0.819,2.12
AREIDN,United Arab Emirates,Indonesia,30,6,4.915,1.89,2.167,6.63,4.278,5.472,0.333,2.748
AREYEM,United Arab Emirates,"Yemen, Rep.",24,6,4.91,2.97,2.97,22.71,4.4,5.025,0.0,1.94
FRAMDG,France,Madagascar,59,5,4.88,1.81,2.826,13.71,3.9,6.37,0.814,2.054
USAGHA,United States,Ghana,115,8,4.88,0.32,0.908,18.44,3.22,7.31,0.704,3.972
INDLKA,India,Sri Lanka,38,5,4.83,2.89,4.29,13.68,4.45,8.702,0.579,0.54
NLDIDN,Netherlands,Indonesia,58,7,4.82,1.86,2.36,16.84,3.002,10.125,0.741,2.46
ITABRA,Italy,Brazil,88,12,4.76,0.54,2.173,35.9,2.768,11.7,0.659,2.587
AUTSRB,Austria,Serbia,65,6,4.7,2.05,2.37,16.28,4.44,4.95,0.831,2.33
SAUSDN,Saudi Arabia,Sudan,12,2,4.685,2.92,2.92,32.35,2.935,7.69,0.667,1.765
ITAMAR,Italy,Morocco,137,16,4.68,0.86,2.062,36.16,2.86,6.7,0.613,2.618
USADOM,United States,Dominican Republic,108,12,4.675,0.22,1.5,22.5,3.0,7.995,0.38,3.175
GBRZWE,United Kingdom,Zimbabwe,101,7,4.67,1.63,3.8,13.97,4.5,6.88,0.871,0.87
ESPDOM,Spain,Dominican Republic,57,7,4.65,0.14,1.85,9.53,3.42,6.49,0.754,2.8
USAMEX,United States,Mexico,184,15,4.61,0.39,2.363,17.5,3.49,5.395,0.614,2.247
CMRNGA,Cameroon,Nigeria,8,2,4.575,3.87,3.905,5.66,4.077,5.062,0.0,0.67
ESPHND,Spain,Honduras,66,7,4.57,0.15,2.5,28.6,3.545,5.48,0.742,2.07
ITAECU,Italy,Ecuador,96,12,4.525,1.57,2.5,36.82,2.958,10.472,0.615,2.025
ESPCOL,Spain,Colombia,92,10,4.505,0.15,2.126,28.6,3.598,5.28,0.717,2.379
USANIC,United States,Nicaragua,78,8,4.5,1.01,2.5,11.0,3.525,6.0,0.641,2.0
USAPHL,United States,Philippines,229,14,4.5,0.0,2.15,17.5,3.0,6.0,0.747,2.35
DEUTHA,Germany,Thailand,79,7,4.45,2.12,2.814,30.32,2.905,9.26,0.696,1.636
AUTKSV,Austria,Kosovo,77,7,4.45,0.0,0.0,14.21,2.85,4.99,0.857,4.45
FRACIV,France,Côte d'Ivoire,94,8,4.42,1.03,2.566,7.3,3.222,5.23,0.723,1.854
DEUALB,Germany,Albania,27,3,4.42,3.21,3.494,9.57,3.99,8.395,0.593,0.926
FRATUN,France,Tunisia,84,8,4.42,0.61,2.49,28.24,3.745,5.65,0.619,1.93
GBRLTU,United Kingdom,Lithuania,114,9,4.41,0.61,1.031,25.26,2.002,8.442,0.807,3.379
GBRUGA,United Kingdom,Uganda,134,11,4.4,1.19,1.748,16.39,2.452,7.72,0.91,2.652
GBRSLE,United Kingdom,Sierra Leone,81,8,4.4,1.33,1.37,19.77,3.71,5.48,0.79,3.03
ESPBGR,Spain,Bulgaria,59,5,4.39,0.89,2.44,7.17,3.21,4.92,0.898,1.95
NZLCHN,New Zealand,China,138,9,4.39,0.65,1.811,9.25,2.592,5.89,0.645,2.579
CANPAK,Canada,Pakistan,88,7,4.36,1.28,1.667,10.15,2.742,7.295,0.727,2.693
USAGTM,United States,Guatemala,116,11,4.35,0.88,3.125,11.28,3.52,5.248,0.595,1.225
DEUBIH,Germany,Bosnia and Herzegovina,52,6,4.35,1.96,2.867,16.79,3.56,7.86,0.635,1.483
SGPTHA,Singapore,Thailand,78,11,4.34,0.76,1.157,10.45,1.87,6.7,0.654,3.183
FRACMR,France,Cameroon,89,9,4.33,0.55,1.76,7.21,2.38,5.7,0.876,2.57
ITACHN,Italy,China,54,8,4.32,0.78,2.659,24.78,3.852,5.892,0.778,1.661
NLDMAR,Netherlands,Morocco,101,10,4.32,0.98,1.88,25.18,3.65,5.74,0.653,2.44
FRATGO,France,Togo,66,6,4.29,2.47,2.745,8.33,3.22,5.088,0.636,1.545
BELTUR,Belgium,Türkiye,100,9,4.28,0.12,2.63,12.72,2.92,6.873,0.78,1.65
NLDDOM,Netherlands,Dominican Republic,79,7,4.28,1.84,2.06,15.0,3.155,6.065,0.709,2.22
DEUKSV,Germany,Kosovo,36,7,4.275,0.3,2.49,9.57,2.49,7.86,0.583,1.785
FRACHN,France,China,78,7,4.275,1.05,3.26,18.15,4.0,7.372,0.859,1.015
DEUMAR,Germany,Morocco,123,10,4.27,2.24,3.46,12.39,3.995,5.81,0.74,0.81
GBRTHA,United Kingdom,Thailand,112,8,4.265,1.49,3.392,16.52,3.55,5.35,0.857,0.873
MYSCHN,Malaysia,China,48,10,4.265,2.3,2.437,7.28,2.865,5.692,0.646,1.828
DEUTGO,Germany,Togo,57,5,4.26,1.45,2.58,8.39,2.96,6.38,0.667,1.68
ESPBRA,Spain,Brazil,75,10,4.26,0.18,2.134,10.67,3.335,5.675,0.693,2.126
ITASEN,Italy,Senegal,107,13,4.25,0.41,1.434,35.89,2.21,5.815,0.673,2.816
FRAMLI,France,Mali,58,7,4.23,1.23,2.445,8.87,3.0,4.72,0.586,1.785
FRAIND,France,India,106,12,4.225,1.23,1.54,29.92,1.872,8.325,0.717,2.685
AUSFJI,Australia,Fiji,95,11,4.22,0.18,2.126,21.1,3.185,5.26,0.811,2.094
ESPECU,Spain,Ecuador,67,9,4.21,0.14,2.184,28.62,3.34,5.475,0.627,2.026
ESPBOL,Spain,Bolivia,52,7,4.2,0.14,-3.82,51.32,2.655,7.618,0.673,8.02
DEUGHA,Germany,Ghana,134,7,4.18,0.76,1.309,31.03,1.818,9.532,0.813,2.871
ESPMAR,Spain,Morocco,93,9,4.17,1.79,2.384,39.77,3.57,5.09,0.774,1.786
AUSTHA,Australia,Thailand,79,9,4.16,1.44,1.58,8.67,3.12,5.085,0.81,2.58
GBRCHN,United Kingdom,China,86,6,4.14,0.72,2.57,12.37,3.25,7.5,0.814,1.57
SAUSSD,Saudi Arabia,South Sudan,4,1,4.105,2.99,3.323,4.83,3.823,4.29,0.0,0.782
QATJOR,Qatar,Jordan,20,4,4.055,2.32,2.46,6.66,2.53,5.515,0.2,1.595
CANPHL,Canada,Philippines,168,14,4.045,0.58,2.191,7.4,2.835,5.368,0.679,1.854
USAYEM,United States,"Yemen, Rep.",51,4,4.0,2.0,2.5,7.5,3.0,6.0,0.49,1.5
USAPER,United States,Peru,84,10,4.0,2.0,2.503,12.5,3.0,6.0,0.548,1.497
USASLV,United States,El Salvador,191,14,4.0,0.0,2.0,9.0,3.0,5.5,0.565,2.0
USAPAN,United States,Panama,56,4,4.0,2.45,2.5,11.0,3.0,7.0,0.661,1.5
USAECU,United States,Ecuador,136,12,4.0,0.0,2.625,9.0,3.0,5.0,0.471,1.375
FRAMAR,France,Morocco,157,19,3.99,1.02,2.432,46.35,3.05,4.92,0.764,1.558
BELMAR,Belgium,Morocco,118,11,3.975,1.11,2.479,15.31,3.53,4.95,0.525,1.496
CHEHUN,Switzerland,Hungary,58,4,3.975,0.16,0.81,27.67,1.59,5.745,0.828,3.165
AUTHUN,Austria,Hungary,70,8,3.97,0.83,1.139,21.27,1.6,8.19,0.8,2.831
AUSVNM,Australia,Vietnam,78,11,3.96,0.17,1.984,21.75,2.98,6.443,0.718,1.976
AUTTUR,Austria,Türkiye,121,12,3.92,0.54,2.0,14.59,3.17,5.49,0.843,1.92
NORPOL,Norway,Poland,123,11,3.88,0.64,1.106,14.7,2.05,6.725,0.789,2.774
MYSIDN,Malaysia,Indonesia,165,25,3.88,1.1,2.29,12.25,3.09,6.09,0.479,1.59
SAUIND,Saudi Arabia,India,48,8,3.875,2.68,3.28,13.09,3.51,6.192,0.25,0.595
SAUIDN,Saudi Arabia,Indonesia,40,6,3.86,2.82,2.988,14.53,3.42,4.222,0.3,0.872
AUSSOM,Australia,Somalia,41,5,3.86,1.59,2.95,15.08,2.97,4.06,0.805,0.91
MYSTHA,Malaysia,Thailand,67,10,3.86,1.9,2.752,10.69,3.07,4.515,0.507,1.108
CZEUKR,Czechia,Ukraine,63,8,3.85,0.74,1.626,14.99,2.24,9.165,0.698,2.224
USAHND,United States,Honduras,125,11,3.83,0.08,2.456,7.7,3.14,5.08,0.44,1.374
ITAROU,Italy,Romania,125,14,3.83,0.61,1.3,19.36,2.48,6.04,0.536,2.53
ITAUKR,Italy,Ukraine,110,12,3.82,0.06,1.883,35.89,2.812,11.772,0.655,1.937
GBRVNM,United Kingdom,Vietnam,105,8,3.79,0.73,1.67,17.67,2.85,6.29,0.819,2.12
USAUKR,United States,Ukraine,77,7,3.79,1.09,1.552,11.77,2.96,6.51,0.766,2.238
ITALKA,Italy,Sri Lanka,123,12,3.74,0.6,2.052,39.6,2.5,6.31,0.715,1.688
SGPLKA,Singapore,Sri Lanka,62,8,3.685,0.74,1.595,7.03,2.12,4.065,0.694,2.09
SGPCHN,Singapore,China,65,9,3.66,0.86,0.978,13.4,2.15,6.07,0.554,2.682
PRTCPV,Portugal,Cabo Verde,24,3,3.655,0.45,3.24,7.53,3.29,4.87,0.75,0.415
AUSLKA,Australia,Sri Lanka,95,12,3.64,0.77,1.42,8.93,2.58,4.965,0.695,2.22
CANIND,Canada,India,137,13,3.61,0.86,1.9,28.33,2.4,6.18,0.73,1.71
CANNGA,Canada,Nigeria,52,5,3.59,0.22,1.15,7.44,2.5,4.435,0.75,2.44
GBRPHL,United Kingdom,Philippines,177,10,3.57,0.44,1.398,11.11,2.23,4.78,0.785,2.172
DEUSRB,Germany,Serbia,71,7,3.56,0.0,1.78,28.25,2.79,8.57,0.507,1.78
DEUHRV,Germany,Croatia,77,8,3.56,0.0,0.0,10.64,1.07,4.28,0.558,3.56
DEUBGR,Germany,Bulgaria,94,6,3.56,0.0,1.66,11.78,2.738,4.398,0.809,1.9
DEUMDA,Germany,Moldova,49,5,3.56,2.49,2.76,12.89,3.08,7.14,0.633,0.8
DEUMKD,Germany,North Macedonia,28,3,3.56,0.0,2.49,9.57,3.56,7.5,0.571,1.07
ITAMDA,Italy,Moldova,75,11,3.56,0.64,2.5,35.79,2.78,7.86,0.587,1.06
AUSMYS,Australia,Malaysia,89,9,3.55,0.45,1.116,9.47,2.31,6.3,0.809,2.434
NZLPHL,New Zealand,Philippines,134,11,3.52,0.34,1.136,23.79,2.28,4.29,0.627,2.384
GBRTZA,United Kingdom,Tanzania,106,8,3.51,1.08,-1.27,17.51,1.92,6.68,0.792,4.78
KWTJOR,Kuwait,Jordan,88,6,3.505,2.68,2.73,7.66,3.41,4.55,0.318,0.775
USAIND,United States,India,187,13,3.5,0.42,1.198,17.5,2.34,5.485,0.743,2.302
QATNPL,Qatar,Nepal,27,6,3.49,2.92,3.068,6.55,3.155,3.595,0.148,0.422
NLDNGA,Netherlands,Nigeria,91,6,3.48,0.04,0.19,11.77,0.855,4.515,0.736,3.29
SAUNPL,Saudi Arabia,Nepal,47,8,3.47,2.42,3.08,14.12,3.21,4.015,0.255,0.39
USAPAK,United States,Pakistan,96,7,3.455,0.45,1.535,13.67,2.025,6.358,0.812,1.92
SAUEGY,Saudi Arabia,"Egypt, Arab Rep.",48,7,3.44,2.62,2.784,11.5,2.95,6.098,0.333,0.656
ESPPER,Spain,Peru,60,7,3.44,0.13,1.59,9.53,3.085,4.522,0.767,1.85
AREPHL,United Arab Emirates,Philippines,82,9,3.43,0.73,1.581,5.89,1.86,4.04,0.171,1.849
GBRLKA,United Kingdom,Sri Lanka,109,8,3.42,1.13,1.946,10.07,2.52,4.56,0.706,1.474
GBRBRA,United Kingdom,Brazil,103,11,3.41,0.85,1.414,13.68,2.565,6.725,0.67,1.996
BHREGY,Bahrain,"Egypt, Arab Rep.",24,5,3.39,2.36,2.586,6.56,2.732,5.112,0.333,0.804
QATPHL,Qatar,Philippines,26,6,3.385,0.81,2.055,6.0,2.708,3.887,0.231,1.33
NZLIND,New Zealand,India,153,13,3.36,0.47,1.234,23.9,2.07,5.49,0.549,2.126
GBRKEN,United Kingdom,Kenya,127,10,3.36,0.07,1.69,16.44,2.26,5.465,0.819,1.67
ITAKSV,Italy,Kosovo,38,5,3.355,2.85,2.85,35.89,3.21,9.18,0.421,0.505
AUSPHL,Australia,Philippines,130,15,3.34,0.35,0.942,8.24,2.117,4.068,0.615,2.398
SGPMYS,Singapore,Malaysia,122,20,3.29,0.11,0.971,21.83,1.6,5.065,0.516,2.319
AUSIND,Australia,India,141,23,3.26,0.33,0.93,20.43,1.66,5.4,0.723,2.33
OMNLKA,Oman,Sri Lanka,36,7,3.235,2.26,2.36,4.49,3.052,3.35,0.0,0.875
ESPNGA,Spain,Nigeria,64,6,3.23,0.17,0.598,15.07,1.44,4.11,0.797,2.632
POLUKR,Poland,Ukraine,112,7,3.22,0.1,1.245,15.88,1.9,4.31,0.714,1.975
AUSIDN,Australia,Indonesia,79,12,3.21,0.44,1.21,8.05,2.255,4.315,0.835,2.0
SAUPHL,Saudi Arabia,Philippines,40,6,3.19,2.37,2.689,11.56,2.822,3.69,0.3,0.501
AUSCHN,Australia,China,64,10,3.19,0.11,0.739,15.43,2.145,4.15,0.812,2.451
DEUTUR,Germany,Türkiye,107,8,3.17,0.16,2.524,7.49,2.7,5.72,0.804,0.646
SAULKA,Saudi Arabia,Sri Lanka,39,6,3.15,2.18,2.71,3.96,3.05,3.36,0.308,0.44
OMNIND,Oman,India,44,8,3.125,1.78,2.34,3.82,2.92,3.685,0.0,0.785
QATIND,Qatar,India,30,6,3.115,1.1,1.145,4.81,2.673,3.57,0.333,1.97
GBRROU,United Kingdom,Romania,99,6,3.11,0.24,1.106,14.03,1.53,4.28,0.848,2.004
FRASEN,France,Senegal,97,9,3.09,0.91,1.406,6.05,2.45,4.66,0.753,1.684
SAUPAK,Saudi Arabia,Pakistan,48,8,3.06,0.61,1.194,13.95,2.55,5.95,0.25,1.866
AREEGY,United Arab Emirates,"Egypt, Arab Rep.",61,9,3.06,0.46,2.38,9.87,2.65,3.73,0.23,0.68
AREIND,United Arab Emirates,India,91,12,3.06,0.75,1.59,21.06,2.285,3.225,0.253,1.47
PRTMOZ,Portugal,Mozambique,56,4,3.055,0.12,2.005,11.87,2.09,7.405,0.893,1.05
OMNNPL,Oman,Nepal,20,5,3.035,2.14,2.404,3.6,2.92,3.152,0.0,0.631
FRAVNM,France,Vietnam,72,6,3.03,0.94,2.224,17.95,2.81,6.877,0.833,0.806
ESPPHL,Spain,Philippines,104,7,3.02,1.26,1.97,8.41,2.352,3.698,0.875,1.05
ARESSD,United Arab Emirates,South Sudan,12,2,2.97,1.7,2.523,4.67,2.685,3.87,0.333,0.447
ARENPL,United Arab Emirates,Nepal,66,10,2.965,0.89,1.63,6.1,2.62,3.88,0.273,1.335
SWEIND,Sweden,India,101,9,2.96,0.69,0.8,50.72,2.41,8.03,0.802,2.16
DEUTJK,Germany,Tajikistan,25,4,2.95,0.0,0.56,6.39,1.79,3.46,1.0,2.39
JPNVNM,Japan,Vietnam,72,11,2.92,2.19,2.532,20.14,2.715,3.39,0.333,0.388
ITAIND,Italy,India,86,10,2.89,0.39,0.83,19.36,1.618,3.97,0.698,2.06
OMNJOR,Oman,Jordan,16,3,2.88,2.57,2.695,4.05,2.83,2.98,0.0,0.185
DEUIND,Germany,India,98,11,2.87,0.51,1.44,30.2,2.11,10.11,0.765,1.43
AUTHRV,Austria,Croatia,83,8,2.85,0.0,0.28,10.5,1.45,4.28,0.795,2.57
QATLKA,Qatar,Sri Lanka,27,5,2.84,0.29,-1.49,3.62,1.165,3.065,0.296,4.33
ITAPHL,Italy,Philippines,137,13,2.83,0.51,1.368,34.26,2.3,4.05,0.715,1.462
MYSNPL,Malaysia,Nepal,74,11,2.825,1.88,2.22,7.01,2.342,3.31,0.568,0.605
DEUUKR,Germany,Ukraine,64,7,2.81,0.0,1.81,10.64,2.14,4.24,0.828,1.0
MYSVNM,Malaysia,Vietnam,69,8,2.8,1.66,2.3,12.25,2.46,3.71,0.464,0.5
USANGA,United States,Nigeria,97,6,2.8,0.01,-0.082,10.36,1.09,4.76,0.732,2.882
SGPIDN,Singapore,Indonesia,129,20,2.78,0.19,1.356,10.45,2.13,4.66,0.419,1.424
KWTEGY,Kuwait,"Egypt, Arab Rep.",100,7,2.775,2.08,2.25,7.06,2.5,2.98,0.36,0.525
DEUROU,Germany,Romania,159,14,2.76,0.0,0.29,11.74,1.33,4.36,0.604,2.47
CRINIC,Costa Rica,Nicaragua,36,5,2.75,2.75,2.75,20.0,2.75,5.0,0.111,0.0
KWTPHL,Kuwait,Philippines,120,8,2.75,1.26,2.22,3.5,2.53,2.95,0.3,0.53
ESPROU,Spain,Romania,73,7,2.72,0.03,1.474,19.54,2.48,4.6,0.795,1.246
DEUVNM,Germany,Vietnam,122,7,2.68,1.26,2.083,15.49,2.508,4.61,0.918,0.597
GBRNPL,United Kingdom,Nepal,103,7,2.64,0.77,1.58,12.35,1.59,4.05,0.796,1.06
SGPIND,Singapore,India,117,16,2.64,0.26,0.71,10.45,1.11,3.25,0.667,1.93
BHRIND,Bahrain,India,44,7,2.635,0.24,1.938,4.14,2.398,3.322,0.159,0.697
SGPPHL,Singapore,Philippines,152,20,2.62,0.73,1.393,21.24,2.03,3.142,0.533,1.227
MYSPHL,Malaysia,Philippines,155,23,2.61,1.27,1.794,9.98,2.05,4.575,0.497,0.816
CIVMLI,Côte d'Ivoire,Mali,34,6,2.58,1.34,1.5,16.13,1.5,4.12,0.353,1.08
OMNPAK,Oman,Pakistan,16,4,2.57,0.94,-0.06,3.74,1.698,2.92,0.0,2.63
JORPSE,Jordan,West Bank and Gaza,48,13,2.54,1.43,1.79,7.14,2.14,5.0,0.0,0.75
DEUNGA,Germany,Nigeria,100,10,2.51,0.21,0.73,29.66,1.49,6.582,0.78,1.78
FRADZA,France,Algeria,4,2,2.505,2.45,2.462,45.13,2.48,13.172,0.75,0.043
ARELKA,United Arab Emirates,Sri Lanka,70,9,2.5,0.25,1.406,6.6,1.918,2.73,0.2,1.094
GBRIND,United Kingdom,India,117,13,2.46,0.15,1.21,6.63,1.53,3.04,0.744,1.25
BELDZA,Belgium,Algeria,15,2,2.44,1.09,1.09,2.52,1.48,2.485,1.0,1.35
SAUYEM,Saudi Arabia,"Yemen, Rep.",32,4,2.4,0.77,1.53,4.78,2.3,2.4,0.5,0.87
GBRGHA,United Kingdom,Ghana,159,13,2.33,0.01,0.62,42.5,0.99,5.7,0.874,1.71
QATSDN,Qatar,Sudan,14,3,2.28,2.19,-15.751,33.69,2.21,19.96,0.286,18.031
MYSIND,Malaysia,India,82,14,2.16,1.2,1.599,14.94,1.945,3.305,0.683,0.561
KWTIND,Kuwait,India,120,10,2.13,1.28,1.677,3.19,1.99,2.47,0.3,0.453
GBRNGA,United Kingdom,Nigeria,88,9,2.12,0.01,0.11,8.16,0.55,5.04,0.773,2.01
JOREGY,Jordan,"Egypt, Arab Rep.",52,14,2.09,1.29,1.516,4.29,1.57,2.905,0.0,0.574
GBRPOL,United Kingdom,Poland,130,10,1.935,0.01,0.326,13.23,1.095,4.535,0.738,1.609
NORPAK,Norway,Pakistan,169,12,1.91,0.07,0.756,9.65,1.03,3.95,0.846,1.154
ITANGA,Italy,Nigeria,88,10,1.895,0.01,0.01,35.83,0.808,4.752,0.727,1.885
AUSPAK,Australia,Pakistan,106,9,1.79,0.05,0.135,7.52,1.14,2.665,0.755,1.655
INDNPL,India,Nepal,90,8,1.65,0.43,0.449,13.68,0.55,4.722,0.289,1.201
SGPPAK,Singapore,Pakistan,51,4,1.51,0.63,0.73,12.59,1.295,3.56,0.863,0.78
GBRPAK,United Kingdom,Pakistan,128,8,1.495,0.05,0.026,9.28,0.35,2.692,0.781,1.469
MYSMMR,Malaysia,Myanmar,37,4,1.22,0.05,0.01,29.7,0.41,27.21,0.541,1.21
KWTPAK,Kuwait,Pakistan,84,6,0.28,0.01,-1.49,2.93,-0.03,0.732,0.333,1.77
QATPAK,Qatar,Pakistan,23,4,0.22,0.05,-0.5,3.86,-0.315,2.565,0.174,0.72
AREPAK,United Arab Emirates,Pakistan,66,11,0.175,0.03,-0.34,11.9,-0.05,2.5,0.212,0.515
BHRPAK,Bahrain,Pakistan,34,5,0.085,0.0,-0.216,2.73,-0.008,1.342,0.235,0.301
