period,quotes,corridors,mean_total,median_total,mean_fee,mean_fx,panel_pairs,panel_median,panel_mean
2011_1Q,2328,199,8.758,7.0,6.826,1.932,,,
2011_3Q,2363,213,8.983,7.15,6.842,2.142,,,
2012_1Q,2350,208,8.779,7.0,6.676,2.103,,,
2012_3Q,2589,219,8.713,7.01,6.686,2.027,,,
2013_1Q,2640,220,8.768,7.015,6.665,2.103,,,
2013_2Q,2648,220,8.577,7.0,6.638,1.939,,,
2013_3Q,2651,219,8.702,7.14,6.575,2.127,,,
2013_4Q,2622,218,8.354,6.79,6.309,2.045,,,
2014_1Q,2611,216,7.813,6.53,5.9,1.914,,,
2014_2Q,2564,211,8.184,6.675,6.322,1.862,,,
2014_3Q,2519,211,7.941,6.5,6.11,1.831,,,
2014_4Q,2627,225,7.801,6.25,5.96,1.842,,,
2015_1Q,2622,226,7.538,6.16,5.718,1.819,,,
2015_2Q,2603,227,7.474,6.15,5.557,1.916,,,
2015_3Q,2640,227,7.317,6.075,5.523,1.794,,,
2015_4Q,3256,300,7.223,5.98,5.421,1.802,,,
2016_1Q,3272,300,7.383,6.0,5.467,1.916,,,
2016_2Q,3744,361,7.437,6.0,5.505,1.932,2444.0,6.5,8.006
2016_3Q,3768,360,7.274,5.95,5.4,1.874,2411.0,6.58,7.888
2016_4Q,3743,360,7.255,5.93,5.349,1.906,2398.0,6.535,7.847
2017_1Q,3756,361,7.288,5.86,5.367,1.921,2404.0,6.465,7.892
2017_2Q,3909,361,7.207,5.73,5.278,1.929,2415.0,6.5,7.943
2017_3Q,3975,361,7.103,5.7,5.161,1.942,2420.0,6.51,7.891
2017_4Q,3998,361,7.016,5.71,4.977,2.038,2445.0,6.48,7.802
2018_1Q,4020,361,7.057,5.8,4.997,2.06,2461.0,6.53,7.852
2018_2Q,4098,361,6.916,5.65,4.889,2.028,2514.0,6.37,7.695
2018_3Q,4243,360,6.873,5.64,4.822,2.05,2611.0,6.4,7.629
2018_4Q,4461,360,6.953,5.75,4.726,2.227,2749.0,6.38,7.613
2019_1Q,4585,363,6.88,5.5,4.703,2.177,2799.0,6.28,7.572
2019_2Q,4763,363,6.786,5.49,4.62,2.166,2863.0,6.14,7.516
2019_3Q,4943,363,6.797,5.45,4.529,2.267,2980.0,6.1,7.539
2019_4Q,5004,363,6.774,5.36,4.56,2.214,3008.0,6.015,7.532
2020_1Q,5042,367,6.741,5.29,4.521,2.221,3010.0,5.805,7.448
2020_2Q,4727,367,6.625,5.08,4.446,2.179,2989.0,5.66,7.338
2020_3Q,4778,367,6.705,5.21,4.411,2.294,3044.0,5.66,7.357
2020_4Q,4765,367,6.471,5.0,4.35,2.121,3054.0,5.425,7.134
2021_1Q,4732,363,6.346,4.83,4.243,2.103,3076.0,5.26,6.963
2021_2Q,5446,364,6.284,4.86,4.076,2.208,3392.0,5.3,6.91
2021_3Q,5629,363,6.251,4.92,4.037,2.214,3524.0,5.285,6.806
2021_4Q,5836,364,5.999,4.71,3.837,2.163,3354.0,5.29,6.778
2022_1Q,5941,348,6.081,4.78,3.977,2.104,3374.0,5.26,6.802
2022_2Q,5886,351,6.01,4.67,3.957,2.053,3330.0,5.015,6.672
2022_3Q,5700,349,6.302,4.74,3.982,2.32,3325.0,4.92,6.842
2022_4Q,7600,350,6.241,4.69,3.868,2.372,4313.0,5.1,6.919
2023_1Q,7581,351,6.251,4.68,3.934,2.316,4306.0,5.08,6.938
2023_2Q,7580,351,6.196,4.75,4.07,2.125,4320.0,5.19,6.973
2023_3Q,7536,351,6.183,4.82,3.92,2.262,4324.0,5.165,6.706
2023_4Q,7588,350,6.386,4.76,3.993,2.392,4331.0,5.11,6.903
2024_1Q,7467,349,6.352,4.69,4.128,2.223,4315.0,5.0,6.825
2024_2Q,7317,348,6.65,4.96,4.248,2.402,4286.0,5.265,7.127
2024_3Q,6635,348,6.622,4.9,4.387,2.235,4224.0,5.36,7.167
2024_4Q,6653,348,6.262,4.54,4.357,1.904,4235.0,5.0,6.745
2025_1Q,6646,348,6.492,4.52,4.47,2.022,4263.0,4.93,6.877
2025_3Q,6469,348,6.363,4.13,4.436,1.926,3871.0,4.33,6.808
