source_name,quotes,corridors,median_total
Côte d'Ivoire,34,1,2.58
Kuwait,624,6,2.7
Costa Rica,36,1,2.75
Bahrain,155,4,2.85
Jordan,136,3,2.86
Norway,292,2,2.98
Singapore,870,9,3.04
United Arab Emirates,576,12,3.06
Oman,168,6,3.1
Poland,112,1,3.22
Qatar,206,9,3.235
Malaysia,828,9,3.525
Saudi Arabia,489,17,3.86
Germany,1707,24,3.89
Australia,1392,16,3.97
Belgium,305,4,4.05
Spain,913,13,4.08
Portugal,124,3,4.09
Austria,475,6,4.28
India,128,2,4.34
Italy,1807,19,4.35
France,1154,16,4.42
United Kingdom,3302,33,4.42
Czechia,133,2,4.43
Cameroon,8,1,4.575
Netherlands,600,8,4.615
Chile,28,1,5.0
United States,3961,42,5.09
Canada,1177,15,5.33
New Zealand,1011,8,5.34
Sweden,247,4,5.62
Japan,558,7,5.65
Switzerland,249,5,5.73
"Korea, Rep.",196,2,6.12
Rwanda,32,1,7.085
Brazil,70,3,7.35
Dominican Republic,12,1,7.62
South Africa,1184,13,10.555
Ghana,28,1,11.1
Kenya,356,4,11.77
Angola,7,1,12.88
Israel,12,1,13.785
Thailand,524,7,14.08
Senegal,23,1,26.88
Türkiye,48,1,67.2
Tanzania,106,3,73.34
