period,transparency_coding_era,quotes,flag_no,note_not_transparent,margin_not_disclosed,complete_cost_eligible
2011_1Q,stable (to 2020_4Q),2603,0.1026,0.0987,0.103,0.8944
2011_3Q,stable (to 2020_4Q),2668,0.1102,0.1109,0.1109,0.8857
2012_1Q,stable (to 2020_4Q),2638,0.1046,0.1046,0.1046,0.8908
2012_3Q,stable (to 2020_4Q),2907,0.1001,0.0984,0.1004,0.8906
2013_1Q,stable (to 2020_4Q),2924,0.0934,0.0934,0.0934,0.9029
2013_2Q,stable (to 2020_4Q),2948,0.0896,0.0896,0.0902,0.8982
2013_3Q,stable (to 2020_4Q),2941,0.0894,0.0867,0.0894,0.9014
2013_4Q,stable (to 2020_4Q),2904,0.0888,0.0875,0.0888,0.9029
2014_1Q,stable (to 2020_4Q),2983,0.0929,0.0902,0.0929,0.8753
2014_2Q,stable (to 2020_4Q),2951,0.0884,0.0868,0.0884,0.8689
2014_3Q,stable (to 2020_4Q),2890,0.0858,0.0844,0.0858,0.8716
2014_4Q,stable (to 2020_4Q),2881,0.0868,0.085,0.0868,0.9118
2015_1Q,stable (to 2020_4Q),2821,0.0688,0.0674,0.0688,0.9295
2015_2Q,stable (to 2020_4Q),2794,0.0659,0.0641,0.0659,0.9316
2015_3Q,stable (to 2020_4Q),2831,0.065,0.0632,0.065,0.9325
2015_4Q,stable (to 2020_4Q),3397,0.0406,0.0406,0.0406,0.9585
2016_1Q,stable (to 2020_4Q),3410,0.0396,0.0396,0.0396,0.9595
2016_2Q,stable (to 2020_4Q),3905,0.0387,0.0387,0.0387,0.9588
2016_3Q,stable (to 2020_4Q),3958,0.044,0.044,0.044,0.952
2016_4Q,stable (to 2020_4Q),3932,0.0445,0.0448,0.0448,0.9519
2017_1Q,stable (to 2020_4Q),3954,0.044,0.0443,0.0448,0.9499
2017_2Q,stable (to 2020_4Q),4093,0.0425,0.0425,0.0425,0.955
2017_3Q,stable (to 2020_4Q),4174,0.0441,0.0441,0.0441,0.9523
2017_4Q,stable (to 2020_4Q),4185,0.0418,0.0418,0.0421,0.9553
2018_1Q,stable (to 2020_4Q),4217,0.0436,0.0436,0.0439,0.9533
2018_2Q,stable (to 2020_4Q),4270,0.0384,0.0377,0.0384,0.9597
2018_3Q,stable (to 2020_4Q),4423,0.0382,0.0384,0.0387,0.9593
2018_4Q,stable (to 2020_4Q),4637,0.0356,0.0349,0.0358,0.962
2019_1Q,stable (to 2020_4Q),4757,0.0341,0.0341,0.0341,0.9638
2019_2Q,stable (to 2020_4Q),4952,0.0366,0.0345,0.0366,0.9618
2019_3Q,stable (to 2020_4Q),5123,0.0334,0.0316,0.0334,0.9649
2019_4Q,stable (to 2020_4Q),5176,0.0309,0.0298,0.0309,0.9668
2020_1Q,stable (to 2020_4Q),5197,0.0285,0.0283,0.0285,0.9702
2020_2Q,stable (to 2020_4Q),4878,0.0295,0.0295,0.0295,0.969
2020_3Q,stable (to 2020_4Q),4912,0.0261,0.0261,0.0261,0.9727
2020_4Q,stable (to 2020_4Q),4897,0.0255,0.0255,0.0257,0.973
2021_1Q,transition (2021_1Q-2022_1Q),4871,0.0273,0.0265,0.0273,0.9715
2021_2Q,transition (2021_1Q-2022_1Q),5507,0.0105,0.0104,0.0105,0.9889
2021_3Q,transition (2021_1Q-2022_1Q),5746,0.0056,0.0191,0.0195,0.9796
2021_4Q,transition (2021_1Q-2022_1Q),5986,0.005,0.0232,0.0232,0.9749
2022_1Q,transition (2021_1Q-2022_1Q),6034,0.0,0.0138,0.0138,0.9846
2022_2Q,post-transition (from 2022_2Q),5892,0.0,0.0,0.0,0.999
2022_3Q,post-transition (from 2022_2Q),5704,0.0,0.0,0.0,0.9993
2022_4Q,post-transition (from 2022_2Q),7608,0.0,0.0,0.0,0.9989
2023_1Q,post-transition (from 2022_2Q),7582,0.0,0.0,0.0,0.9999
2023_2Q,post-transition (from 2022_2Q),7581,0.0,0.0,0.0,0.9999
2023_3Q,post-transition (from 2022_2Q),7537,0.0,0.0,0.0,0.9999
2023_4Q,post-transition (from 2022_2Q),7588,0.0,0.0,0.0,1.0
2024_1Q,post-transition (from 2022_2Q),7467,0.0,0.0,0.0,1.0
2024_2Q,post-transition (from 2022_2Q),7318,0.0,0.0,0.0,0.9999
2024_3Q,post-transition (from 2022_2Q),6636,0.0,0.0,0.0,0.9998
2024_4Q,post-transition (from 2022_2Q),6655,0.0,0.0,0.0,0.9997
2025_1Q,post-transition (from 2022_2Q),6647,0.0,0.0,0.0,0.9998
2025_3Q,post-transition (from 2022_2Q),6470,0.0,0.0,0.0,0.9998
