corridor_key,Digital only,Physical only,gap_pp
AREBGD,9.035,6.225,-2.81
AREEGY,2.505,3.17,0.665
AREIDN,4.95,4.845,-0.105
AREIND,1.65,3.06,1.41
AREJOR,5.13,5.54,0.41
ARELKA,1.415,2.5,1.085
ARENPL,3.85,2.95,-0.9
AREPAK,2.845,0.05,-2.795
AREPHL,1.78,3.43,1.65
ARESSD,2.575,3.32,0.745
AUSCHN,3.21,2.9,-0.31
AUSFJI,3.92,5.29,1.37
AUSIDN,2.98,4.33,1.35
AUSIND,2.53,5.4,2.87
AUSLBN,4.25,17.43,13.18
AUSLKA,3.085,4.83,1.745
AUSMYS,2.97,5.37,2.4
AUSPAK,1.75,2.66,0.91
AUSPHL,3.0,3.485,0.485
AUSSOM,3.83,5.82,1.99
AUSTHA,3.65,6.55,2.9
AUSTON,6.325,6.975,0.65
AUSVNM,3.395,6.825,3.43
AUSVUT,6.9,18.07,11.17
AUSWSM,6.14,8.845,2.705
AUSZWE,5.075,7.11,2.035
AUTBIH,4.71,11.58,6.87
AUTHRV,2.85,2.78,-0.07
AUTHUN,3.97,2.78,-1.19
AUTKSV,2.85,6.24,3.39
AUTSRB,4.67,6.57,1.9
AUTTUR,3.59,6.2,2.61
BELCOD,3.425,6.705,3.28
BELMAR,3.79,4.685,0.895
BELTUR,4.12,4.94,0.82
BHRBGD,5.25,5.46,0.21
BHREGY,2.795,4.215,1.42
BHRIND,2.32,2.7,0.38
BHRPAK,1.165,0.045,-1.12
BRABOL,6.22,9.69,3.47
BRAPER,4.92,10.67,5.75
BRAPRY,4.905,8.14,3.235
CANCHN,5.65,7.76,2.11
CANGHA,5.595,8.55,2.955
CANGUY,8.74,11.1,2.36
CANHTI,5.25,8.05,2.8
CANIND,2.815,6.91,4.095
CANJAM,5.04,9.24,4.2
CANKEN,5.51,8.83,3.32
CANLBN,6.05,11.635,5.585
CANLKA,5.24,6.83,1.59
CANNGA,3.46,4.51,1.05
CANPAK,3.75,7.095,3.345
CANPHL,3.315,5.565,2.25
CANRWA,5.79,8.74,2.95
CANVNM,4.2,7.07,2.87
CANZWE,5.095,10.985,5.89
CHEALB,7.11,8.93,1.82
CHEHUN,3.355,11.85,8.495
CHEKSV,8.27,8.735,0.465
CHELKA,4.29,8.92,4.63
CHESRB,4.595,8.86,4.265
CIVMLI,1.5,3.675,2.175
CRINIC,5.0,2.75,-2.25
CZEUKR,3.13,8.97,5.84
CZEVNM,4.05,12.52,8.47
DEUAFG,7.78,13.54,5.76
DEUALB,4.04,9.23,5.19
DEUBGR,3.56,8.57,5.01
DEUBIH,4.09,8.93,4.84
DEUCHN,6.515,14.25,7.735
DEUGHA,2.98,9.45,6.47
DEUHRV,3.56,1.07,-2.49
DEUHUN,6.41,11.33,4.92
DEUIND,2.78,22.32,19.54
DEUKGZ,5.9,18.69,12.79
DEUKSV,3.56,7.86,4.3
DEULBN,5.02,12.03,7.01
DEUMAR,4.11,5.985,1.875
DEUMDA,3.5,9.19,5.69
DEUMKD,3.56,7.68,4.12
DEUNGA,1.905,7.19,5.285
DEUROU,3.4,1.43,-1.97
DEUSRB,3.32,8.57,5.25
DEUTGO,3.115,6.5,3.385
DEUTHA,2.98,12.81,9.83
DEUTUR,2.92,4.78,1.86
DEUUKR,2.77,7.62,4.85
DEUVNM,2.68,11.735,9.055
ESPBGR,4.39,4.65,0.26
ESPBOL,3.76,4.66,0.9
ESPBRA,4.28,4.26,-0.02
ESPCHN,5.185,23.06,17.875
ESPCOL,4.12,4.775,0.655
ESPDOM,4.75,4.155,-0.595
ESPECU,4.12,5.04,0.92
ESPHND,4.37,4.97,0.6
ESPMAR,3.885,5.09,1.205
ESPNGA,2.87,4.29,1.42
ESPPER,3.095,4.075,0.98
ESPPHL,2.93,4.16,1.23
ESPROU,2.6,5.06,2.46
FRACHN,4.05,13.81,9.76
FRACIV,4.27,4.675,0.405
FRACMR,4.3,5.85,1.55
FRACOM,3.48,5.71,2.23
FRADZA,2.49,45.13,42.64
FRAHTI,4.72,7.105,2.385
FRAIND,2.28,8.72,6.44
FRALBN,5.05,13.05,8.0
FRAMAR,3.97,5.13,1.16
FRAMDG,4.615,8.97,4.355
FRAMLI,3.06,4.635,1.575
FRASEN,2.96,4.66,1.7
FRASRB,4.9,10.54,5.64
FRATGO,3.67,5.14,1.47
FRATUN,4.23,4.87,0.64
FRAVNM,2.905,9.48,6.575
GBRAFG,9.825,11.75,1.925
GBRALB,4.725,8.445,3.72
GBRBGD,5.405,3.33,-2.075
GBRBGR,5.15,12.33,7.18
GBRBRA,2.8,6.465,3.665
GBRCHN,4.07,8.95,4.88
GBRERI,5.845,8.71,2.865
GBRETH,4.97,9.45,4.48
GBRGHA,1.84,6.07,4.23
GBRGMB,10.61,14.67,4.06
GBRIND,2.42,2.66,0.24
GBRJAM,5.51,6.93,1.42
GBRKEN,2.715,5.72,3.005
GBRLBN,4.965,9.85,4.885
GBRLKA,2.89,4.37,1.48
GBRLTU,3.94,12.49,8.55
GBRNGA,1.225,4.71,3.485
GBRNPL,2.16,3.48,1.32
GBRPAK,1.3,1.94,0.64
GBRPHL,3.13,5.315,2.185
GBRPOL,1.75,6.63,4.88
GBRROU,2.89,11.5,8.61
GBRRWA,4.26,7.815,3.555
GBRSLE,4.15,5.48,1.33
GBRSOM,5.47,8.7,3.23
GBRSSD,6.23,10.9,4.67
GBRTHA,4.28,4.26,-0.02
GBRTZA,2.54,8.16,5.62
GBRUGA,4.4,9.94,5.54
GBRVNM,3.64,6.64,3.0
GBRZAF,5.72,11.805,6.085
GBRZMB,3.71,7.3,3.59
GBRZWE,4.63,9.9,5.27
GHANGA,9.105,11.1,1.995
INDLKA,4.83,6.4,1.57
INDNPL,4.705,1.105,-3.6
ITAALB,4.17,15.48,11.31
ITABGD,6.13,7.725,1.595
ITABRA,3.09,12.8,9.71
ITACHN,4.06,19.095,15.035
ITAECU,3.2,18.86,15.66
ITAEGY,3.7,13.57,9.87
ITAETH,6.31,9.88,3.57
ITAIND,2.28,4.54,2.26
ITAKSV,3.03,7.14,4.11
ITALKA,2.975,6.56,3.585
ITAMAR,3.675,9.37,5.695
ITAMDA,2.85,10.0,7.15
ITANGA,1.46,6.26,4.8
ITAPHL,2.5,5.66,3.16
ITAROU,2.68,5.29,2.61
ITASEN,3.02,19.34,16.32
ITASRB,3.03,27.5,24.47
ITATUN,5.58,7.605,2.025
ITAUKR,2.85,17.86,15.01
JPNBRA,7.65,7.42,-0.23
JPNCHN,8.73,7.03,-1.7
JPNIDN,5.46,5.085,-0.375
JPNIND,6.05,5.78,-0.27
JPNPHL,4.94,5.82,0.88
JPNTHA,6.17,7.14,0.97
JPNVNM,3.065,2.81,-0.255
KENRWA,6.42,5.69,-0.73
KENSSD,12.055,11.905,-0.15
KENTZA,11.77,11.905,0.135
KENUGA,11.77,11.83,0.06
KORCHN,4.3,6.5,2.2
KORVNM,4.3,6.495,2.195
KWTBGD,5.62,5.4,-0.22
KWTEGY,2.655,2.78,0.125
KWTIND,2.11,2.13,0.02
KWTJOR,3.84,3.48,-0.36
KWTPAK,0.37,0.24,-0.13
KWTPHL,2.56,2.755,0.195
MYSBGD,5.64,6.36,0.72
MYSCHN,4.54,4.01,-0.53
MYSIDN,3.53,4.055,0.525
MYSIND,2.4,2.025,-0.375
MYSMMR,0.95,1.52,0.57
MYSNPL,2.875,2.47,-0.405
MYSPHL,2.16,3.175,1.015
MYSTHA,3.115,4.28,1.165
MYSVNM,2.79,3.49,0.7
NLDDOM,4.15,8.95,4.8
NLDGHA,4.25,6.34,2.09
NLDIDN,3.25,10.71,7.46
NLDMAR,4.315,5.69,1.375
NLDNGA,3.13,4.555,1.425
NLDSUR,5.655,10.71,5.055
NLDTUR,3.95,10.71,6.76
NORPAK,1.56,7.98,6.42
NORPOL,3.41,10.89,7.48
NZLCHN,3.93,5.63,1.7
NZLFJI,4.05,8.88,4.83
NZLIND,2.885,3.89,1.005
NZLPHL,2.925,4.06,1.135
NZLTON,7.32,7.76,0.44
NZLVNM,5.58,8.95,3.37
NZLVUT,8.475,15.25,6.775
NZLWSM,7.28,6.425,-0.855
POLUKR,2.96,5.335,2.375
PRTBRA,4.85,12.685,7.835
PRTCPV,3.3,7.505,4.205
PRTMOZ,3.04,9.745,6.705
QATBGD,7.005,6.38,-0.625
QATEGY,2.9,6.71,3.81
QATIND,2.455,3.135,0.68
QATJOR,2.48,4.525,2.045
QATLKA,1.655,2.87,1.215
QATNPL,6.525,3.46,-3.065
QATPAK,3.35,0.05,-3.3
QATPHL,2.185,3.425,1.24
QATSDN,19.28,2.255,-17.025
RWAKEN,6.49,12.47,5.98
SAUAFG,6.62,4.38,-2.24
SAUBGD,7.135,10.29,3.155
SAUEGY,3.055,3.85,0.795
SAUETH,7.385,8.66,1.275
SAUIDN,3.87,3.86,-0.01
SAUIND,3.86,3.875,0.015
SAUJOR,6.49,6.15,-0.34
SAULBN,5.515,5.09,-0.425
SAULKA,3.15,3.15,0.0
SAUMMR,7.435,5.04,-2.395
SAUNPL,3.175,3.68,0.505
SAUPAK,1.21,3.305,2.095
SAUPHL,3.135,3.19,0.055
SAUSDN,4.765,2.93,-1.835
SAUYEM,2.3,2.4,0.1
SENMLI,1.5,29.03,27.53
SGPBGD,6.37,5.43,-0.94
SGPCHN,4.095,2.7,-1.395
SGPIDN,2.695,2.91,0.215
SGPIND,2.71,2.0,-0.71
SGPLKA,3.91,3.23,-0.68
SGPMYS,2.84,4.45,1.61
SGPPAK,1.51,11.71,10.2
SGPPHL,2.88,2.53,-0.35
SGPTHA,4.34,4.34,0.0
SWECHN,4.48,8.66,4.18
SWEIND,2.83,14.86,12.03
SWELBN,4.67,17.65,12.98
SWESOM,7.26,10.56,3.3
THACHN,5.79,19.0,13.21
THAIDN,5.74,17.16,11.42
THAIND,6.82,16.84,10.02
THAKHM,5.78,15.93,10.15
THALAO,11.39,16.905,5.515
THAMMR,14.08,16.925,2.845
THAVNM,8.22,16.885,8.665
TURBGR,93.4,35.34,-58.06
TZAKEN,10.89,84.27,73.38
TZARWA,9.535,73.515,63.98
TZAUGA,73.755,74.58,0.825
USAAFG,8.94,12.1,3.16
USAARM,6.79,9.76,2.97
USABGD,7.465,7.69,0.225
USABRA,5.39,7.08,1.69
USACHN,4.33,7.0,2.67
USACOL,5.32,4.405,-0.915
USACPV,5.83,11.605,5.775
USACRI,5.58,7.0,1.42
USACUB,12.38,6.0,-6.38
USADOM,6.71,3.78,-2.93
USAECU,4.5,4.0,-0.5
USAEGY,5.65,3.27,-2.38
USAERI,7.32,4.9,-2.42
USAETH,6.0,6.0,0.0
USAGHA,4.71,5.655,0.945
USAGTM,4.17,4.53,0.36
USAGUY,8.82,9.78,0.96
USAHND,3.58,3.925,0.345
USAHTI,5.5,5.0,-0.5
USAIDN,5.53,6.71,1.18
USAIND,3.4,4.375,0.975
USAJAM,6.36,6.58,0.22
USAJOR,6.0,7.2,1.2
USAKEN,4.61,6.595,1.985
USALBN,6.0,22.5,16.5
USALBR,6.0,6.0,0.0
USAMEX,4.23,4.73,0.5
USANGA,2.32,3.725,1.405
USANIC,4.5,4.5,0.0
USANPL,5.07,6.015,0.945
USAPAK,3.2,7.925,4.725
USAPAN,3.0,4.0,1.0
USAPER,4.605,4.0,-0.605
USAPHL,4.46,4.915,0.455
USASLV,3.95,4.0,0.05
USASSD,4.0,6.0,2.0
USATHA,5.175,12.68,7.505
USAUKR,3.79,6.825,3.035
USAVNM,5.87,6.0,0.13
USAYEM,3.0,4.0,1.0
USAZAF,6.86,10.08,3.22
ZAFAGO,14.46,18.14,3.68
ZAFBWA,10.76,10.29,-0.47
ZAFCHN,20.64,17.985,-2.655
ZAFIND,6.91,15.96,9.05
ZAFKEN,7.48,7.78,0.3
ZAFLSO,9.13,10.95,1.82
ZAFMOZ,6.04,5.37,-0.67
ZAFMWI,16.19,16.74,0.55
ZAFNGA,5.59,17.56,11.97
ZAFSWZ,3.28,10.95,7.67
ZAFTZA,8.385,16.645,8.26
ZAFZMB,10.61,11.33,0.72
ZAFZWE,6.905,11.64,4.735
